{
"type": "FeatureCollection",
"name": "child_access_hex",
"crs": { "type": "name", "properties": { "name": "urn:ogc:def:crs:OGC:1.3:CRS84" } },
"features": [
{ "type": "Feature", "properties": { "hex_id": 42, "n_locations": 14, "access_capacity_2023": 0.051091720995261755, "access_capacity_2026": 0.09006081535514808, "capacity_access_change": 0.038969094359886325, "quality_access_2023": 0.050451367054174322, "quality_access_2026": 0.067452897581233934, "quality_access_change": 0.017001530527059609, "mean_providers_2023": 2.0714285714285716, "mean_providers_2026": 2.3571428571428572, "pct_capacity_improved": 1.0, "pct_quality_improved": 0.5, "pct_persistent_low": 0.7142857142857143, "persistence": "Persistently lowest-access", "county": "Cherokee" }, "geometry": { "type": "Polygon", "coordinates": [ [ [ -84.297108257450148, 34.998929836805608 ], [ -84.322564265705481, 35.014474390532385 ], [ -84.318653303936301, 35.040080022243146 ], [ -84.28926834248125, 35.050139414369077 ], [ -84.263807257595374, 35.034588200461705 ], [ -84.267736208198016, 35.008984257571697 ], [ -84.297108257450148, 34.998929836805608 ] ] ] } },
{ "type": "Feature", "properties": { "hex_id": 64, "n_locations": 10, "access_capacity_2023": 0.015214897510418105, "access_capacity_2026": 0.015369089264331389, "capacity_access_change": 0.00015419175391328532, "quality_access_2023": 0.015051898325414032, "quality_access_2026": 0.013722998729351968, "quality_access_change": -0.0013288995960620636, "mean_providers_2023": 0.8, "mean_providers_2026": 0.8, "pct_capacity_improved": 1.0, "pct_quality_improved": 0.4, "pct_persistent_low": 1.0, "persistence": "Persistently lowest-access", "county": "Cherokee" }, "geometry": { "type": "Polygon", "coordinates": [ [ [ -84.252004681574419, 35.111395338562907 ], [ -84.277488855092059, 35.126947930918753 ], [ -84.273557118226918, 35.152549227574823 ], [ -84.24412316794627, 35.162596232854575 ], [ -84.218633919902274, 35.147036951805489 ], [ -84.222583694047188, 35.121437357144934 ], [ -84.252004681574419, 35.111395338562907 ] ] ] } },
{ "type": "Feature", "properties": { "hex_id": 83, "n_locations": 17, "access_capacity_2023": 0.072123709955379381, "access_capacity_2026": 0.12887916351760403, "capacity_access_change": 0.056755453562224674, "quality_access_2023": 0.07154841871418853, "quality_access_2026": 0.09980721036655156, "quality_access_change": 0.028258791652363027, "mean_providers_2023": 2.4705882352941178, "mean_providers_2026": 2.8823529411764706, "pct_capacity_improved": 1.0, "pct_quality_improved": 0.70588235294117652, "pct_persistent_low": 0.58823529411764708, "persistence": "Persistently lowest-access", "county": "Cherokee" }, "geometry": { "type": "Polygon", "coordinates": [ [ [ -84.242293108248106, 34.993427741439 ], [ -84.267736208198016, 35.008984257571697 ], [ -84.263807257595374, 35.034588200461705 ], [ -84.234417223408997, 35.044633933942244 ], [ -84.208969068143745, 35.029070756751118 ], [ -84.212915999772079, 35.003468510097939 ], [ -84.242293108248106, 34.993427741439 ] ] ] } },
{ "type": "Feature", "properties": { "hex_id": 104, "n_locations": 12, "access_capacity_2023": 0.12037396951793822, "access_capacity_2026": 0.22558946586749798, "capacity_access_change": 0.10521549634955976, "quality_access_2023": 0.11962688992000287, "quality_access_2026": 0.17567440873429296, "quality_access_change": 0.056047518814290105, "mean_providers_2023": 3.75, "mean_providers_2026": 4.5, "pct_capacity_improved": 1.0, "pct_quality_improved": 0.83333333333333337, "pct_persistent_low": 0.25, "persistence": "Not in lowest-access decile", "county": "Cherokee" }, "geometry": { "type": "Polygon", "coordinates": [ [ [ -84.208969068143745, 35.029070756751118 ], [ -84.234417223408997, 35.044633933942244 ], [ -84.230475343182093, 35.070235852650711 ], [ -84.201067310553455, 35.080272894027104 ], [ -84.175614107813232, 35.064703046000261 ], [ -84.179573982557812, 35.039102830396033 ], [ -84.208969068143745, 35.029070756751118 ] ] ] } },
{ "type": "Feature", "properties": { "hex_id": 105, "n_locations": 10, "access_capacity_2023": 0.0090566037735849043, "access_capacity_2026": 0.010794756354547399, "capacity_access_change": 0.0017381525809624973, "quality_access_2023": 0.0090566037735849043, "quality_access_2026": 0.0091486658195679797, "quality_access_change": 9.2062045983073998e-05, "mean_providers_2023": 0.4, "mean_providers_2026": 0.6, "pct_capacity_improved": 1.0, "pct_quality_improved": 0.4, "pct_persistent_low": 1.0, "persistence": "Persistently lowest-access", "county": "Cherokee" }, "geometry": { "type": "Polygon", "coordinates": [ [ [ -84.197112479353905, 35.105872793512461 ], [ -84.222583694047188, 35.121437357144934 ], [ -84.218633919902274, 35.147036951805489 ], [ -84.189194899026063, 35.157070276358205 ], [ -84.163718631220206, 35.14149902316089 ], [ -84.167686434773955, 35.115901137948065 ], [ -84.197112479353905, 35.105872793512461 ] ] ] } },
{ "type": "Feature", "properties": { "hex_id": 124, "n_locations": 24, "access_capacity_2023": 0.16780687496691368, "access_capacity_2026": 0.30951288034812519, "capacity_access_change": 0.14170600538121148, "quality_access_2023": 0.16678813006063822, "quality_access_2026": 0.24238791162365064, "quality_access_change": 0.075599781563012419, "mean_providers_2023": 4.791666666666667, "mean_providers_2026": 5.916666666666667, "pct_capacity_improved": 1.0, "pct_quality_improved": 1.0, "pct_persistent_low": 0.0, "persistence": "Not in lowest-access decile", "county": "Cherokee" }, "geometry": { "type": "Polygon", "coordinates": [ [ [ -84.187485821618452, 34.987900037777472 ], [ -84.212915999772079, 35.003468510097939 ], [ -84.208969068143745, 35.029070756751118 ], [ -84.179573982557812, 35.039102830396033 ], [ -84.154138770405169, 35.02352769615495 ], [ -84.158103675218342, 34.997927153146946 ], [ -84.187485821618452, 34.987900037777472 ] ] ] } },
{ "type": "Feature", "properties": { "hex_id": 125, "n_locations": 16, "access_capacity_2023": 0.036619714289367979, "access_capacity_2026": 0.054385624738759318, "capacity_access_change": 0.017765910449391346, "quality_access_2023": 0.036008467345602695, "quality_access_2026": 0.041151039313494932, "quality_access_change": 0.0051425719678922319, "mean_providers_2023": 1.875, "mean_providers_2026": 2.0, "pct_capacity_improved": 1.0, "pct_quality_improved": 0.25, "pct_persistent_low": 0.875, "persistence": "Persistently lowest-access", "county": "Cherokee" }, "geometry": { "type": "Polygon", "coordinates": [ [ [ -84.175614107813232, 35.064703046000261 ], [ -84.201067310553455, 35.080272894027104 ], [ -84.197112479353905, 35.105872793512461 ], [ -84.167686434773955, 35.115901137948065 ], [ -84.142228192431261, 35.100324609298163 ], [ -84.146201031641468, 35.074726419802133 ], [ -84.175614107813232, 35.064703046000261 ] ] ] } },
{ "type": "Feature", "properties": { "hex_id": 145, "n_locations": 36, "access_capacity_2023": 0.18737836411907777, "access_capacity_2026": 0.33563947819891415, "capacity_access_change": 0.14826111407983639, "quality_access_2023": 0.18622378655863225, "quality_access_2026": 0.26645260961161382, "quality_access_change": 0.080228823052981582, "mean_providers_2023": 5.1944444444444446, "mean_providers_2026": 6.6388888888888893, "pct_capacity_improved": 1.0, "pct_quality_improved": 1.0, "pct_persistent_low": 0.0, "persistence": "Not in lowest-access decile", "county": "Cherokee" }, "geometry": { "type": "Polygon", "coordinates": [ [ [ -84.154138770405169, 35.02352769615495 ], [ -84.179573982557812, 35.039102830396033 ], [ -84.175614107813232, 35.064703046000261 ], [ -84.146201031641468, 35.074726419802133 ], [ -84.120760793363274, 35.059144613870714 ], [ -84.124738654752548, 35.033546108788322 ], [ -84.154138770405169, 35.02352769615495 ] ] ] } },
{ "type": "Feature", "properties": { "hex_id": 165, "n_locations": 48, "access_capacity_2023": 0.21976961271471637, "access_capacity_2026": 0.40405450834127937, "capacity_access_change": 0.18428489562656306, "quality_access_2023": 0.21830941168238821, "quality_access_2026": 0.32367939933329526, "quality_access_change": 0.10536998765090702, "mean_providers_2023": 5.895833333333333, "mean_providers_2026": 7.9583333333333339, "pct_capacity_improved": 1.0, "pct_quality_improved": 1.0, "pct_persistent_low": 0.0, "persistence": "Not in lowest-access decile", "county": "Cherokee" }, "geometry": { "type": "Polygon", "coordinates": [ [ [ -84.1326864323199, 34.982346730863078 ], [ -84.158103675218342, 34.997927153146946 ], [ -84.154138770405169, 35.02352769615495 ], [ -84.124738654752548, 35.033546108788322 ], [ -84.099316399172409, 35.01795902373771 ], [ -84.103299269296457, 34.992360191775155 ], [ -84.1326864323199, 34.982346730863078 ] ] ] } },
{ "type": "Feature", "properties": { "hex_id": 167, "n_locations": 12, "access_capacity_2023": 0.054116677757179557, "access_capacity_2026": 0.13981260557061292, "capacity_access_change": 0.085695927813433354, "quality_access_2023": 0.054116677757179557, "quality_access_2026": 0.106857791281519, "quality_access_change": 0.052741113524339439, "mean_providers_2023": 1.4166666666666667, "mean_providers_2026": 2.0833333333333335, "pct_capacity_improved": 1.0, "pct_quality_improved": 0.58333333333333337, "pct_persistent_low": 0.41666666666666669, "persistence": "Moved out of lowest-access decile", "county": "Cherokee" }, "geometry": { "type": "Polygon", "coordinates": [ [ [ -84.108811287138323, 35.135935446730663 ], [ -84.134274561178842, 35.151518665801134 ], [ -84.130293763856102, 35.177114541684119 ], [ -84.100831654842281, 35.187125477656444 ], [ -84.075363357040928, 35.171535558357746 ], [ -84.079362189363195, 35.145941406287733 ], [ -84.108811287138323, 35.135935446730663 ] ] ] } },
{ "type": "Feature", "properties": { "hex_id": 186, "n_locations": 41, "access_capacity_2023": 0.30392147077256765, "access_capacity_2026": 0.60512875088157048, "capacity_access_change": 0.30120728010900283, "quality_access_2023": 0.30237099072008988, "quality_access_2026": 0.48372487146741161, "quality_access_change": 0.18135388074732176, "mean_providers_2023": 6.5853658536585362, "mean_providers_2026": 9.2195121951219505, "pct_capacity_improved": 1.0, "pct_quality_improved": 0.97560975609756095, "pct_persistent_low": 0.024390243902439025, "persistence": "Not in lowest-access decile", "county": "Cherokee" }, "geometry": { "type": "Polygon", "coordinates": [ [ [ -84.099316399172409, 35.01795902373771 ], [ -84.124738654752548, 35.033546108788322 ], [ -84.120760793363274, 35.059144613870714 ], [ -84.091342695014319, 35.069154318928689 ], [ -84.065915434658962, 35.053560561348867 ], [ -84.069911274786904, 35.027963774198092 ], [ -84.099316399172409, 35.01795902373771 ] ] ] } },
{ "type": "Feature", "properties": { "hex_id": 187, "n_locations": 17, "access_capacity_2023": 0.15599302469891793, "access_capacity_2026": 0.32679352048724714, "capacity_access_change": 0.17080049578832923, "quality_access_2023": 0.15536979252096117, "quality_access_2026": 0.25330085979146411, "quality_access_change": 0.097931067270502964, "mean_providers_2023": 4.117647058823529, "mean_providers_2026": 5.4117647058823533, "pct_capacity_improved": 1.0, "pct_quality_improved": 1.0, "pct_persistent_low": 0.0, "persistence": "Moved out of lowest-access decile", "county": "Cherokee" }, "geometry": { "type": "Polygon", "coordinates": [ [ [ -84.087351855698557, 35.094750791008366 ], [ -84.112797112196731, 35.110339278410116 ], [ -84.108811287138323, 35.135935446730663 ], [ -84.079362189363195, 35.145941406287733 ], [ -84.053911922582927, 35.130346227625665 ], [ -84.057915761208577, 35.104751783633738 ], [ -84.087351855698557, 35.094750791008366 ] ] ] } },
{ "type": "Feature", "properties": { "hex_id": 206, "n_locations": 35, "access_capacity_2023": 0.20570413013641903, "access_capacity_2026": 0.42726726480652499, "capacity_access_change": 0.22156313467010594, "quality_access_2023": 0.20456313584139052, "quality_access_2026": 0.3438935208517937, "quality_access_change": 0.13933038501040318, "mean_providers_2023": 6.2571428571428571, "mean_providers_2026": 8.5714285714285712, "pct_capacity_improved": 1.0, "pct_quality_improved": 1.0, "pct_persistent_low": 0.0, "persistence": "Not in lowest-access decile", "county": "Cherokee" }, "geometry": { "type": "Polygon", "coordinates": [ [ [ -84.077894975080113, 34.976767825758969 ], [ -84.103299269296457, 34.992360191775155 ], [ -84.099316399172409, 35.01795902373771 ], [ -84.069911274786904, 35.027963774198092 ], [ -84.044501989207035, 35.012364744584616 ], [ -84.048502816735066, 34.986767631059976 ], [ -84.077894975080113, 34.976767825758969 ] ] ] } },
{ "type": "Feature", "properties": { "hex_id": 207, "n_locations": 55, "access_capacity_2023": 0.68305716257526805, "access_capacity_2026": 0.98231414826284635, "capacity_access_change": 0.29925698568757825, "quality_access_2023": 0.61404873132597293, "quality_access_2026": 0.81039900831094636, "quality_access_change": 0.19635027698497348, "mean_providers_2023": 10.90909090909091, "mean_providers_2026": 13.127272727272729, "pct_capacity_improved": 1.0, "pct_quality_improved": 1.0, "pct_persistent_low": 0.0, "persistence": "Not in lowest-access decile", "county": "Cherokee" }, "geometry": { "type": "Polygon", "coordinates": [ [ [ -84.065915434658962, 35.053560561348867 ], [ -84.091342695014319, 35.069154318928689 ], [ -84.087351855698557, 35.094750791008366 ], [ -84.057915761208577, 35.104751783633738 ], [ -84.032483504016668, 35.089151343752256 ], [ -84.036492335499702, 35.063556596508036 ], [ -84.065915434658962, 35.053560561348867 ] ] ] } },
{ "type": "Feature", "properties": { "hex_id": 208, "n_locations": 16, "access_capacity_2023": 0.13634560215461541, "access_capacity_2026": 0.30458911969702601, "capacity_access_change": 0.16824351754241063, "quality_access_2023": 0.13573435521085012, "quality_access_2026": 0.23132969395948341, "quality_access_change": 0.09559533874863331, "mean_providers_2023": 3.8125, "mean_providers_2026": 5.0, "pct_capacity_improved": 1.0, "pct_quality_improved": 1.0, "pct_persistent_low": 0.0, "persistence": "Moved out of lowest-access decile", "county": "Cherokee" }, "geometry": { "type": "Polygon", "coordinates": [ [ [ -84.053911922582927, 35.130346227625665 ], [ -84.079362189363195, 35.145941406287733 ], [ -84.075363357040928, 35.171535558357746 ], [ -84.045896228246477, 35.181532803476948 ], [ -84.020440959154257, 35.165930923754388 ], [ -84.024457818506306, 35.140338502943145 ], [ -84.053911922582927, 35.130346227625665 ] ] ] } },
{ "type": "Feature", "properties": { "hex_id": 227, "n_locations": 46, "access_capacity_2023": 0.25708222206652892, "access_capacity_2026": 0.56918765646510538, "capacity_access_change": 0.31210543439857652, "quality_access_2023": 0.25578885896812703, "quality_access_2026": 0.46016650099280176, "quality_access_change": 0.20437764202467473, "mean_providers_2023": 6.8260869565217392, "mean_providers_2026": 9.7608695652173907, "pct_capacity_improved": 1.0, "pct_quality_improved": 1.0, "pct_persistent_low": 0.021739130434782608, "persistence": "Not in lowest-access decile", "county": "Cherokee" }, "geometry": { "type": "Polygon", "coordinates": [ [ [ -84.044501989207035, 35.012364744584616 ], [ -84.069911274786904, 35.027963774198092 ], [ -84.065915434658962, 35.053560561348867 ], [ -84.036492335499702, 35.063556596508036 ], [ -84.011078066495799, 35.047950893542371 ], [ -84.015091877423316, 35.022355831724887 ], [ -84.044501989207035, 35.012364744584616 ] ] ] } },
{ "type": "Feature", "properties": { "hex_id": 228, "n_locations": 56, "access_capacity_2023": 0.46928534270057276, "access_capacity_2026": 0.78247575666912328, "capacity_access_change": 0.31319041396855063, "quality_access_2023": 0.44496834107788269, "quality_access_2026": 0.62095110934750719, "quality_access_change": 0.17598276826962453, "mean_providers_2023": 8.2321428571428577, "mean_providers_2026": 11.125, "pct_capacity_improved": 1.0, "pct_quality_improved": 1.0, "pct_persistent_low": 0.0, "persistence": "Not in lowest-access decile", "county": "Cherokee" }, "geometry": { "type": "Polygon", "coordinates": [ [ [ -84.032483504016668, 35.089151343752256 ], [ -84.057915761208577, 35.104751783633738 ], [ -84.053911922582927, 35.130346227625665 ], [ -84.024457818506306, 35.140338502943145 ], [ -83.999020572448828, 35.1247313709775 ], [ -84.003042416671164, 35.099138658742604 ], [ -84.032483504016668, 35.089151343752256 ] ] ] } },
{ "type": "Feature", "properties": { "hex_id": 229, "n_locations": 11, "access_capacity_2023": 0.035076066041095026, "access_capacity_2026": 0.085830704559258314, "capacity_access_change": 0.050754638518163281, "quality_access_2023": 0.035076066041095026, "quality_access_2026": 0.065287443703719236, "quality_access_change": 0.030211377662624207, "mean_providers_2023": 0.90909090909090906, "mean_providers_2026": 1.2727272727272727, "pct_capacity_improved": 1.0, "pct_quality_improved": 0.36363636363636365, "pct_persistent_low": 0.63636363636363635, "persistence": "Persistently lowest-access", "county": "Cherokee" }, "geometry": { "type": "Polygon", "coordinates": [ [ [ -84.020440959154257, 35.165930923754388 ], [ -84.045896228246477, 35.181532803476948 ], [ -84.041884367211424, 35.207124944213362 ], [ -84.0123991939181, 35.217113469993762 ], [ -83.986938930516502, 35.201504879400424 ], [ -83.990968832044672, 35.175914476870751 ], [ -84.020440959154257, 35.165930923754388 ] ] ] } },
{ "type": "Feature", "properties": { "hex_id": 247, "n_locations": 17, "access_capacity_2023": 0.071039623042887745, "access_capacity_2026": 0.18593012298734557, "capacity_access_change": 0.11489049994445782, "quality_access_2023": 0.070560213675228717, "quality_access_2026": 0.14679704662157511, "quality_access_change": 0.076236832946346395, "mean_providers_2023": 2.5882352941176472, "mean_providers_2026": 3.8235294117647056, "pct_capacity_improved": 1.0, "pct_quality_improved": 0.6470588235294118, "pct_persistent_low": 0.58823529411764708, "persistence": "Persistently lowest-access", "county": "Cherokee" }, "geometry": { "type": "Polygon", "coordinates": [ [ [ -84.023111484595589, 34.971163327548666 ], [ -84.048502816735066, 34.986767631059976 ], [ -84.044501989207035, 35.012364744584616 ], [ -84.015091877423316, 35.022355831724887 ], [ -83.989695575239338, 35.006744863801778 ], [ -83.993714352231464, 34.981149476099404 ], [ -84.023111484595589, 34.971163327548666 ] ] ] } },
{ "type": "Feature", "properties": { "hex_id": 248, "n_locations": 74, "access_capacity_2023": 0.86277418705301556, "access_capacity_2026": 1.1649467472136195, "capacity_access_change": 0.30217256016060384, "quality_access_2023": 0.7444085801657877, "quality_access_2026": 0.98578038978100324, "quality_access_change": 0.24137180961521554, "mean_providers_2023": 14.013513513513512, "mean_providers_2026": 14.783783783783784, "pct_capacity_improved": 1.0, "pct_quality_improved": 1.0, "pct_persistent_low": 0.0, "persistence": "Not in lowest-access decile", "county": "Cherokee" }, "geometry": { "type": "Polygon", "coordinates": [ [ [ -84.011078066495799, 35.047950893542371 ], [ -84.036492335499702, 35.063556596508036 ], [ -84.032483504016668, 35.089151343752256 ], [ -84.003042416671164, 35.099138658742604 ], [ -83.977623172214933, 35.083526272659888 ], [ -83.981649987893903, 35.057933257662143 ], [ -84.011078066495799, 35.047950893542371 ] ] ] } },
{ "type": "Feature", "properties": { "hex_id": 268, "n_locations": 30, "access_capacity_2023": 0.58588353610772093, "access_capacity_2026": 0.8493925747716875, "capacity_access_change": 0.26350903866396658, "quality_access_2023": 0.50396300948051176, "quality_access_2026": 0.73555556893177587, "quality_access_change": 0.2315925594512642, "mean_providers_2023": 11.5, "mean_providers_2026": 12.833333333333334, "pct_capacity_improved": 1.0, "pct_quality_improved": 1.0, "pct_persistent_low": 0.0, "persistence": "Not in lowest-access decile", "county": "Cherokee" }, "geometry": { "type": "Polygon", "coordinates": [ [ [ -83.989695575239338, 35.006744863801778 ], [ -84.015091877423316, 35.022355831724887 ], [ -84.011078066495799, 35.047950893542371 ], [ -83.981649987893903, 35.057933257662143 ], [ -83.956248723637842, 35.042315615579703 ], [ -83.960280497392901, 35.016722286489234 ], [ -83.989695575239338, 35.006744863801778 ] ] ] } },
{ "type": "Feature", "properties": { "hex_id": 269, "n_locations": 44, "access_capacity_2023": 0.63133796021139255, "access_capacity_2026": 0.8572917559549259, "capacity_access_change": 0.22595379574353336, "quality_access_2023": 0.56024800599345681, "quality_access_2026": 0.72569709403961669, "quality_access_change": 0.1654490880461599, "mean_providers_2023": 10.954545454545455, "mean_providers_2026": 13.636363636363637, "pct_capacity_improved": 1.0, "pct_quality_improved": 1.0, "pct_persistent_low": 0.0, "persistence": "Not in lowest-access decile", "county": "Cherokee" }, "geometry": { "type": "Polygon", "coordinates": [ [ [ -83.977623172214933, 35.083526272659888 ], [ -84.003042416671164, 35.099138658742604 ], [ -83.999020572448828, 35.1247313709775 ], [ -83.969561483503824, 35.134709960913582 ], [ -83.944137271599274, 35.119090881938767 ], [ -83.948177113414644, 35.09349990888132 ], [ -83.977623172214933, 35.083526272659888 ] ] ] } },
{ "type": "Feature", "properties": { "hex_id": 288, "n_locations": 10, "access_capacity_2023": 0.090542100465936443, "access_capacity_2026": 0.22341327871204206, "capacity_access_change": 0.13287117824610561, "quality_access_2023": 0.090379101280932364, "quality_access_2026": 0.18227020450069642, "quality_access_change": 0.091891103219764042, "mean_providers_2023": 2.7, "mean_providers_2026": 4.9, "pct_capacity_improved": 1.0, "pct_quality_improved": 0.9, "pct_persistent_low": 0.5, "persistence": "Persistently lowest-access", "county": "Clay" }, "geometry": { "type": "Polygon", "coordinates": [ [ [ -83.968335995531561, 34.965533241336729 ], [ -83.993714352231464, 34.981149476099404 ], [ -83.989695575239338, 35.006744863801778 ], [ -83.960280497392901, 35.016722286489234 ], [ -83.934897191968219, 35.001099386515925 ], [ -83.938933910451695, 34.97550573201233 ], [ -83.968335995531561, 34.965533241336729 ] ] ] } },
{ "type": "Feature", "properties": { "hex_id": 289, "n_locations": 52, "access_capacity_2023": 0.88681298311002343, "access_capacity_2026": 1.1250756175871588, "capacity_access_change": 0.23826263447713525, "quality_access_2023": 0.74813545589988328, "quality_access_2026": 0.93805738717328513, "quality_access_change": 0.18992193127340187, "mean_providers_2023": 15.807692307692308, "mean_providers_2026": 16.153846153846153, "pct_capacity_improved": 1.0, "pct_quality_improved": 1.0, "pct_persistent_low": 0.0, "persistence": "Not in lowest-access decile", "county": "Cherokee" }, "geometry": { "type": "Polygon", "coordinates": [ [ [ -83.956248723637842, 35.042315615579703 ], [ -83.981649987893903, 35.057933257662143 ], [ -83.977623172214933, 35.083526272659888 ], [ -83.948177113414644, 35.09349990888132 ], [ -83.922770895091162, 35.077875582882221 ], [ -83.926815686961774, 35.052284307533917 ], [ -83.956248723637842, 35.042315615579703 ] ] ] } },
{ "type": "Feature", "properties": { "hex_id": 290, "n_locations": 45, "access_capacity_2023": 0.59095015751226854, "access_capacity_2026": 0.75133557803722528, "capacity_access_change": 0.16038542052495669, "quality_access_2023": 0.53417446751450892, "quality_access_2026": 0.60681716390503859, "quality_access_change": 0.072642696390529657, "mean_providers_2023": 9.4222222222222225, "mean_providers_2026": 11.888888888888889, "pct_capacity_improved": 1.0, "pct_quality_improved": 0.77777777777777779, "pct_persistent_low": 0.0, "persistence": "Not in lowest-access decile", "county": "Cherokee" }, "geometry": { "type": "Polygon", "coordinates": [ [ [ -83.944137271599274, 35.119090881938767 ], [ -83.969561483503824, 35.134709960913582 ], [ -83.965526605124907, 35.160300643028343 ], [ -83.936049501166451, 35.170270503006655 ], [ -83.910620329849991, 35.154644721354728 ], [ -83.914673219219679, 35.129055785366191 ], [ -83.944137271599274, 35.119090881938767 ] ] ] } },
{ "type": "Feature", "properties": { "hex_id": 309, "n_locations": 29, "access_capacity_2023": 0.70461718760677094, "access_capacity_2026": 0.88593653240609438, "capacity_access_change": 0.18131934479932341, "quality_access_2023": 0.57957724418195689, "quality_access_2026": 0.75053077741650931, "quality_access_change": 0.1709535332345524, "mean_providers_2023": 13.551724137931034, "mean_providers_2026": 13.586206896551724, "pct_capacity_improved": 1.0, "pct_quality_improved": 1.0, "pct_persistent_low": 0.0, "persistence": "Not in lowest-access decile", "county": "Clay" }, "geometry": { "type": "Polygon", "coordinates": [ [ [ -83.934897191968219, 35.001099386515925 ], [ -83.960280497392901, 35.016722286489234 ], [ -83.956248723637842, 35.042315615579703 ], [ -83.926815686961774, 35.052284307533917 ], [ -83.901427440817614, 35.036654732610103 ], [ -83.905477169395198, 35.011063143632278 ], [ -83.934897191968219, 35.001099386515925 ] ] ] } },
{ "type": "Feature", "properties": { "hex_id": 310, "n_locations": 42, "access_capacity_2023": 0.745808903845538, "access_capacity_2026": 0.84329420678977873, "capacity_access_change": 0.097485302944240751, "quality_access_2023": 0.62985063610014891, "quality_access_2026": 0.72494445761037851, "quality_access_change": 0.095093821510229659, "mean_providers_2023": 12.642857142857142, "mean_providers_2026": 13.357142857142858, "pct_capacity_improved": 1.0, "pct_quality_improved": 1.0, "pct_persistent_low": 0.11904761904761904, "persistence": "Not in lowest-access decile", "county": "Cherokee" }, "geometry": { "type": "Polygon", "coordinates": [ [ [ -83.922770895091162, 35.077875582882221 ], [ -83.948177113414644, 35.09349990888132 ], [ -83.944137271599274, 35.119090881938767 ], [ -83.914673219219679, 35.129055785366191 ], [ -83.889262054865824, 35.113424765682971 ], [ -83.893319886237521, 35.08783553921522 ], [ -83.922770895091162, 35.077875582882221 ] ] ] } },
{ "type": "Feature", "properties": { "hex_id": 311, "n_locations": 54, "access_capacity_2023": 0.61094340319783191, "access_capacity_2026": 0.66771998732926996, "capacity_access_change": 0.056776584131438004, "quality_access_2023": 0.54425659586001152, "quality_access_2026": 0.52975555974762301, "quality_access_change": -0.014501036112388536, "mean_providers_2023": 7.9444444444444446, "mean_providers_2026": 10.222222222222221, "pct_capacity_improved": 1.0, "pct_quality_improved": 0.5, "pct_persistent_low": 0.0, "persistence": "Not in lowest-access decile", "county": "Cherokee" }, "geometry": { "type": "Polygon", "coordinates": [ [ [ -83.910620329849991, 35.154644721354728 ], [ -83.936049501166451, 35.170270503006655 ], [ -83.932001567180578, 35.195859159882517 ], [ -83.902506434794077, 35.205820284981428 ], [ -83.877072312134601, 35.190187790857344 ], [ -83.881138270509595, 35.164600887074258 ], [ -83.910620329849991, 35.154644721354728 ] ] ] } },
{ "type": "Feature", "properties": { "hex_id": 313, "n_locations": 17, "access_capacity_2023": 0.36820381489674897, "access_capacity_2026": 0.35352893347885522, "capacity_access_change": -0.014674881417893741, "quality_access_2023": 0.32640698172516175, "quality_access_2026": 0.33705035563005864, "quality_access_change": 0.010643373904896922, "mean_providers_2023": 6.5294117647058822, "mean_providers_2026": 5.3529411764705879, "pct_capacity_improved": 0.0, "pct_quality_improved": 0.76470588235294112, "pct_persistent_low": 0.058823529411764705, "persistence": "Not in lowest-access decile", "county": "Graham" }, "geometry": { "type": "Polygon", "coordinates": [ [ [ -83.886246103879785, 35.308162303111224 ], [ -83.91172130186861, 35.323791085279957 ], [ -83.907657110828211, 35.349375229694033 ], [ -83.878099624729302, 35.359328828747323 ], [ -83.852619464767258, 35.343693296365103 ], [ -83.856701750160823, 35.318110918129136 ], [ -83.886246103879785, 35.308162303111224 ] ] ] } },
{ "type": "Feature", "properties": { "hex_id": 329, "n_locations": 16, "access_capacity_2023": 0.67211585495432657, "access_capacity_2026": 0.79732775459100846, "capacity_access_change": 0.12521189963668181, "quality_access_2023": 0.53367600432964113, "quality_access_2026": 0.68542198543550359, "quality_access_change": 0.15174598110586252, "mean_providers_2023": 11.25, "mean_providers_2026": 11.0625, "pct_capacity_improved": 1.0, "pct_quality_improved": 1.0, "pct_persistent_low": 0.0, "persistence": "Not in lowest-access decile", "county": null }, "geometry": { "type": "Polygon", "coordinates": [ [ [ -83.913568542521901, 34.959877572248317 ], [ -83.938933910451695, 34.97550573201233 ], [ -83.934897191968219, 35.001099386515925 ], [ -83.905477169395198, 35.011063143632278 ], [ -83.880106874061013, 34.995428317874691 ], [ -83.88416152603024, 34.969836403938139 ], [ -83.913568542521901, 34.959877572248317 ] ] ] } },
{ "type": "Feature", "properties": { "hex_id": 330, "n_locations": 30, "access_capacity_2023": 0.82810770020474955, "access_capacity_2026": 0.97544375779052606, "capacity_access_change": 0.14733605758577656, "quality_access_2023": 0.68388298991787744, "quality_access_2026": 0.84615209616113096, "quality_access_change": 0.1622691062432535, "mean_providers_2023": 13.9, "mean_providers_2026": 13.9, "pct_capacity_improved": 1.0, "pct_quality_improved": 1.0, "pct_persistent_low": 0.0, "persistence": "Not in lowest-access decile", "county": "Clay" }, "geometry": { "type": "Polygon", "coordinates": [ [ [ -83.901427440817614, 35.036654732610103 ], [ -83.926815686961774, 35.052284307533917 ], [ -83.922770895091162, 35.077875582882221 ], [ -83.893319886237521, 35.08783553921522 ], [ -83.867926707411513, 35.072199279590983 ], [ -83.871989467436421, 35.046609751287043 ], [ -83.901427440817614, 35.036654732610103 ] ] ] } },
{ "type": "Feature", "properties": { "hex_id": 333, "n_locations": 30, "access_capacity_2023": 0.37644007979673244, "access_capacity_2026": 0.38127380065621841, "capacity_access_change": 0.0048337208594859821, "quality_access_2023": 0.33556671826240353, "quality_access_2026": 0.36429587196351892, "quality_access_change": 0.028729153701115416, "mean_providers_2023": 5.9, "mean_providers_2026": 4.9333333333333336, "pct_capacity_improved": 1.0, "pct_quality_improved": 0.8, "pct_persistent_low": 0.13333333333333333, "persistence": "Not in lowest-access decile", "county": "Graham" }, "geometry": { "type": "Polygon", "coordinates": [ [ [ -83.864858139804539, 35.266943927781575 ], [ -83.890315260966347, 35.282577926110804 ], [ -83.886246103879785, 35.308162303111224 ], [ -83.856701750160823, 35.318110918129136 ], [ -83.831239680475321, 35.302470178651667 ], [ -83.8353269103158, 35.276887568284607 ], [ -83.864858139804539, 35.266943927781575 ] ] ] } },
{ "type": "Feature", "properties": { "hex_id": 334, "n_locations": 17, "access_capacity_2023": 0.49344502718732619, "access_capacity_2026": 0.49998800546898486, "capacity_access_change": 0.00654297828165867, "quality_access_2023": 0.43766909531644771, "quality_access_2026": 0.47302305989822685, "quality_access_change": 0.035353964581779099, "mean_providers_2023": 6.6470588235294121, "mean_providers_2026": 5.6470588235294121, "pct_capacity_improved": 1.0, "pct_quality_improved": 0.82352941176470584, "pct_persistent_low": 0.058823529411764705, "persistence": "Not in lowest-access decile", "county": "Graham" }, "geometry": { "type": "Polygon", "coordinates": [ [ [ -83.852619464767258, 35.343693296365103 ], [ -83.878099624729302, 35.359328828747323 ], [ -83.874022297232372, 35.384910986294337 ], [ -83.844446699226324, 35.39485584123225 ], [ -83.818961585457004, 35.379213548775347 ], [ -83.823057020773561, 35.353633164444346 ], [ -83.852619464767258, 35.343693296365103 ] ] ] } },
{ "type": "Feature", "properties": { "hex_id": 350, "n_locations": 39, "access_capacity_2023": 0.98324430617101077, "access_capacity_2026": 1.0317450267138804, "capacity_access_change": 0.048500720542869649, "quality_access_2023": 0.77083776762654621, "quality_access_2026": 0.91239062734962373, "quality_access_change": 0.14155285972307752, "mean_providers_2023": 11.948717948717949, "mean_providers_2026": 11.589743589743589, "pct_capacity_improved": 1.0, "pct_quality_improved": 1.0, "pct_persistent_low": 0.0, "persistence": "Not in lowest-access decile", "county": "Clay" }, "geometry": { "type": "Polygon", "coordinates": [ [ [ -83.880106874061013, 34.995428317874691 ], [ -83.905477169395198, 35.011063143632278 ], [ -83.901427440817614, 35.036654732610103 ], [ -83.871989467436421, 35.046609751287043 ], [ -83.846614252735961, 35.0309682498035 ], [ -83.850681928098211, 35.005378408315877 ], [ -83.880106874061013, 34.995428317874691 ] ] ] } },
{ "type": "Feature", "properties": { "hex_id": 352, "n_locations": 46, "access_capacity_2023": 0.53823309090336102, "access_capacity_2026": 0.50368024116168109, "capacity_access_change": -0.034552849741679999, "quality_access_2023": 0.46425262566817443, "quality_access_2026": 0.38720228841517118, "quality_access_change": -0.077050337253003226, "mean_providers_2023": 4.7826086956521738, "mean_providers_2026": 6.2826086956521738, "pct_capacity_improved": 0.0, "pct_quality_improved": 0.021739130434782608, "pct_persistent_low": 0.0, "persistence": "Not in lowest-access decile", "county": "Cherokee" }, "geometry": { "type": "Polygon", "coordinates": [ [ [ -83.855722168194788, 35.148963163929608 ], [ -83.881138270509595, 35.164600887074258 ], [ -83.877072312134601, 35.190187790857344 ], [ -83.847572232451299, 35.200135213937251 ], [ -83.822151200277546, 35.184490777543729 ], [ -83.826235174939939, 35.15890563428421 ], [ -83.855722168194788, 35.148963163929608 ] ] ] } },
{ "type": "Feature", "properties": { "hex_id": 354, "n_locations": 92, "access_capacity_2023": 0.79299266016799064, "access_capacity_2026": 0.81560825137712123, "capacity_access_change": 0.022615591209130499, "quality_access_2023": 0.70091894585285963, "quality_access_2026": 0.76771941990151771, "quality_access_change": 0.066800474048658104, "mean_providers_2023": 7.0, "mean_providers_2026": 6.0, "pct_capacity_improved": 1.0, "pct_quality_improved": 1.0, "pct_persistent_low": 0.0, "persistence": "Not in lowest-access decile", "county": "Graham" }, "geometry": { "type": "Polygon", "coordinates": [ [ [ -83.831239680475321, 35.302470178651667 ], [ -83.856701750160823, 35.318110918129136 ], [ -83.852619464767258, 35.343693296365103 ], [ -83.823057020773561, 35.353633164444346 ], [ -83.797590010730787, 35.337985673975524 ], [ -83.801690382311364, 35.312405069402061 ], [ -83.831239680475321, 35.302470178651667 ] ] ] } },
{ "type": "Feature", "properties": { "hex_id": 371, "n_locations": 62, "access_capacity_2023": 0.988753332838888, "access_capacity_2026": 0.90564863378324145, "capacity_access_change": -0.083104699055646533, "quality_access_2023": 0.75562600509341404, "quality_access_2026": 0.80262604125876569, "quality_access_change": 0.04700003616535163, "mean_providers_2023": 9.870967741935484, "mean_providers_2026": 8.1612903225806441, "pct_capacity_improved": 0.0, "pct_quality_improved": 0.83870967741935487, "pct_persistent_low": 0.0, "persistence": "Not in lowest-access decile", "county": "Clay" }, "geometry": { "type": "Polygon", "coordinates": [ [ [ -83.846614252735961, 35.0309682498035 ], [ -83.871989467436421, 35.046609751287043 ], [ -83.867926707411513, 35.072199279590983 ], [ -83.838470769906507, 35.082145554930413 ], [ -83.813090643910272, 35.06649736797867 ], [ -83.817171364019259, 35.04090959410582 ], [ -83.846614252735961, 35.0309682498035 ] ] ] } },
{ "type": "Feature", "properties": { "hex_id": 373, "n_locations": 149, "access_capacity_2023": 0.59773224549731052, "access_capacity_2026": 0.61143671273350986, "capacity_access_change": 0.013704467236199294, "quality_access_2023": 0.52273371670040292, "quality_access_2026": 0.47059660265232417, "quality_access_change": -0.052137114048078775, "mean_providers_2023": 6.6442953020134228, "mean_providers_2026": 8.5436241610738257, "pct_capacity_improved": 1.0, "pct_quality_improved": 0.0, "pct_persistent_low": 0.0, "persistence": "Not in lowest-access decile", "county": "Cherokee" }, "geometry": { "type": "Polygon", "coordinates": [ [ [ -83.822151200277546, 35.184490777543729 ], [ -83.847572232451299, 35.200135213937251 ], [ -83.843493183586958, 35.225720090370245 ], [ -83.813975070178202, 35.235658765860549 ], [ -83.788549116280024, 35.220007606420779 ], [ -83.792646194798039, 35.194424497505054 ], [ -83.822151200277546, 35.184490777543729 ] ] ] } },
{ "type": "Feature", "properties": { "hex_id": 374, "n_locations": 39, "access_capacity_2023": 0.73875008480572601, "access_capacity_2026": 0.7597624453004812, "capacity_access_change": 0.021012360494755161, "quality_access_2023": 0.6542653802280729, "quality_access_2026": 0.71666462631132088, "quality_access_change": 0.062399246083248053, "mean_providers_2023": 6.8205128205128203, "mean_providers_2026": 5.8461538461538458, "pct_capacity_improved": 1.0, "pct_quality_improved": 0.97435897435897434, "pct_persistent_low": 0.02564102564102564, "persistence": "Not in lowest-access decile", "county": "Graham" }, "geometry": { "type": "Polygon", "coordinates": [ [ [ -83.809882909307305, 35.261241619790816 ], [ -83.8353269103158, 35.276887568284607 ], [ -83.831239680475321, 35.302470178651667 ], [ -83.801690382311364, 35.312405069402061 ], [ -83.776241454362307, 35.296752378990519 ], [ -83.780346748790038, 35.271171542723565 ], [ -83.809882909307305, 35.261241619790816 ] ] ] } },
{ "type": "Feature", "properties": { "hex_id": 375, "n_locations": 18, "access_capacity_2023": 0.4763650521241764, "access_capacity_2026": 0.48650888181665669, "capacity_access_change": 0.010143829692480278, "quality_access_2023": 0.42104728671403618, "quality_access_2026": 0.45962716138654913, "quality_access_change": 0.038579874672512962, "mean_providers_2023": 6.6111111111111107, "mean_providers_2026": 5.666666666666667, "pct_capacity_improved": 1.0, "pct_quality_improved": 0.88888888888888884, "pct_persistent_low": 0.055555555555555552, "persistence": "Not in lowest-access decile", "county": "Graham" }, "geometry": { "type": "Polygon", "coordinates": [ [ [ -83.797590010730787, 35.337985673975524 ], [ -83.823057020773561, 35.353633164444346 ], [ -83.818961585457004, 35.379213548775347 ], [ -83.789381037738579, 35.38914466491412 ], [ -83.763909095537869, 35.373490413600479 ], [ -83.768022630474945, 35.34791180997928 ], [ -83.797590010730787, 35.337985673975524 ] ] ] } },
{ "type": "Feature", "properties": { "hex_id": 391, "n_locations": 59, "access_capacity_2023": 1.0438201014110691, "access_capacity_2026": 0.99201380564223041, "capacity_access_change": -0.051806295768838682, "quality_access_2023": 0.79803367911723844, "quality_access_2026": 0.87113918388809641, "quality_access_change": 0.073105504770858074, "mean_providers_2023": 10.152542372881356, "mean_providers_2026": 9.0, "pct_capacity_improved": 0.0, "pct_quality_improved": 1.0, "pct_persistent_low": 0.0, "persistence": "Not in lowest-access decile", "county": "Clay" }, "geometry": { "type": "Polygon", "coordinates": [ [ [ -83.825324656153455, 34.989731663046165 ], [ -83.850681928098211, 35.005378408315877 ], [ -83.846614252735961, 35.0309682498035 ], [ -83.817171364019259, 35.04090959410582 ], [ -83.791809194061941, 35.025256172350559 ], [ -83.795894808138172, 34.999668085722647 ], [ -83.825324656153455, 34.989731663046165 ] ] ] } },
{ "type": "Feature", "properties": { "hex_id": 392, "n_locations": 14, "access_capacity_2023": 0.86374330547252332, "access_capacity_2026": 0.72045297490620785, "capacity_access_change": -0.14329033056631543, "quality_access_2023": 0.64266333366561956, "quality_access_2026": 0.66941517898323455, "quality_access_change": 0.026751845317614958, "mean_providers_2023": 7.9285714285714288, "mean_providers_2026": 5.3571428571428568, "pct_capacity_improved": 0.0, "pct_quality_improved": 1.0, "pct_persistent_low": 0.0, "persistence": "Not in lowest-access decile", "county": "Clay" }, "geometry": { "type": "Polygon", "coordinates": [ [ [ -83.813090643910272, 35.06649736797867 ], [ -83.838470769906507, 35.082145554930413 ], [ -83.83439495704819, 35.107733027404393 ], [ -83.804921042103302, 35.117670554490111 ], [ -83.779536012914164, 35.102015672318082 ], [ -83.783629799156444, 35.076429961233799 ], [ -83.813090643910272, 35.06649736797867 ] ] ] } },
{ "type": "Feature", "properties": { "hex_id": 393, "n_locations": 35, "access_capacity_2023": 0.44378541188879939, "access_capacity_2026": 0.35642911521640641, "capacity_access_change": -0.087356296672392988, "quality_access_2023": 0.37188263957633338, "quality_access_2026": 0.26235790902644041, "quality_access_change": -0.10952473054989298, "mean_providers_2023": 3.6857142857142859, "mean_providers_2026": 4.5142857142857142, "pct_capacity_improved": 0.0, "pct_quality_improved": 0.0, "pct_persistent_low": 0.0, "persistence": "Not in lowest-access decile", "county": "Cherokee" }, "geometry": { "type": "Polygon", "coordinates": [ [ [ -83.800832154992591, 35.143255975969979 ], [ -83.826235174939939, 35.15890563428421 ], [ -83.822151200277546, 35.184490777543729 ], [ -83.792646194798039, 35.194424497505054 ], [ -83.767238266476241, 35.17876812518125 ], [ -83.771340249291285, 35.15318474986784 ], [ -83.800832154992591, 35.143255975969979 ] ] ] } },
{ "type": "Feature", "properties": { "hex_id": 395, "n_locations": 64, "access_capacity_2023": 0.79092784822384277, "access_capacity_2026": 0.81334997639914086, "capacity_access_change": 0.022422128175298046, "quality_access_2023": 0.69770792088226474, "quality_access_2026": 0.76321203072851262, "quality_access_change": 0.065504109846247896, "mean_providers_2023": 6.890625, "mean_providers_2026": 5.90625, "pct_capacity_improved": 1.0, "pct_quality_improved": 0.984375, "pct_persistent_low": 0.015625, "persistence": "Not in lowest-access decile", "county": "Graham" }, "geometry": { "type": "Polygon", "coordinates": [ [ [ -83.776241454362307, 35.296752378990519 ], [ -83.801690382311364, 35.312405069402061 ], [ -83.797590010730787, 35.337985673975524 ], [ -83.768022630474945, 35.34791180997928 ], [ -83.742568783784989, 35.332252367814498 ], [ -83.746687233353057, 35.306673544379585 ], [ -83.776241454362307, 35.296752378990519 ] ] ] } },
{ "type": "Feature", "properties": { "hex_id": 412, "n_locations": 46, "access_capacity_2023": 0.97749589126127057, "access_capacity_2026": 0.86151174621273652, "capacity_access_change": -0.11598414504853403, "quality_access_2023": 0.73596899233492219, "quality_access_2026": 0.76797802641615098, "quality_access_change": 0.032009034081228835, "mean_providers_2023": 8.5869565217391308, "mean_providers_2026": 6.3913043478260869, "pct_capacity_improved": 0.0, "pct_quality_improved": 0.82608695652173914, "pct_persistent_low": 0.0, "persistence": "Not in lowest-access decile", "county": "Clay" }, "geometry": { "type": "Polygon", "coordinates": [ [ [ -83.791809194061941, 35.025256172350559 ], [ -83.817171364019259, 35.04090959410582 ], [ -83.813090643910272, 35.06649736797867 ], [ -83.783629799156444, 35.076429961233799 ], [ -83.758262739289862, 35.060769853258442 ], [ -83.762361411379871, 35.035183841195327 ], [ -83.791809194061941, 35.025256172350559 ] ] ] } },
{ "type": "Feature", "properties": { "hex_id": 414, "n_locations": 14, "access_capacity_2023": 0.67949239754157098, "access_capacity_2026": 0.56969287644182443, "capacity_access_change": -0.10979952109974649, "quality_access_2023": 0.57521574598912095, "quality_access_2026": 0.45767245370807991, "quality_access_change": -0.1175432922810411, "mean_providers_2023": 7.2142857142857144, "mean_providers_2026": 7.6428571428571432, "pct_capacity_improved": 0.0, "pct_quality_improved": 0.0, "pct_persistent_low": 0.0, "persistence": "Not in lowest-access decile", "county": "Cherokee" }, "geometry": { "type": "Polygon", "coordinates": [ [ [ -83.767238266476241, 35.17876812518125 ], [ -83.792646194798039, 35.194424497505054 ], [ -83.788549116280024, 35.220007606420779 ], [ -83.759026085225969, 35.22993257102879 ], [ -83.733613256697353, 35.21426947490567 ], [ -83.737728356701609, 35.188688140939121 ], [ -83.767238266476241, 35.17876812518125 ] ] ] } },
{ "type": "Feature", "properties": { "hex_id": 415, "n_locations": 36, "access_capacity_2023": 0.82200247841206964, "access_capacity_2026": 0.79789540773226786, "capacity_access_change": -0.024107070679801786, "quality_access_2023": 0.71559639404388253, "quality_access_2026": 0.73443500258865513, "quality_access_change": 0.018838608544772619, "mean_providers_2023": 7.583333333333333, "mean_providers_2026": 6.2777777777777777, "pct_capacity_improved": 0.0, "pct_quality_improved": 0.5, "pct_persistent_low": 0.0, "persistence": "Not in lowest-access decile", "county": "Graham" }, "geometry": { "type": "Polygon", "coordinates": [ [ [ -83.754915881334725, 35.255513650430082 ], [ -83.780346748790038, 35.271171542723565 ], [ -83.776241454362307, 35.296752378990519 ], [ -83.746687233353057, 35.306673544379585 ], [ -83.721251460540685, 35.291008909414749 ], [ -83.725374811355792, 35.265429854706561 ], [ -83.754915881334725, 35.255513650430082 ] ] ] } },
{ "type": "Feature", "properties": { "hex_id": 416, "n_locations": 20, "access_capacity_2023": 0.6704514713684997, "access_capacity_2026": 0.68178009050044996, "capacity_access_change": 0.011328619131950195, "quality_access_2023": 0.59226751464016292, "quality_access_2026": 0.64867312954968592, "quality_access_change": 0.056405614909523033, "mean_providers_2023": 6.7, "mean_providers_2026": 5.9, "pct_capacity_improved": 1.0, "pct_quality_improved": 0.8, "pct_persistent_low": 0.0, "persistence": "Not in lowest-access decile", "county": "Graham" }, "geometry": { "type": "Polygon", "coordinates": [ [ [ -83.742568783784989, 35.332252367814498 ], [ -83.768022630474945, 35.34791180997928 ], [ -83.763909095537869, 35.373490413600479 ], [ -83.734323619773065, 35.383407789845322 ], [ -83.708864862574842, 35.36774158608177 ], [ -83.712996488899989, 35.342164770655643 ], [ -83.742568783784989, 35.332252367814498 ] ] ] } },
{ "type": "Feature", "properties": { "hex_id": 432, "n_locations": 21, "access_capacity_2023": 0.78182926253528251, "access_capacity_2026": 0.67070678968618025, "capacity_access_change": -0.11112247284910223, "quality_access_2023": 0.59281852933001999, "quality_access_2026": 0.58122110656792936, "quality_access_change": -0.011597422762090711, "mean_providers_2023": 8.0476190476190474, "mean_providers_2026": 5.0952380952380949, "pct_capacity_improved": 0.0, "pct_quality_improved": 0.23809523809523808, "pct_persistent_low": 0.0, "persistence": "Not in lowest-access decile", "county": "Clay" }, "geometry": { "type": "Polygon", "coordinates": [ [ [ -83.770550572849444, 34.984009427219178 ], [ -83.795894808138172, 34.999668085722647 ], [ -83.791809194061941, 35.025256172350559 ], [ -83.762361411379871, 35.035183841195327 ], [ -83.737012299432706, 35.019518505462578 ], [ -83.741115844119449, 34.99393218105569 ], [ -83.770550572849444, 34.984009427219178 ] ] ] } },
{ "type": "Feature", "properties": { "hex_id": 435, "n_locations": 10, "access_capacity_2023": 0.63141565375751463, "access_capacity_2026": 0.5306043757353387, "capacity_access_change": -0.1008112780221759, "quality_access_2023": 0.52670504787482231, "quality_access_2026": 0.41945540828817218, "quality_access_change": -0.10724963958665015, "mean_providers_2023": 7.8, "mean_providers_2026": 7.1, "pct_capacity_improved": 0.0, "pct_quality_improved": 0.0, "pct_persistent_low": 0.0, "persistence": "Not in lowest-access decile", "county": "Cherokee" }, "geometry": { "type": "Polygon", "coordinates": [ [ [ -83.733613256697353, 35.21426947490567 ], [ -83.759026085225969, 35.22993257102879 ], [ -83.754915881334725, 35.255513650430082 ], [ -83.725374811355792, 35.265429854706561 ], [ -83.699957090820718, 35.24976002498444 ], [ -83.704085329532106, 35.224180727553204 ], [ -83.733613256697353, 35.21426947490567 ] ] ] } },
{ "type": "Feature", "properties": { "hex_id": 437, "n_locations": 11, "access_capacity_2023": 0.38206088998006232, "access_capacity_2026": 0.41632903993658954, "capacity_access_change": 0.034268149956527189, "quality_access_2023": 0.33547673775339026, "quality_access_2026": 0.40012283527537634, "quality_access_change": 0.064646097521986107, "mean_providers_2023": 6.8181818181818183, "mean_providers_2026": 6.1818181818181817, "pct_capacity_improved": 1.0, "pct_quality_improved": 1.0, "pct_persistent_low": 0.0, "persistence": "Not in lowest-access decile", "county": "Graham" }, "geometry": { "type": "Polygon", "coordinates": [ [ [ -83.708864862574842, 35.36774158608177 ], [ -83.734323619773065, 35.383407789845322 ], [ -83.730196899829807, 35.408984397347623 ], [ -83.700593315138661, 35.418893008803352 ], [ -83.675129655697816, 35.403220033585249 ], [ -83.67927448043001, 35.377645221352729 ], [ -83.708864862574842, 35.36774158608177 ] ] ] } },
{ "type": "Feature", "properties": { "hex_id": 453, "n_locations": 41, "access_capacity_2023": 0.89761598406259446, "access_capacity_2026": 0.76569755936360795, "capacity_access_change": -0.13191842469898646, "quality_access_2023": 0.68556517795592231, "quality_access_2026": 0.67196707548087609, "quality_access_change": -0.013598102475046194, "mean_providers_2023": 8.1219512195121943, "mean_providers_2026": 5.1951219512195124, "pct_capacity_improved": 0.0, "pct_quality_improved": 0.36585365853658536, "pct_persistent_low": 0.0, "persistence": "Not in lowest-access decile", "county": "Clay" }, "geometry": { "type": "Polygon", "coordinates": [ [ [ -83.737012299432706, 35.019518505462578 ], [ -83.762361411379871, 35.035183841195327 ], [ -83.758262739289862, 35.060769853258442 ], [ -83.728797008690137, 35.070688763353111 ], [ -83.703443028220605, 35.055016740664207 ], [ -83.707559644155737, 35.029432497781286 ], [ -83.737012299432706, 35.019518505462578 ] ] ] } },
{ "type": "Feature", "properties": { "hex_id": 457, "n_locations": 10, "access_capacity_2023": 0.19945051339626912, "access_capacity_2026": 0.24125187850129431, "capacity_access_change": 0.041801365105025169, "quality_access_2023": 0.17446825400194788, "quality_access_2026": 0.23870518919738937, "quality_access_change": 0.064236935195441519, "mean_providers_2023": 3.8, "mean_providers_2026": 3.9, "pct_capacity_improved": 1.0, "pct_quality_improved": 0.8, "pct_persistent_low": 0.4, "persistence": "Not in lowest-access decile", "county": "Graham" }, "geometry": { "type": "Polygon", "coordinates": [ [ [ -83.687555818963446, 35.326493383191931 ], [ -83.712996488899989, 35.342164770655643 ], [ -83.708864862574842, 35.36774158608177 ], [ -83.67927448043001, 35.377645221352729 ], [ -83.653828921635167, 35.361967071552286 ], [ -83.657978631082642, 35.336392051798356 ], [ -83.687555818963446, 35.326493383191931 ] ] ] } },
{ "type": "Feature", "properties": { "hex_id": 473, "n_locations": 18, "access_capacity_2023": 0.73601555589316425, "access_capacity_2026": 0.63533065436460068, "capacity_access_change": -0.10068490152856362, "quality_access_2023": 0.56482118326828756, "quality_access_2026": 0.54660335712999664, "quality_access_change": -0.018217826138291017, "mean_providers_2023": 8.0, "mean_providers_2026": 5.0, "pct_capacity_improved": 0.0, "pct_quality_improved": 0.3888888888888889, "pct_persistent_low": 0.0, "persistence": "Not in lowest-access decile", "county": "Clay" }, "geometry": { "type": "Polygon", "coordinates": [ [ [ -83.715784658721063, 34.978261615603088 ], [ -83.741115844119449, 34.99393218105569 ], [ -83.737012299432706, 35.019518505462578 ], [ -83.707559644155737, 35.029432497781286 ], [ -83.682223603453366, 35.013755254371532 ], [ -83.686345070614436, 34.988170699538777 ], [ -83.715784658721063, 34.978261615603088 ] ] ] } },
{ "type": "Feature", "properties": { "hex_id": 474, "n_locations": 16, "access_capacity_2023": 0.45651614235058685, "access_capacity_2026": 0.3785267979672412, "capacity_access_change": -0.077989344383345649, "quality_access_2023": 0.33728282030666407, "quality_access_2026": 0.32504438810435121, "quality_access_change": -0.012238432202312868, "mean_providers_2023": 7.4375, "mean_providers_2026": 4.5625, "pct_capacity_improved": 0.0, "pct_quality_improved": 0.0, "pct_persistent_low": 0.0625, "persistence": "Not in lowest-access decile", "county": "Clay" }, "geometry": { "type": "Polygon", "coordinates": [ [ [ -83.703443028220605, 35.055016740664207 ], [ -83.728797008690137, 35.070688763353111 ], [ -83.72468525719944, 35.096272705659828 ], [ -83.695201565430935, 35.106182852068052 ], [ -83.669842724607548, 35.090504132686199 ], [ -83.673972433178264, 35.064921966536623 ], [ -83.703443028220605, 35.055016740664207 ] ] ] } },
{ "type": "Feature", "properties": { "hex_id": 494, "n_locations": 15, "access_capacity_2023": 0.6826208007826855, "access_capacity_2026": 0.57503127382952024, "capacity_access_change": -0.10758952695316523, "quality_access_2023": 0.5424919177421107, "quality_access_2026": 0.48725832342608971, "quality_access_change": -0.055233594316020942, "mean_providers_2023": 8.0, "mean_providers_2026": 5.0, "pct_capacity_improved": 0.0, "pct_quality_improved": 0.0, "pct_persistent_low": 0.0, "persistence": "Not in lowest-access decile", "county": "Clay" }, "geometry": { "type": "Polygon", "coordinates": [ [ [ -83.682223603453366, 35.013755254371532 ], [ -83.707559644155737, 35.029432497781286 ], [ -83.703443028220605, 35.055016740664207 ], [ -83.673972433178264, 35.064921966536623 ], [ -83.648631545340677, 35.04923803545045 ], [ -83.652766096952291, 35.023655569109991 ], [ -83.682223603453366, 35.013755254371532 ] ] ] } },
{ "type": "Feature", "properties": { "hex_id": 535, "n_locations": 10, "access_capacity_2023": 0.550647258030321, "access_capacity_2026": 0.44164482288658274, "capacity_access_change": -0.10900243514373825, "quality_access_2023": 0.42109869540018141, "quality_access_2026": 0.3695475481588279, "quality_access_change": -0.051551147241353526, "mean_providers_2023": 8.0, "mean_providers_2026": 5.0, "pct_capacity_improved": 0.0, "pct_quality_improved": 0.0, "pct_persistent_low": 0.0, "persistence": "Not in lowest-access decile", "county": "Clay" }, "geometry": { "type": "Polygon", "coordinates": [ [ [ -83.627443140696883, 35.007966424329858 ], [ -83.652766096952291, 35.023655569109991 ], [ -83.648631545340677, 35.04923803545045 ], [ -83.619156107259258, 35.059129576053252 ], [ -83.593828325255956, 35.043433742892354 ], [ -83.597980804342711, 35.01785306044831 ], [ -83.627443140696883, 35.007966424329858 ] ] ] } },
{ "type": "Feature", "properties": { "hex_id": 581, "n_locations": 15, "access_capacity_2023": 0.36746368594448514, "access_capacity_2026": 0.32587028913889959, "capacity_access_change": -0.041593396805585547, "quality_access_2023": 0.30876715982130559, "quality_access_2026": 0.22754990026964142, "quality_access_change": -0.081217259551664173, "mean_providers_2023": 6.4666666666666668, "mean_providers_2026": 4.6, "pct_capacity_improved": 0.0, "pct_quality_improved": 0.066666666666666666, "pct_persistent_low": 0.0, "persistence": "Not in lowest-access decile", "county": "Swain" }, "geometry": { "type": "Polygon", "coordinates": [ [ [ -83.509977995472681, 35.385772790453572 ], [ -83.535401954583051, 35.40148158665874 ], [ -83.531207698409673, 35.427050773301836 ], [ -83.501571387226662, 35.436909341897575 ], [ -83.47614259932233, 35.42119376225461 ], [ -83.48035494858992, 35.39562640043507 ], [ -83.509977995472681, 35.385772790453572 ] ] ] } },
{ "type": "Feature", "properties": { "hex_id": 598, "n_locations": 15, "access_capacity_2023": 0.53852665110281306, "access_capacity_2026": 0.85996466784347658, "capacity_access_change": 0.32143801674066352, "quality_access_2023": 0.47307514652792831, "quality_access_2026": 0.71938851001398119, "quality_access_change": 0.24631336348605282, "mean_providers_2023": 11.733333333333333, "mean_providers_2026": 12.866666666666667, "pct_capacity_improved": 1.0, "pct_quality_improved": 1.0, "pct_persistent_low": 0.066666666666666666, "persistence": "Not in lowest-access decile", "county": "Macon" }, "geometry": { "type": "Polygon", "coordinates": [ [ [ -83.526505532689413, 35.114335762199332 ], [ -83.551842941453913, 35.130045001295294 ], [ -83.547669008035669, 35.155621230763117 ], [ -83.518139696096469, 35.165486419148031 ], [ -83.492797486384006, 35.149770462478266 ], [ -83.496989386786808, 35.124196037945509 ], [ -83.526505532689413, 35.114335762199332 ] ] ] } },
{ "type": "Feature", "properties": { "hex_id": 601, "n_locations": 25, "access_capacity_2023": 0.59923665711608309, "access_capacity_2026": 0.53327978070339066, "capacity_access_change": -0.065956876412692406, "quality_access_2023": 0.4948972909200347, "quality_access_2026": 0.39367977154825085, "quality_access_change": -0.10121751937178389, "mean_providers_2023": 8.32, "mean_providers_2026": 6.04, "pct_capacity_improved": 0.0, "pct_quality_improved": 0.0, "pct_persistent_low": 0.0, "persistence": "Not in lowest-access decile", "county": "Swain" }, "geometry": { "type": "Polygon", "coordinates": [ [ [ -83.488771201135307, 35.344489459545272 ], [ -83.514177084645752, 35.360203408914217 ], [ -83.509977995472681, 35.385772790453572 ], [ -83.48035494858992, 35.39562640043507 ], [ -83.454944249570389, 35.379905676788887 ], [ -83.459161410137682, 35.35433812041375 ], [ -83.488771201135307, 35.344489459545272 ] ] ] } },
{ "type": "Feature", "properties": { "hex_id": 602, "n_locations": 83, "access_capacity_2023": 0.59946336477771234, "access_capacity_2026": 0.52776722874050819, "capacity_access_change": -0.071696136037204136, "quality_access_2023": 0.49746106096359455, "quality_access_2026": 0.35493426530797445, "quality_access_change": -0.14252679565562013, "mean_providers_2023": 8.1204819277108431, "mean_providers_2026": 5.8795180722891569, "pct_capacity_improved": 0.0, "pct_quality_improved": 0.012048192771084338, "pct_persistent_low": 0.012048192771084338, "persistence": "Not in lowest-access decile", "county": "Swain" }, "geometry": { "type": "Polygon", "coordinates": [ [ [ -83.47614259932233, 35.42119376225461 ], [ -83.501571387226662, 35.436909341897575 ], [ -83.497363862543622, 35.46247652070398 ], [ -83.467709440744429, 35.47232629088974 ], [ -83.442275832477932, 35.456603917956897 ], [ -83.446501463556629, 35.431038571112609 ], [ -83.47614259932233, 35.42119376225461 ] ] ] } },
{ "type": "Feature", "properties": { "hex_id": 619, "n_locations": 11, "access_capacity_2023": 0.54711429427338631, "access_capacity_2026": 0.85670426252612653, "capacity_access_change": 0.30958996825274016, "quality_access_2023": 0.48712190900623964, "quality_access_2026": 0.71673653530220549, "quality_access_change": 0.2296146262959658, "mean_providers_2023": 11.363636363636363, "mean_providers_2026": 12.363636363636363, "pct_capacity_improved": 1.0, "pct_quality_improved": 1.0, "pct_persistent_low": 0.0, "persistence": "Not in lowest-access decile", "county": "Macon" }, "geometry": { "type": "Polygon", "coordinates": [ [ [ -83.492797486384006, 35.149770462478266 ], [ -83.518139696096469, 35.165486419148031 ], [ -83.513952592481942, 35.191060579165566 ], [ -83.484405296217815, 35.200916973480787 ], [ -83.459058293889527, 35.185194289486603 ], [ -83.46326337765835, 35.159621941452748 ], [ -83.492797486384006, 35.149770462478266 ] ] ] } },
{ "type": "Feature", "properties": { "hex_id": 622, "n_locations": 80, "access_capacity_2023": 0.73743941541135971, "access_capacity_2026": 0.6551222161346395, "capacity_access_change": -0.082317199276720154, "quality_access_2023": 0.59477675768148308, "quality_access_2026": 0.46703919953279016, "quality_access_change": -0.12773755814869286, "mean_providers_2023": 10.4625, "mean_providers_2026": 7.5375, "pct_capacity_improved": 0.0, "pct_quality_improved": 0.0, "pct_persistent_low": 0.0, "persistence": "Not in lowest-access decile", "county": "Swain" }, "geometry": { "type": "Polygon", "coordinates": [ [ [ -83.454944249570389, 35.379905676788887 ], [ -83.48035494858992, 35.39562640043507 ], [ -83.47614259932233, 35.42119376225461 ], [ -83.446501463556629, 35.431038571112609 ], [ -83.421085957459695, 35.415311063355198 ], [ -83.425316391389757, 35.38974553382937 ], [ -83.454944249570389, 35.379905676788887 ] ] ] } },
{ "type": "Feature", "properties": { "hex_id": 639, "n_locations": 34, "access_capacity_2023": 0.59240048611958818, "access_capacity_2026": 0.90674237150668291, "capacity_access_change": 0.31434188538709479, "quality_access_2023": 0.52760035362359969, "quality_access_2026": 0.76523000590066759, "quality_access_change": 0.23762965227706795, "mean_providers_2023": 12.441176470588236, "mean_providers_2026": 13.441176470588236, "pct_capacity_improved": 1.0, "pct_quality_improved": 1.0, "pct_persistent_low": 0.0, "persistence": "Not in lowest-access decile", "county": "Macon" }, "geometry": { "type": "Polygon", "coordinates": [ [ [ -83.47166513989923, 35.108474901749929 ], [ -83.496989386786808, 35.124196037945509 ], [ -83.492797486384006, 35.149770462478266 ], [ -83.46326337765835, 35.159621941452748 ], [ -83.437934351308272, 35.143894087018332 ], [ -83.442144210363551, 35.118321474793476 ], [ -83.47166513989923, 35.108474901749929 ] ] ] } },
{ "type": "Feature", "properties": { "hex_id": 640, "n_locations": 31, "access_capacity_2023": 0.37979467389589155, "access_capacity_2026": 0.40182512113847352, "capacity_access_change": 0.022030447242581956, "quality_access_2023": 0.33469918218695144, "quality_access_2026": 0.35699540895392229, "quality_access_change": 0.022296226766970836, "mean_providers_2023": 9.67741935483871, "mean_providers_2026": 8.258064516129032, "pct_capacity_improved": 1.0, "pct_quality_improved": 0.70967741935483875, "pct_persistent_low": 0.096774193548387094, "persistence": "Not in lowest-access decile", "county": "Macon" }, "geometry": { "type": "Polygon", "coordinates": [ [ [ -83.459058293889527, 35.185194289486603 ], [ -83.484405296217815, 35.200916973480787 ], [ -83.480205000888688, 35.226489068787807 ], [ -83.45063970711351, 35.236336664004668 ], [ -83.42528792053443, 35.220607242925674 ], [ -83.429506209187508, 35.195036966668845 ], [ -83.459058293889527, 35.185194289486603 ] ] ] } },
{ "type": "Feature", "properties": { "hex_id": 641, "n_locations": 18, "access_capacity_2023": 0.18535316745221994, "access_capacity_2026": 0.19606058421256156, "capacity_access_change": 0.010707416760341629, "quality_access_2023": 0.15092753265901074, "quality_access_2026": 0.17080450586712906, "quality_access_change": 0.019876973208118313, "mean_providers_2023": 5.9444444444444446, "mean_providers_2026": 4.6111111111111107, "pct_capacity_improved": 1.0, "pct_quality_improved": 0.61111111111111116, "pct_persistent_low": 0.33333333333333331, "persistence": "Not in lowest-access decile", "county": "Macon" }, "geometry": { "type": "Polygon", "coordinates": [ [ [ -83.446426198518637, 35.261906699332741 ], [ -83.471795995796583, 35.277630961130384 ], [ -83.467587280445798, 35.30320076702251 ], [ -83.437990736918309, 35.313044488260516 ], [ -83.412616150601792, 35.297313470476936 ], [ -83.416842894046425, 35.271745490404541 ], [ -83.446426198518637, 35.261906699332741 ] ] ] } },
{ "type": "Feature", "properties": { "hex_id": 642, "n_locations": 15, "access_capacity_2023": 0.29362317026544887, "access_capacity_2026": 0.25700023749310708, "capacity_access_change": -0.036622932772341771, "quality_access_2023": 0.24913941957178065, "quality_access_2026": 0.19216124128829268, "quality_access_change": -0.056978178283487974, "mean_providers_2023": 5.8, "mean_providers_2026": 3.8666666666666663, "pct_capacity_improved": 0.0, "pct_quality_improved": 0.0, "pct_persistent_low": 0.0, "persistence": "Not in lowest-access decile", "county": "Swain" }, "geometry": { "type": "Polygon", "coordinates": [ [ [ -83.433768778303005, 35.338612250723394 ], [ -83.459161410137682, 35.35433812041375 ], [ -83.454944249570389, 35.379905676788887 ], [ -83.425316391389757, 35.38974553382937 ], [ -83.399918965729285, 35.374012889196429 ], [ -83.404154189259188, 35.348447165437953 ], [ -83.433768778303005, 35.338612250723394 ] ] ] } },
{ "type": "Feature", "properties": { "hex_id": 643, "n_locations": 80, "access_capacity_2023": 0.74039462813225032, "access_capacity_2026": 0.6494775691572432, "capacity_access_change": -0.090917058975007098, "quality_access_2023": 0.59077078469878741, "quality_access_2026": 0.45793993549224343, "quality_access_change": -0.132830849206544, "mean_providers_2023": 11.0875, "mean_providers_2026": 7.8375, "pct_capacity_improved": 0.0, "pct_quality_improved": 0.0, "pct_persistent_low": 0.0, "persistence": "Not in lowest-access decile", "county": "Swain" }, "geometry": { "type": "Polygon", "coordinates": [ [ [ -83.421085957459695, 35.415311063355198 ], [ -83.446501463556629, 35.431038571112609 ], [ -83.442275832477932, 35.456603917956897 ], [ -83.412616594544531, 35.466439920583937 ], [ -83.387196289835231, 35.450705618871289 ], [ -83.391440018844449, 35.425142111468354 ], [ -83.421085957459695, 35.415311063355198 ] ] ] } },
{ "type": "Feature", "properties": { "hex_id": 659, "n_locations": 17, "access_capacity_2023": 0.37718811329967744, "access_capacity_2026": 0.5898392787662643, "capacity_access_change": 0.21265116546658686, "quality_access_2023": 0.33884685876859238, "quality_access_2026": 0.52874194341559499, "quality_access_change": 0.18989508464700261, "mean_providers_2023": 9.0588235294117645, "mean_providers_2026": 9.5882352941176467, "pct_capacity_improved": 1.0, "pct_quality_improved": 0.94117647058823528, "pct_persistent_low": 0.058823529411764705, "persistence": "Not in lowest-access decile", "county": "Macon" }, "geometry": { "type": "Polygon", "coordinates": [ [ [ -83.450555518405153, 35.067173883490341 ], [ -83.475861823936924, 35.082900201256244 ], [ -83.47166513989923, 35.108474901749929 ], [ -83.442144210363551, 35.118321474793476 ], [ -83.416833138489906, 35.102588447864761 ], [ -83.421047759711072, 35.077015559994635 ], [ -83.450555518405153, 35.067173883490341 ] ] ] } },
{ "type": "Feature", "properties": { "hex_id": 660, "n_locations": 97, "access_capacity_2023": 0.89052516246296809, "access_capacity_2026": 1.2165475409319153, "capacity_access_change": 0.3260223784689471, "quality_access_2023": 0.79488853002616511, "quality_access_2026": 1.0490964826883815, "quality_access_change": 0.25420795266221641, "mean_providers_2023": 13.742268041237113, "mean_providers_2026": 13.835051546391753, "pct_capacity_improved": 1.0, "pct_quality_improved": 0.97938144329896903, "pct_persistent_low": 0.0, "persistence": "Not in lowest-access decile", "county": "Macon" }, "geometry": { "type": "Polygon", "coordinates": [ [ [ -83.437934351308272, 35.143894087018332 ], [ -83.46326337765835, 35.159621941452748 ], [ -83.459058293889527, 35.185194289486603 ], [ -83.429506209187508, 35.195036966668845 ], [ -83.404172411739793, 35.179302384252928 ], [ -83.408395467297979, 35.153731855584553 ], [ -83.437934351308272, 35.143894087018332 ] ] ] } },
{ "type": "Feature", "properties": { "hex_id": 661, "n_locations": 56, "access_capacity_2023": 0.49521752989704443, "access_capacity_2026": 0.60238585608206163, "capacity_access_change": 0.1071683261850172, "quality_access_2023": 0.43716519125361986, "quality_access_2026": 0.53157383758598131, "quality_access_change": 0.094408646332361498, "mean_providers_2023": 12.375, "mean_providers_2026": 11.303571428571429, "pct_capacity_improved": 1.0, "pct_quality_improved": 0.9464285714285714, "pct_persistent_low": 0.0, "persistence": "Not in lowest-access decile", "county": "Macon" }, "geometry": { "type": "Polygon", "coordinates": [ [ [ -83.42528792053443, 35.220607242925674 ], [ -83.45063970711351, 35.236336664004668 ], [ -83.446426198518637, 35.261906699332741 ], [ -83.416842894046425, 35.271745490404541 ], [ -83.391486331614601, 35.256009322470504 ], [ -83.39571784670288, 35.230441113277045 ], [ -83.42528792053443, 35.220607242925674 ] ] ] } },
{ "type": "Feature", "properties": { "hex_id": 664, "n_locations": 104, "access_capacity_2023": 0.65611432229057431, "access_capacity_2026": 0.60991530399816951, "capacity_access_change": -0.046199018292404768, "quality_access_2023": 0.48642541531231498, "quality_access_2026": 0.46633442072443204, "quality_access_change": -0.020090994587882948, "mean_providers_2023": 9.8846153846153832, "mean_providers_2026": 7.1442307692307701, "pct_capacity_improved": 0.0, "pct_quality_improved": 0.25, "pct_persistent_low": 0.04807692307692308, "persistence": "Not in lowest-access decile", "county": "Swain" }, "geometry": { "type": "Polygon", "coordinates": [ [ [ -83.387196289835231, 35.450705618871289 ], [ -83.412616594544531, 35.466439920583937 ], [ -83.408377659904957, 35.492003257189417 ], [ -83.378700306519292, 35.501830448459735 ], [ -83.353275211696072, 35.486089342937873 ], [ -83.357532257534018, 35.460527852939542 ], [ -83.387196289835231, 35.450705618871289 ] ] ] } },
{ "type": "Feature", "properties": { "hex_id": 679, "n_locations": 21, "access_capacity_2023": 0.41119295111928611, "access_capacity_2026": 0.59916789992489161, "capacity_access_change": 0.1879749488056055, "quality_access_2023": 0.36771802810690324, "quality_access_2026": 0.53033100695230695, "quality_access_change": 0.16261297884540368, "mean_providers_2023": 10.238095238095237, "mean_providers_2026": 10.904761904761905, "pct_capacity_improved": 1.0, "pct_quality_improved": 0.90476190476190477, "pct_persistent_low": 0.0, "persistence": "Not in lowest-access decile", "county": "Macon" }, "geometry": { "type": "Polygon", "coordinates": [ [ [ -83.429468587344772, 35.025867394210948 ], [ -83.454756972957028, 35.041598895599812 ], [ -83.450555518405153, 35.067173883490341 ], [ -83.421047759711072, 35.077015559994635 ], [ -83.395754620844983, 35.061277358509294 ], [ -83.399973991144122, 35.035704183549534 ], [ -83.429468587344772, 35.025867394210948 ] ] ] } },
{ "type": "Feature", "properties": { "hex_id": 680, "n_locations": 109, "access_capacity_2023": 0.78497337570791803, "access_capacity_2026": 1.1677843787396289, "capacity_access_change": 0.38281100303171101, "quality_access_2023": 0.70489523023948264, "quality_access_2026": 1.0370077700578511, "quality_access_change": 0.33211253981836852, "mean_providers_2023": 12.990825688073395, "mean_providers_2026": 13.63302752293578, "pct_capacity_improved": 1.0, "pct_quality_improved": 1.0, "pct_persistent_low": 0.0, "persistence": "Not in lowest-access decile", "county": "Macon" }, "geometry": { "type": "Polygon", "coordinates": [ [ [ -83.416833138489906, 35.102588447864761 ], [ -83.442144210363551, 35.118321474793476 ], [ -83.437934351308272, 35.143894087018332 ], [ -83.408395467297979, 35.153731855584553 ], [ -83.383079637447167, 35.137992109767957 ], [ -83.387307446790118, 35.112421317215407 ], [ -83.416833138489906, 35.102588447864761 ] ] ] } },
{ "type": "Feature", "properties": { "hex_id": 681, "n_locations": 160, "access_capacity_2023": 0.79281192687485991, "access_capacity_2026": 1.0165489030888633, "capacity_access_change": 0.22373697621400329, "quality_access_2023": 0.69802311194741151, "quality_access_2026": 0.89034442442857531, "quality_access_change": 0.1923213124811638, "mean_providers_2023": 13.6375, "mean_providers_2026": 13.625, "pct_capacity_improved": 1.0, "pct_quality_improved": 0.95, "pct_persistent_low": 0.00625, "persistence": "Not in lowest-access decile", "county": "Macon" }, "geometry": { "type": "Polygon", "coordinates": [ [ [ -83.404172411739793, 35.179302384252928 ], [ -83.429506209187508, 35.195036966668845 ], [ -83.42528792053443, 35.220607242925674 ], [ -83.39571784670288, 35.230441113277045 ], [ -83.370379286555377, 35.214699793127224 ], [ -83.374615560134473, 35.189131343311281 ], [ -83.404172411739793, 35.179302384252928 ] ] ] } },
{ "type": "Feature", "properties": { "hex_id": 682, "n_locations": 26, "access_capacity_2023": 0.22936825447856016, "access_capacity_2026": 0.22086977888025264, "capacity_access_change": -0.0084984755983075391, "quality_access_2023": 0.19330725436718366, "quality_access_2026": 0.19281119714273429, "quality_access_change": -0.0004960572244493603, "mean_providers_2023": 7.0384615384615374, "mean_providers_2026": 5.4615384615384617, "pct_capacity_improved": 0.0, "pct_quality_improved": 0.46153846153846156, "pct_persistent_low": 0.26923076923076922, "persistence": "Not in lowest-access decile", "county": "Macon" }, "geometry": { "type": "Polygon", "coordinates": [ [ [ -83.391486331614601, 35.256009322470504 ], [ -83.416842894046425, 35.271745490404541 ], [ -83.412616150601792, 35.297313470476936 ], [ -83.38301482224675, 35.307143452338764 ], [ -83.357653492393254, 35.291400527769682 ], [ -83.361898255500549, 35.265834380934258 ], [ -83.391486331614601, 35.256009322470504 ] ] ] } },
{ "type": "Feature", "properties": { "hex_id": 684, "n_locations": 91, "access_capacity_2023": 0.83128570082591957, "access_capacity_2026": 0.71963114865895117, "capacity_access_change": -0.11165455216696839, "quality_access_2023": 0.63286053040436441, "quality_access_2026": 0.55349153260730721, "quality_access_change": -0.079368997797057139, "mean_providers_2023": 16.461538461538463, "mean_providers_2026": 11.450549450549449, "pct_capacity_improved": 0.0, "pct_quality_improved": 0.032967032967032968, "pct_persistent_low": 0.0, "persistence": "Not in lowest-access decile", "county": "Swain" }, "geometry": { "type": "Polygon", "coordinates": [ [ [ -83.366037807823005, 35.40940268206694 ], [ -83.391440018844449, 35.425142111468354 ], [ -83.387196289835231, 35.450705618871289 ], [ -83.357532257534018, 35.460527852939542 ], [ -83.332125269649737, 35.444781628933839 ], [ -83.336387088091215, 35.419219968442803 ], [ -83.366037807823005, 35.40940268206694 ] ] ] } },
{ "type": "Feature", "properties": { "hex_id": 685, "n_locations": 18, "access_capacity_2023": 0.47148032209717894, "access_capacity_2026": 0.46895922836043213, "capacity_access_change": -0.0025210937367468413, "quality_access_2023": 0.32119523922501186, "quality_access_2026": 0.35413080688960213, "quality_access_change": 0.032935567664590278, "mean_providers_2023": 6.4444444444444446, "mean_providers_2026": 5.166666666666667, "pct_capacity_improved": 0.0, "pct_quality_improved": 0.94444444444444442, "pct_persistent_low": 0.055555555555555552, "persistence": "Not in lowest-access decile", "county": "Swain" }, "geometry": { "type": "Polygon", "coordinates": [ [ [ -83.353275211696072, 35.486089342937873 ], [ -83.378700306519292, 35.501830448459735 ], [ -83.374448046535818, 35.527391779554684 ], [ -83.344752564413596, 35.537210154324356 ], [ -83.31932268800837, 35.521462235129135 ], [ -83.323593072457768, 35.495902757825419 ], [ -83.353275211696072, 35.486089342937873 ] ] ] } },
{ "type": "Feature", "properties": { "hex_id": 699, "n_locations": 12, "access_capacity_2023": 0.32950006689662853, "access_capacity_2026": 0.49513430130466263, "capacity_access_change": 0.1656342344080341, "quality_access_2023": 0.29542413096507686, "quality_access_2026": 0.43940732719876441, "quality_access_change": 0.14398319623368758, "mean_providers_2023": 8.5, "mean_providers_2026": 9.1666666666666661, "pct_capacity_improved": 1.0, "pct_quality_improved": 0.75, "pct_persistent_low": 0.25, "persistence": "Not in lowest-access decile", "county": "Macon" }, "geometry": { "type": "Polygon", "coordinates": [ [ [ -83.408404312226395, 34.984555420424556 ], [ -83.433674799322688, 35.000292107497465 ], [ -83.429468587344772, 35.025867394210948 ], [ -83.399973991144122, 35.035704183549534 ], [ -83.374698763849466, 35.019960805436931 ], [ -83.378922870171209, 34.994387331953007 ], [ -83.408404312226395, 34.984555420424556 ] ] ] } },
{ "type": "Feature", "properties": { "hex_id": 700, "n_locations": 86, "access_capacity_2023": 0.59369935868638424, "access_capacity_2026": 0.91478757822066803, "capacity_access_change": 0.32108821953428374, "quality_access_2023": 0.53240409698851809, "quality_access_2026": 0.82108668954345676, "quality_access_change": 0.28868259255493872, "mean_providers_2023": 12.244186046511627, "mean_providers_2026": 13.232558139534884, "pct_capacity_improved": 1.0, "pct_quality_improved": 1.0, "pct_persistent_low": 0.0, "persistence": "Not in lowest-access decile", "county": "Macon" }, "geometry": { "type": "Polygon", "coordinates": [ [ [ -83.395754620844983, 35.061277358509294 ], [ -83.421047759711072, 35.077015559994635 ], [ -83.416833138489906, 35.102588447864761 ], [ -83.387307446790118, 35.112421317215407 ], [ -83.362009563034633, 35.096676405926139 ], [ -83.366242113074705, 35.07110533802657 ], [ -83.395754620844983, 35.061277358509294 ] ] ] } },
{ "type": "Feature", "properties": { "hex_id": 701, "n_locations": 234, "access_capacity_2023": 0.943369434756967, "access_capacity_2026": 1.3617396811986551, "capacity_access_change": 0.41837024644168824, "quality_access_2023": 0.83877302327724923, "quality_access_2026": 1.1956917709266055, "quality_access_change": 0.35691874764935644, "mean_providers_2023": 14.012820512820513, "mean_providers_2026": 14.0, "pct_capacity_improved": 1.0, "pct_quality_improved": 1.0, "pct_persistent_low": 0.0, "persistence": "Not in lowest-access decile", "county": "Macon" }, "geometry": { "type": "Polygon", "coordinates": [ [ [ -83.383079637447167, 35.137992109767957 ], [ -83.408395467297979, 35.153731855584553 ], [ -83.404172411739793, 35.179302384252928 ], [ -83.374615560134473, 35.189131343311281 ], [ -83.34929498070403, 35.173384868872148 ], [ -83.353535999653872, 35.147816166942583 ], [ -83.383079637447167, 35.137992109767957 ] ] ] } },
{ "type": "Feature", "properties": { "hex_id": 702, "n_locations": 44, "access_capacity_2023": 0.74483319261877545, "access_capacity_2026": 0.81497249193303711, "capacity_access_change": 0.070139299314261633, "quality_access_2023": 0.6333742244743491, "quality_access_2026": 0.71342779465253703, "quality_access_change": 0.080053570178187858, "mean_providers_2023": 16.522727272727273, "mean_providers_2026": 14.15909090909091, "pct_capacity_improved": 1.0, "pct_quality_improved": 0.72727272727272729, "pct_persistent_low": 0.022727272727272728, "persistence": "Not in lowest-access decile", "county": "Macon" }, "geometry": { "type": "Polygon", "coordinates": [ [ [ -83.370379286555377, 35.214699793127224 ], [ -83.39571784670288, 35.230441113277045 ], [ -83.391486331614601, 35.256009322470504 ], [ -83.361898255500549, 35.265834380934258 ], [ -83.336554941084074, 35.250086313288293 ], [ -83.340804454234814, 35.224519937629175 ], [ -83.370379286555377, 35.214699793127224 ] ] ] } },
{ "type": "Feature", "properties": { "hex_id": 704, "n_locations": 55, "access_capacity_2023": 0.57806238948779187, "access_capacity_2026": 0.45882844913998733, "capacity_access_change": -0.1192339403478045, "quality_access_2023": 0.44194679978945883, "quality_access_2026": 0.35372644658054075, "quality_access_change": -0.088220353208918106, "mean_providers_2023": 14.854545454545452, "mean_providers_2026": 9.4181818181818162, "pct_capacity_improved": 0.0, "pct_quality_improved": 0.2, "pct_persistent_low": 0.21818181818181817, "persistence": "Not in lowest-access decile", "county": "Jackson" }, "geometry": { "type": "Polygon", "coordinates": [ [ [ -83.344902178884169, 35.368094433137195 ], [ -83.370286317950629, 35.383838992296369 ], [ -83.366037807823005, 35.40940268206694 ], [ -83.336387088091215, 35.419219968442803 ], [ -83.310998185379916, 35.403468623874161 ], [ -83.315264763207097, 35.377906781311687 ], [ -83.344902178884169, 35.368094433137195 ] ] ] } },
{ "type": "Feature", "properties": { "hex_id": 705, "n_locations": 115, "access_capacity_2023": 0.81164232397628622, "access_capacity_2026": 0.76406948872567526, "capacity_access_change": -0.047572835250610936, "quality_access_2023": 0.60473191259990733, "quality_access_2026": 0.58593713205037667, "quality_access_change": -0.018794780549530717, "mean_providers_2023": 12.8, "mean_providers_2026": 9.234782608695653, "pct_capacity_improved": 0.0, "pct_quality_improved": 0.24347826086956523, "pct_persistent_low": 0.0, "persistence": "Not in lowest-access decile", "county": "Swain" }, "geometry": { "type": "Polygon", "coordinates": [ [ [ -83.332125269649737, 35.444781628933839 ], [ -83.357532257534018, 35.460527852939542 ], [ -83.353275211696072, 35.486089342937873 ], [ -83.323593072457768, 35.495902757825419 ], [ -83.298181316242278, 35.480149729369543 ], [ -83.30245646474684, 35.454590093458023 ], [ -83.332125269649737, 35.444781628933839 ] ] ] } },
{ "type": "Feature", "properties": { "hex_id": 720, "n_locations": 44, "access_capacity_2023": 0.47068951563023609, "access_capacity_2026": 0.78550980832825201, "capacity_access_change": 0.31482029269801592, "quality_access_2023": 0.42030960347598545, "quality_access_2026": 0.70260190808217415, "quality_access_change": 0.2822923046061887, "mean_providers_2023": 11.863636363636363, "mean_providers_2026": 12.863636363636363, "pct_capacity_improved": 1.0, "pct_quality_improved": 1.0, "pct_persistent_low": 0.0, "persistence": "Not in lowest-access decile", "county": "Macon" }, "geometry": { "type": "Polygon", "coordinates": [ [ [ -83.374698763849466, 35.019960805436931 ], [ -83.399973991144122, 35.035704183549534 ], [ -83.395754620844983, 35.061277358509294 ], [ -83.366242113074705, 35.07110533802657 ], [ -83.340962153945924, 35.055355259184459 ], [ -83.345199431628018, 35.029783904485157 ], [ -83.374698763849466, 35.019960805436931 ] ] ] } },
{ "type": "Feature", "properties": { "hex_id": 721, "n_locations": 60, "access_capacity_2023": 0.60466382639398042, "access_capacity_2026": 0.98643733975812942, "capacity_access_change": 0.381773513364149, "quality_access_2023": 0.53996436944882642, "quality_access_2026": 0.89141398506378799, "quality_access_change": 0.35144961561496146, "mean_providers_2023": 12.633333333333333, "mean_providers_2026": 13.483333333333333, "pct_capacity_improved": 1.0, "pct_quality_improved": 1.0, "pct_persistent_low": 0.0, "persistence": "Not in lowest-access decile", "county": "Macon" }, "geometry": { "type": "Polygon", "coordinates": [ [ [ -83.362009563034633, 35.096676405926139 ], [ -83.387307446790118, 35.112421317215407 ], [ -83.383079637447167, 35.137992109767957 ], [ -83.353535999653872, 35.147816166942583 ], [ -83.328233379406299, 35.132064536132312 ], [ -83.332479130639541, 35.10649557060794 ], [ -83.362009563034633, 35.096676405926139 ] ] ] } },
{ "type": "Feature", "properties": { "hex_id": 722, "n_locations": 159, "access_capacity_2023": 0.88545429755060601, "access_capacity_2026": 1.0741987056560669, "capacity_access_change": 0.18874440810546106, "quality_access_2023": 0.77990786027337722, "quality_access_2026": 0.9449124636671945, "quality_access_change": 0.16500460339381734, "mean_providers_2023": 15.220125786163521, "mean_providers_2026": 14.069182389937106, "pct_capacity_improved": 1.0, "pct_quality_improved": 0.99371069182389937, "pct_persistent_low": 0.0, "persistence": "Not in lowest-access decile", "county": "Macon" }, "geometry": { "type": "Polygon", "coordinates": [ [ [ -83.34929498070403, 35.173384868872148 ], [ -83.374615560134473, 35.189131343311281 ], [ -83.370379286555377, 35.214699793127224 ], [ -83.340804454234814, 35.224519937629175 ], [ -83.315479133655302, 35.208766724822958 ], [ -83.319733383729741, 35.183200108830277 ], [ -83.34929498070403, 35.173384868872148 ] ] ] } },
{ "type": "Feature", "properties": { "hex_id": 724, "n_locations": 28, "access_capacity_2023": 0.38231254861528208, "access_capacity_2026": 0.23671802765994027, "capacity_access_change": -0.14559452095534181, "quality_access_2023": 0.29388208223008788, "quality_access_2026": 0.18861978510381672, "quality_access_change": -0.10526229712627119, "mean_providers_2023": 13.428571428571427, "mean_providers_2026": 7.3928571428571432, "pct_capacity_improved": 0.0, "pct_quality_improved": 0.0, "pct_persistent_low": 0.14285714285714285, "persistence": "Not in lowest-access decile", "county": "Jackson" }, "geometry": { "type": "Polygon", "coordinates": [ [ [ -83.323789368101103, 35.326780858445289 ], [ -83.349155456912015, 35.342530549439317 ], [ -83.344902178884169, 35.368094433137195 ], [ -83.315264763207097, 35.377906781311687 ], [ -83.289893923936276, 35.362150314092965 ], [ -83.294165247964386, 35.336588277890947 ], [ -83.323789368101103, 35.326780858445289 ] ] ] } },
{ "type": "Feature", "properties": { "hex_id": 725, "n_locations": 52, "access_capacity_2023": 0.83100970565293941, "access_capacity_2026": 0.70717095014692322, "capacity_access_change": -0.12383875550601618, "quality_access_2023": 0.6281072327182643, "quality_access_2026": 0.5462056812332946, "quality_access_change": -0.081901551484969776, "mean_providers_2023": 18.826923076923077, "mean_providers_2026": 12.653846153846153, "pct_capacity_improved": 0.0, "pct_quality_improved": 0.0, "pct_persistent_low": 0.0, "persistence": "Not in lowest-access decile", "county": "Jackson" }, "geometry": { "type": "Polygon", "coordinates": [ [ [ -83.310998185379916, 35.403468623874161 ], [ -83.336387088091215, 35.419219968442803 ], [ -83.332125269649737, 35.444781628933839 ], [ -83.30245646474684, 35.454590093458023 ], [ -83.277062806921947, 35.438831953652134 ], [ -83.28134270626424, 35.413272147534997 ], [ -83.310998185379916, 35.403468623874161 ] ] ] } },
{ "type": "Feature", "properties": { "hex_id": 726, "n_locations": 44, "access_capacity_2023": 0.38546316395571645, "access_capacity_2026": 0.39417535866669939, "capacity_access_change": 0.0087121947109829543, "quality_access_2023": 0.28273119228224169, "quality_access_2026": 0.31642021851277241, "quality_access_change": 0.03368902623053073, "mean_providers_2023": 5.0, "mean_providers_2026": 4.0681818181818183, "pct_capacity_improved": 1.0, "pct_quality_improved": 0.93181818181818177, "pct_persistent_low": 0.0, "persistence": "Not in lowest-access decile", "county": "Swain" }, "geometry": { "type": "Polygon", "coordinates": [ [ [ -83.298181316242278, 35.480149729369543 ], [ -83.323593072457768, 35.495902757825419 ], [ -83.31932268800837, 35.521462235129135 ], [ -83.28962242858222, 35.531266825681875 ], [ -83.264205912600673, 35.515506982919874 ], [ -83.268494412950659, 35.489949366896141 ], [ -83.298181316242278, 35.480149729369543 ] ] ] } },
{ "type": "Feature", "properties": { "hex_id": 727, "n_locations": 35, "access_capacity_2023": 0.0, "access_capacity_2026": 0.0, "capacity_access_change": 0.0, "quality_access_2023": 0.0, "quality_access_2026": 0.0, "quality_access_change": 0.0, "mean_providers_2023": 0.0, "mean_providers_2026": 0.0, "pct_capacity_improved": 0.0, "pct_quality_improved": 0.0, "pct_persistent_low": 1.0, "persistence": "Persistently lowest-access", "county": "Swain" }, "geometry": { "type": "Polygon", "coordinates": [ [ [ -83.285338683705419, 35.556824294992744 ], [ -83.310773333127102, 35.572579037735387 ], [ -83.306494356973673, 35.598136371961132 ], [ -83.276762577526597, 35.607937098224134 ], [ -83.251323163687687, 35.592175522049793 ], [ -83.255620290841051, 35.566620056038246 ], [ -83.285338683705419, 35.556824294992744 ] ] ] } },
{ "type": "Feature", "properties": { "hex_id": 742, "n_locations": 76, "access_capacity_2023": 0.78270862762765514, "access_capacity_2026": 1.00770915004655, "capacity_access_change": 0.22500052241889498, "quality_access_2023": 0.69036037317050447, "quality_access_2026": 0.89256545384680896, "quality_access_change": 0.20220508067630458, "mean_providers_2023": 13.763157894736842, "mean_providers_2026": 13.868421052631579, "pct_capacity_improved": 1.0, "pct_quality_improved": 0.98684210526315785, "pct_persistent_low": 0.0, "persistence": "Not in lowest-access decile", "county": "Macon" }, "geometry": { "type": "Polygon", "coordinates": [ [ [ -83.328233379406299, 35.132064536132312 ], [ -83.353535999653872, 35.147816166942583 ], [ -83.34929498070403, 35.173384868872148 ], [ -83.319733383729741, 35.183200108830277 ], [ -83.294426035420273, 35.167441748772319 ], [ -83.298685009331436, 35.141874880946446 ], [ -83.328233379406299, 35.132064536132312 ] ] ] } },
{ "type": "Feature", "properties": { "hex_id": 743, "n_locations": 36, "access_capacity_2023": 0.60335209929937139, "access_capacity_2026": 0.70455612069117191, "capacity_access_change": 0.10120402139180061, "quality_access_2023": 0.50494243904289537, "quality_access_2026": 0.61334179927318278, "quality_access_change": 0.10839936023028736, "mean_providers_2023": 16.472222222222221, "mean_providers_2026": 13.888888888888889, "pct_capacity_improved": 1.0, "pct_quality_improved": 0.94444444444444442, "pct_persistent_low": 0.0, "persistence": "Not in lowest-access decile", "county": "Macon" }, "geometry": { "type": "Polygon", "coordinates": [ [ [ -83.315479133655302, 35.208766724822958 ], [ -83.340804454234814, 35.224519937629175 ], [ -83.336554941084074, 35.250086313288293 ], [ -83.30696211492841, 35.259897638167132 ], [ -83.281632061663387, 35.244137677239699 ], [ -83.28589956441283, 35.218573142506152 ], [ -83.315479133655302, 35.208766724822958 ] ] ] } },
{ "type": "Feature", "properties": { "hex_id": 744, "n_locations": 22, "access_capacity_2023": 0.31860658822965354, "access_capacity_2026": 0.1806268673301209, "capacity_access_change": -0.1379797208995327, "quality_access_2023": 0.23809355254041581, "quality_access_2026": 0.15845327825271879, "quality_access_change": -0.079640274287697016, "mean_providers_2023": 11.818181818181817, "mean_providers_2026": 6.4090909090909092, "pct_capacity_improved": 0.0, "pct_quality_improved": 0.045454545454545456, "pct_persistent_low": 0.13636363636363635, "persistence": "Moved into lowest-access decile", "county": "Jackson" }, "geometry": { "type": "Polygon", "coordinates": [ [ [ -83.302699340622539, 35.285461944356811 ], [ -83.328047400844056, 35.301216769270908 ], [ -83.323789368101103, 35.326780858445289 ], [ -83.294165247964386, 35.336588277890947 ], [ -83.268812450434964, 35.320826685926903 ], [ -83.273088507512227, 35.29526444452771 ], [ -83.302699340622539, 35.285461944356811 ] ] ] } },
{ "type": "Feature", "properties": { "hex_id": 745, "n_locations": 65, "access_capacity_2023": 0.91986497925817212, "access_capacity_2026": 0.71483210972952116, "capacity_access_change": -0.20503286952865096, "quality_access_2023": 0.70128330216610879, "quality_access_2026": 0.55931595037173421, "quality_access_change": -0.14196735179437456, "mean_providers_2023": 22.184615384615384, "mean_providers_2026": 14.615384615384617, "pct_capacity_improved": 0.0, "pct_quality_improved": 0.0, "pct_persistent_low": 0.0, "persistence": "Not in lowest-access decile", "county": "Jackson" }, "geometry": { "type": "Polygon", "coordinates": [ [ [ -83.289893923936276, 35.362150314092965 ], [ -83.315264763207097, 35.377906781311687 ], [ -83.310998185379916, 35.403468623874161 ], [ -83.28134270626424, 35.413272147534997 ], [ -83.255967125064359, 35.397508894281863 ], [ -83.260251762060065, 35.371948906371884 ], [ -83.289893923936276, 35.362150314092965 ] ] ] } },
{ "type": "Feature", "properties": { "hex_id": 746, "n_locations": 156, "access_capacity_2023": 0.48786974322864851, "access_capacity_2026": 0.45399607300329103, "capacity_access_change": -0.033873670225357526, "quality_access_2023": 0.36811851322014405, "quality_access_2026": 0.35583388472791061, "quality_access_change": -0.012284628492233472, "mean_providers_2023": 8.8525641025641058, "mean_providers_2026": 6.1089743589743568, "pct_capacity_improved": 0.0, "pct_quality_improved": 0.34615384615384615, "pct_persistent_low": 0.057692307692307696, "persistence": "Not in lowest-access decile", "county": "Jackson" }, "geometry": { "type": "Polygon", "coordinates": [ [ [ -83.277062806921947, 35.438831953652134 ], [ -83.30245646474684, 35.454590093458023 ], [ -83.298181316242278, 35.480149729369543 ], [ -83.268494412950659, 35.489949366896141 ], [ -83.243096008576899, 35.474184422015327 ], [ -83.247389251183122, 35.448626647661619 ], [ -83.277062806921947, 35.438831953652134 ] ] ] } },
{ "type": "Feature", "properties": { "hex_id": 747, "n_locations": 41, "access_capacity_2023": 0.059062424405994102, "access_capacity_2026": 0.062887807142172569, "capacity_access_change": 0.0038253827361784763, "quality_access_2023": 0.047369619049623245, "quality_access_2026": 0.050552021421995379, "quality_access_change": 0.003182402372372134, "mean_providers_2023": 0.58536585365853655, "mean_providers_2026": 0.58536585365853655, "pct_capacity_improved": 1.0, "pct_quality_improved": 0.43902439024390244, "pct_persistent_low": 0.92682926829268297, "persistence": "Persistently lowest-access", "county": "Swain" }, "geometry": { "type": "Polygon", "coordinates": [ [ [ -83.264205912600673, 35.515506982919874 ], [ -83.28962242858222, 35.531266825681875 ], [ -83.285338683705419, 35.556824294992744 ], [ -83.255620290841051, 35.566620056038246 ], [ -83.230199023692208, 35.550853389104276 ], [ -83.234500897703143, 35.525297788284767 ], [ -83.264205912600673, 35.515506982919874 ] ] ] } },
{ "type": "Feature", "properties": { "hex_id": 762, "n_locations": 14, "access_capacity_2023": 0.63856905050621449, "access_capacity_2026": 0.61788057503980764, "capacity_access_change": -0.020688475466406842, "quality_access_2023": 0.52793574900810458, "quality_access_2026": 0.51279487385385414, "quality_access_change": -0.015140875154250444, "mean_providers_2023": 11.714285714285714, "mean_providers_2026": 11.142857142857142, "pct_capacity_improved": 0.0, "pct_quality_improved": 0.5714285714285714, "pct_persistent_low": 0.071428571428571425, "persistence": "Not in lowest-access decile", "county": "Macon" }, "geometry": { "type": "Polygon", "coordinates": [ [ [ -83.307194448073574, 35.090738781336739 ], [ -83.332479130639541, 35.10649557060794 ], [ -83.328233379406299, 35.132064536132312 ], [ -83.298685009331436, 35.141874880946446 ], [ -83.273395611758147, 35.126111371537029 ], [ -83.277659296451631, 35.100544240388381 ], [ -83.307194448073574, 35.090738781336739 ] ] ] } },
{ "type": "Feature", "properties": { "hex_id": 763, "n_locations": 19, "access_capacity_2023": 0.42219904923540502, "access_capacity_2026": 0.5558393729821921, "capacity_access_change": 0.13364032374678711, "quality_access_2023": 0.37049353088048192, "quality_access_2026": 0.48230613263474181, "quality_access_change": 0.11181260175425986, "mean_providers_2023": 10.578947368421053, "mean_providers_2026": 10.736842105263158, "pct_capacity_improved": 1.0, "pct_quality_improved": 0.84210526315789469, "pct_persistent_low": 0.052631578947368418, "persistence": "Not in lowest-access decile", "county": "Macon" }, "geometry": { "type": "Polygon", "coordinates": [ [ [ -83.294426035420273, 35.167441748772319 ], [ -83.319733383729741, 35.183200108830277 ], [ -83.315479133655302, 35.208766724822958 ], [ -83.28589956441283, 35.218573142506152 ], [ -83.260587496504655, 35.202808043464046 ], [ -83.264859714611092, 35.177243268668427 ], [ -83.294426035420273, 35.167441748772319 ] ] ] } },
{ "type": "Feature", "properties": { "hex_id": 764, "n_locations": 28, "access_capacity_2023": 0.60177567413973587, "access_capacity_2026": 0.50910383775365342, "capacity_access_change": -0.092671836386082548, "quality_access_2023": 0.48738703609231171, "quality_access_2026": 0.44114902046430604, "quality_access_change": -0.046238015628005655, "mean_providers_2023": 19.5, "mean_providers_2026": 13.571428571428573, "pct_capacity_improved": 0.0, "pct_quality_improved": 0.2857142857142857, "pct_persistent_low": 0.14285714285714285, "persistence": "Not in lowest-access decile", "county": "Jackson" }, "geometry": { "type": "Polygon", "coordinates": [ [ [ -83.281632061663387, 35.244137677239699 ], [ -83.30696211492841, 35.259897638167132 ], [ -83.302699340622539, 35.285461944356811 ], [ -83.273088507512227, 35.29526444452771 ], [ -83.247753730058434, 35.27949772571511 ], [ -83.252034507065943, 35.2539352675714 ], [ -83.281632061663387, 35.244137677239699 ] ] ] } },
{ "type": "Feature", "properties": { "hex_id": 765, "n_locations": 87, "access_capacity_2023": 0.81311289641143514, "access_capacity_2026": 0.5192470747498793, "capacity_access_change": -0.29386582166155584, "quality_access_2023": 0.58900736218410621, "quality_access_2026": 0.40593183342954475, "quality_access_change": -0.18307552875456146, "mean_providers_2023": 20.505747126436781, "mean_providers_2026": 13.436781609195403, "pct_capacity_improved": 0.0, "pct_quality_improved": 0.0, "pct_persistent_low": 0.0, "persistence": "Not in lowest-access decile", "county": "Jackson" }, "geometry": { "type": "Polygon", "coordinates": [ [ [ -83.268812450434964, 35.320826685926903 ], [ -83.294165247964386, 35.336588277890947 ], [ -83.289893923936276, 35.362150314092965 ], [ -83.260251762060065, 35.371948906371884 ], [ -83.234894235753131, 35.356180537566267 ], [ -83.239183597250886, 35.33062035628685 ], [ -83.268812450434964, 35.320826685926903 ] ] ] } },
{ "type": "Feature", "properties": { "hex_id": 767, "n_locations": 49, "access_capacity_2023": 0.097520517945329205, "access_capacity_2026": 0.095516850248263424, "capacity_access_change": -0.0020036676970657712, "quality_access_2023": 0.075132004345519768, "quality_access_2026": 0.07843650143096785, "quality_access_change": 0.0033044970854480883, "mean_providers_2023": 1.6122448979591837, "mean_providers_2026": 1.4081632653061225, "pct_capacity_improved": 0.0, "pct_quality_improved": 0.53061224489795922, "pct_persistent_low": 0.81632653061224492, "persistence": "Persistently lowest-access", "county": "Jackson" }, "geometry": { "type": "Polygon", "coordinates": [ [ [ -83.243096008576899, 35.474184422015327 ], [ -83.268494412950659, 35.489949366896141 ], [ -83.264205912600673, 35.515506982919874 ], [ -83.234500897703143, 35.525297788284767 ], [ -83.209097755378821, 35.509526028481403 ], [ -83.213404363030875, 35.483970281217601 ], [ -83.243096008576899, 35.474184422015327 ] ] ] } },
{ "type": "Feature", "properties": { "hex_id": 768, "n_locations": 17, "access_capacity_2023": 0.0, "access_capacity_2026": 0.0, "capacity_access_change": 0.0, "quality_access_2023": 0.0, "quality_access_2026": 0.0, "quality_access_change": 0.0, "mean_providers_2023": 0.0, "mean_providers_2026": 0.0, "pct_capacity_improved": 0.0, "pct_quality_improved": 0.0, "pct_persistent_low": 1.0, "persistence": "Persistently lowest-access", "county": "Swain" }, "geometry": { "type": "Polygon", "coordinates": [ [ [ -83.230199023692208, 35.550853389104276 ], [ -83.255620290841051, 35.566620056038246 ], [ -83.251323163687687, 35.592175522049793 ], [ -83.221586624135142, 35.601962448397366 ], [ -83.196160614451514, 35.586188947415422 ], [ -83.200475883972089, 35.560635357124973 ], [ -83.230199023692208, 35.550853389104276 ] ] ] } },
{ "type": "Feature", "properties": { "hex_id": 783, "n_locations": 14, "access_capacity_2023": 0.53971553864363608, "access_capacity_2026": 0.57384445096719727, "capacity_access_change": 0.034128912323561154, "quality_access_2023": 0.4701509521421473, "quality_access_2026": 0.5051896172878142, "quality_access_change": 0.035038665145666857, "mean_providers_2023": 11.5, "mean_providers_2026": 10.5, "pct_capacity_improved": 1.0, "pct_quality_improved": 0.5, "pct_persistent_low": 0.14285714285714285, "persistence": "Not in lowest-access decile", "county": "Macon" }, "geometry": { "type": "Polygon", "coordinates": [ [ [ -83.273395611758147, 35.126111371537029 ], [ -83.298685009331436, 35.141874880946446 ], [ -83.294426035420273, 35.167441748772319 ], [ -83.264859714611092, 35.177243268668427 ], [ -83.239565610493216, 35.161473029402188 ], [ -83.243842530902711, 35.135908003036342 ], [ -83.273395611758147, 35.126111371537029 ] ] ] } },
{ "type": "Feature", "properties": { "hex_id": 785, "n_locations": 60, "access_capacity_2023": 0.60795013772026607, "access_capacity_2026": 0.42048346076594217, "capacity_access_change": -0.18746667695432398, "quality_access_2023": 0.44912982375978477, "quality_access_2026": 0.34278678776354743, "quality_access_change": -0.10634303599623733, "mean_providers_2023": 16.983333333333334, "mean_providers_2026": 11.016666666666667, "pct_capacity_improved": 0.0, "pct_quality_improved": 0.05, "pct_persistent_low": 0.033333333333333333, "persistence": "Not in lowest-access decile", "county": "Jackson" }, "geometry": { "type": "Polygon", "coordinates": [ [ [ -83.247753730058434, 35.27949772571511 ], [ -83.273088507512227, 35.29526444452771 ], [ -83.268812450434964, 35.320826685926903 ], [ -83.239183597250886, 35.33062035628685 ], [ -83.213844104138261, 35.314846869815426 ], [ -83.218138177019668, 35.289286483600513 ], [ -83.247753730058434, 35.27949772571511 ] ] ] } },
{ "type": "Feature", "properties": { "hex_id": 786, "n_locations": 202, "access_capacity_2023": 0.84353802454132043, "access_capacity_2026": 0.62230137549365938, "capacity_access_change": -0.2212366490476611, "quality_access_2023": 0.62639710107568769, "quality_access_2026": 0.49341495798358675, "quality_access_change": -0.13298214309210088, "mean_providers_2023": 20.831683168316832, "mean_providers_2026": 15.490099009900991, "pct_capacity_improved": 0.0, "pct_quality_improved": 0.0, "pct_persistent_low": 0.0, "persistence": "Not in lowest-access decile", "county": "Jackson" }, "geometry": { "type": "Polygon", "coordinates": [ [ [ -83.234894235753131, 35.356180537566267 ], [ -83.260251762060065, 35.371948906371884 ], [ -83.255967125064359, 35.397508894281863 ], [ -83.22630690829709, 35.407298654264665 ], [ -83.200944661776475, 35.391523498815893 ], [ -83.205247349376648, 35.365965372994161 ], [ -83.234894235753131, 35.356180537566267 ] ] ] } },
{ "type": "Feature", "properties": { "hex_id": 787, "n_locations": 34, "access_capacity_2023": 0.20985743315966526, "access_capacity_2026": 0.22103232182997629, "capacity_access_change": 0.011174888670311026, "quality_access_2023": 0.14712894789184439, "quality_access_2026": 0.17983857241687365, "quality_access_change": 0.032709624525029256, "mean_providers_2023": 3.7941176470588234, "mean_providers_2026": 3.3235294117647056, "pct_capacity_improved": 1.0, "pct_quality_improved": 0.91176470588235292, "pct_persistent_low": 0.088235294117647065, "persistence": "Not in lowest-access decile", "county": "Jackson" }, "geometry": { "type": "Polygon", "coordinates": [ [ [ -83.222008936618479, 35.432856598554544 ], [ -83.247389251183122, 35.448626647661619 ], [ -83.243096008576899, 35.474184422015327 ], [ -83.213404363030875, 35.483970281217601 ], [ -83.188019323699237, 35.468193426427156 ], [ -83.192330651809101, 35.442637521093651 ], [ -83.222008936618479, 35.432856598554544 ] ] ] } },
{ "type": "Feature", "properties": { "hex_id": 805, "n_locations": 16, "access_capacity_2023": 0.48545202227023077, "access_capacity_2026": 0.43971983379092594, "capacity_access_change": -0.045732188479304804, "quality_access_2023": 0.33899297890644475, "quality_access_2026": 0.32477723179824958, "quality_access_change": -0.014215747108195211, "mean_providers_2023": 10.125, "mean_providers_2026": 7.75, "pct_capacity_improved": 0.0, "pct_quality_improved": 0.0, "pct_persistent_low": 0.0625, "persistence": "Not in lowest-access decile", "county": "Jackson" }, "geometry": { "type": "Polygon", "coordinates": [ [ [ -83.226717728055348, 35.23816341979898 ], [ -83.252034507065943, 35.2539352675714 ], [ -83.247753730058434, 35.27949772571511 ], [ -83.218138177019668, 35.289286483600513 ], [ -83.192816695436093, 35.273507877342062 ], [ -83.197115466615571, 35.247947274635898 ], [ -83.226717728055348, 35.23816341979898 ] ] ] } },
{ "type": "Feature", "properties": { "hex_id": 806, "n_locations": 166, "access_capacity_2023": 0.81411517446091153, "access_capacity_2026": 0.60815129169611559, "capacity_access_change": -0.20596388276479594, "quality_access_2023": 0.57249724403339997, "quality_access_2026": 0.46535814749297733, "quality_access_change": -0.10713909654042263, "mean_providers_2023": 16.421686746987952, "mean_providers_2026": 11.451807228915662, "pct_capacity_improved": 0.0, "pct_quality_improved": 0.0, "pct_persistent_low": 0.0, "persistence": "Not in lowest-access decile", "county": "Jackson" }, "geometry": { "type": "Polygon", "coordinates": [ [ [ -83.213844104138261, 35.314846869815426 ], [ -83.239183597250886, 35.33062035628685 ], [ -83.234894235753131, 35.356180537566267 ], [ -83.205247349376648, 35.365965372994161 ], [ -83.179903149168453, 35.350185109080414 ], [ -83.184210539572334, 35.3246267901417 ], [ -83.213844104138261, 35.314846869815426 ] ] ] } },
{ "type": "Feature", "properties": { "hex_id": 807, "n_locations": 50, "access_capacity_2023": 0.59181258419933047, "access_capacity_2026": 0.47830948241215387, "capacity_access_change": -0.11350310178717661, "quality_access_2023": 0.42959319583450162, "quality_access_2026": 0.37649588430160724, "quality_access_change": -0.053097311532894403, "mean_providers_2023": 17.72, "mean_providers_2026": 13.36, "pct_capacity_improved": 0.0, "pct_quality_improved": 0.02, "pct_persistent_low": 0.02, "persistence": "Not in lowest-access decile", "county": "Jackson" }, "geometry": { "type": "Polygon", "coordinates": [ [ [ -83.200944661776475, 35.391523498815893 ], [ -83.22630690829709, 35.407298654264665 ], [ -83.222008936618479, 35.432856598554544 ], [ -83.192330651809101, 35.442637521093651 ], [ -83.166963693672002, 35.426855569190451 ], [ -83.17127972908942, 35.401299494172441 ], [ -83.200944661776475, 35.391523498815893 ] ] ] } },
{ "type": "Feature", "properties": { "hex_id": 808, "n_locations": 49, "access_capacity_2023": 0.11066756501865535, "access_capacity_2026": 0.1332409821594604, "capacity_access_change": 0.022573417140805036, "quality_access_2023": 0.090696209084709906, "quality_access_2026": 0.10559577252385013, "quality_access_change": 0.01489956343914022, "mean_providers_2023": 3.8979591836734691, "mean_providers_2026": 3.8367346938775508, "pct_capacity_improved": 1.0, "pct_quality_improved": 0.69387755102040816, "pct_persistent_low": 0.67346938775510201, "persistence": "Persistently lowest-access", "county": "Jackson" }, "geometry": { "type": "Polygon", "coordinates": [ [ [ -83.188019323699237, 35.468193426427156 ], [ -83.213404363030875, 35.483970281217601 ], [ -83.209097755378821, 35.509526028481403 ], [ -83.179388006842004, 35.519303047702287 ], [ -83.153998251374773, 35.503519377389011 ], [ -83.158322957697195, 35.477965506356576 ], [ -83.188019323699237, 35.468193426427156 ] ] ] } },
{ "type": "Feature", "properties": { "hex_id": 823, "n_locations": 12, "access_capacity_2023": 1.3969893519753616, "access_capacity_2026": 1.095138335798536, "capacity_access_change": -0.30185101617682547, "quality_access_2023": 1.0256868111073614, "quality_access_2026": 0.76259377251867877, "quality_access_change": -0.26309303858868255, "mean_providers_2023": 4.083333333333333, "mean_providers_2026": 3.0833333333333335, "pct_capacity_improved": 0.0, "pct_quality_improved": 0.0, "pct_persistent_low": 0.0, "persistence": "Not in lowest-access decile", "county": "Macon" }, "geometry": { "type": "Polygon", "coordinates": [ [ [ -83.231402649997179, 35.043434359125136 ], [ -83.25665621056767, 35.059208173568742 ], [ -83.252387828113669, 35.084775579519835 ], [ -83.222847978732986, 35.094567331994284 ], [ -83.19758973762859, 35.078786805919016 ], [ -83.201876023612684, 35.05322124192876 ], [ -83.231402649997179, 35.043434359125136 ] ] ] } },
{ "type": "Feature", "properties": { "hex_id": 824, "n_locations": 13, "access_capacity_2023": 0.11088100465154142, "access_capacity_2026": 0.16597665380232227, "capacity_access_change": 0.055095649150780857, "quality_access_2023": 0.10890427363171197, "quality_access_2026": 0.16557085324136267, "quality_access_change": 0.0566665796096507, "mean_providers_2023": 0.76923076923076927, "mean_providers_2026": 0.84615384615384615, "pct_capacity_improved": 1.0, "pct_quality_improved": 0.53846153846153844, "pct_persistent_low": 0.84615384615384615, "persistence": "Persistently lowest-access", "county": "Macon" }, "geometry": { "type": "Polygon", "coordinates": [ [ [ -83.218566369041781, 35.120132621428361 ], [ -83.243842530902711, 35.135908003036342 ], [ -83.239565610493216, 35.161473029402188 ], [ -83.209994587382738, 35.171260828288915 ], [ -83.184713740494118, 35.155478716230846 ], [ -83.189008598906398, 35.129915538672883 ], [ -83.218566369041781, 35.120132621428361 ] ] ] } },
{ "type": "Feature", "properties": { "hex_id": 826, "n_locations": 125, "access_capacity_2023": 0.70482749061259531, "access_capacity_2026": 0.59316794937048223, "capacity_access_change": -0.11165954124211303, "quality_access_2023": 0.50958351200406804, "quality_access_2026": 0.43618078082611456, "quality_access_change": -0.073402731177953512, "mean_providers_2023": 14.032, "mean_providers_2026": 9.888, "pct_capacity_improved": 0.0, "pct_quality_improved": 0.0, "pct_persistent_low": 0.0, "persistence": "Not in lowest-access decile", "county": "Jackson" }, "geometry": { "type": "Polygon", "coordinates": [ [ [ -83.192816695436093, 35.273507877342062 ], [ -83.218138177019668, 35.289286483600513 ], [ -83.213844104138261, 35.314846869815426 ], [ -83.184210539572334, 35.3246267901417 ], [ -83.158884363978501, 35.308841415631605 ], [ -83.163196444101061, 35.283282892001537 ], [ -83.192816695436093, 35.273507877342062 ] ] ] } },
{ "type": "Feature", "properties": { "hex_id": 827, "n_locations": 92, "access_capacity_2023": 0.7862169388321868, "access_capacity_2026": 0.58978165842730401, "capacity_access_change": -0.19643528040488284, "quality_access_2023": 0.56843439429813458, "quality_access_2026": 0.45597156139170519, "quality_access_change": -0.11246283290642943, "mean_providers_2023": 21.5, "mean_providers_2026": 16.608695652173914, "pct_capacity_improved": 0.0, "pct_quality_improved": 0.0, "pct_persistent_low": 0.0, "persistence": "Not in lowest-access decile", "county": "Jackson" }, "geometry": { "type": "Polygon", "coordinates": [ [ [ -83.179903149168453, 35.350185109080414 ], [ -83.205247349376648, 35.365965372994161 ], [ -83.200944661776475, 35.391523498815893 ], [ -83.17127972908942, 35.401299494172441 ], [ -83.145930830382341, 35.385512443023025 ], [ -83.150251559990053, 35.359956186716502 ], [ -83.179903149168453, 35.350185109080414 ] ] ] } },
{ "type": "Feature", "properties": { "hex_id": 843, "n_locations": 34, "access_capacity_2023": 1.4023051349504185, "access_capacity_2026": 1.0791920716403525, "capacity_access_change": -0.32311306331006584, "quality_access_2023": 1.0132830971469715, "quality_access_2026": 0.75456325754787079, "quality_access_change": -0.25871983959910083, "mean_providers_2023": 4.1764705882352944, "mean_providers_2026": 3.0882352941176472, "pct_capacity_improved": 0.0, "pct_quality_improved": 0.0, "pct_persistent_low": 0.0, "persistence": "Not in lowest-access decile", "county": "Macon" }, "geometry": { "type": "Polygon", "coordinates": [ [ [ -83.210440042984317, 35.00208769675919 ], [ -83.23567571722235, 35.017866666901966 ], [ -83.231402649997179, 35.043434359125136 ], [ -83.201876023612684, 35.05322124192876 ], [ -83.176635681797478, 35.037435569252338 ], [ -83.180926631118012, 35.011869719227889 ], [ -83.210440042984317, 35.00208769675919 ] ] ] } },
{ "type": "Feature", "properties": { "hex_id": 844, "n_locations": 22, "access_capacity_2023": 1.4572571668803382, "access_capacity_2026": 1.3407015252099792, "capacity_access_change": -0.11655564167035912, "quality_access_2023": 1.0371527241859821, "quality_access_2026": 0.95736008946212636, "quality_access_change": -0.079792634723855824, "mean_providers_2023": 5.3636363636363633, "mean_providers_2026": 4.5454545454545459, "pct_capacity_improved": 0.0, "pct_quality_improved": 0.18181818181818182, "pct_persistent_low": 0.0, "persistence": "Not in lowest-access decile", "county": "Macon" }, "geometry": { "type": "Polygon", "coordinates": [ [ [ -83.19758973762859, 35.078786805919016 ], [ -83.222847978732986, 35.094567331994284 ], [ -83.218566369041781, 35.120132621428361 ], [ -83.189008598906398, 35.129915538672883 ], [ -83.163745685762891, 35.114128291272792 ], [ -83.16804521195678, 35.088564850883813 ], [ -83.19758973762859, 35.078786805919016 ] ] ] } },
{ "type": "Feature", "properties": { "hex_id": 845, "n_locations": 15, "access_capacity_2023": 0.69938000291754598, "access_capacity_2026": 0.83753600360036007, "capacity_access_change": 0.13815600068281411, "quality_access_2023": 0.64905917507783994, "quality_access_2026": 0.78347539753975404, "quality_access_change": 0.13441622246191404, "mean_providers_2023": 3.0, "mean_providers_2026": 3.0, "pct_capacity_improved": 1.0, "pct_quality_improved": 0.93333333333333335, "pct_persistent_low": 0.066666666666666666, "persistence": "Not in lowest-access decile", "county": "Jackson" }, "geometry": { "type": "Polygon", "coordinates": [ [ [ -83.184713740494118, 35.155478716230846 ], [ -83.209994587382738, 35.171260828288915 ], [ -83.205704409740392, 35.196823754522285 ], [ -83.176115431353793, 35.206602715718326 ], [ -83.150829907965843, 35.190813863489851 ], [ -83.155138036615497, 35.165252793175462 ], [ -83.184713740494118, 35.155478716230846 ] ] ] } },
{ "type": "Feature", "properties": { "hex_id": 847, "n_locations": 67, "access_capacity_2023": 0.54844007931209482, "access_capacity_2026": 0.45555633192514627, "capacity_access_change": -0.092883747386948545, "quality_access_2023": 0.40079367096949792, "quality_access_2026": 0.33492930844757407, "quality_access_change": -0.065864362521923889, "mean_providers_2023": 11.62686567164179, "mean_providers_2026": 8.7014925373134311, "pct_capacity_improved": 0.0, "pct_quality_improved": 0.014925373134328358, "pct_persistent_low": 0.029850746268656716, "persistence": "Not in lowest-access decile", "county": "Jackson" }, "geometry": { "type": "Polygon", "coordinates": [ [ [ -83.158884363978501, 35.308841415631605 ], [ -83.184210539572334, 35.3246267901417 ], [ -83.179903149168453, 35.350185109080414 ], [ -83.150251559990053, 35.359956186716502 ], [ -83.124920698982024, 35.344164034179371 ], [ -83.129246109695671, 35.318607584990872 ], [ -83.158884363978501, 35.308841415631605 ] ] ] } },
{ "type": "Feature", "properties": { "hex_id": 848, "n_locations": 40, "access_capacity_2023": 0.77048172209256749, "access_capacity_2026": 0.66383904155429052, "capacity_access_change": -0.10664268053827697, "quality_access_2023": 0.55965400972165769, "quality_access_2026": 0.50801463466839925, "quality_access_change": -0.051639375053258454, "mean_providers_2023": 25.45, "mean_providers_2026": 21.9, "pct_capacity_improved": 0.0, "pct_quality_improved": 0.125, "pct_persistent_low": 0.0, "persistence": "Not in lowest-access decile", "county": "Jackson" }, "geometry": { "type": "Polygon", "coordinates": [ [ [ -83.145930830382341, 35.385512443023025 ], [ -83.17127972908942, 35.401299494172441 ], [ -83.166963693672002, 35.426855569190451 ], [ -83.137280701556847, 35.436622719318009 ], [ -83.111927112981036, 35.420828871129821 ], [ -83.116261203506795, 35.39527467281966 ], [ -83.145930830382341, 35.385512443023025 ] ] ] } },
{ "type": "Feature", "properties": { "hex_id": 864, "n_locations": 15, "access_capacity_2023": 1.584069603183401, "access_capacity_2026": 1.3796123654918684, "capacity_access_change": -0.20445723769153271, "quality_access_2023": 1.1449066552356568, "quality_access_2026": 0.99014474814189812, "quality_access_change": -0.15476190709375864, "mean_providers_2023": 5.333333333333333, "mean_providers_2026": 4.333333333333333, "pct_capacity_improved": 0.0, "pct_quality_improved": 0.0, "pct_persistent_low": 0.0, "persistence": "Not in lowest-access decile", "county": "Macon" }, "geometry": { "type": "Polygon", "coordinates": [ [ [ -83.176635681797478, 35.037435569252338 ], [ -83.201876023612684, 35.05322124192876 ], [ -83.19758973762859, 35.078786805919016 ], [ -83.16804521195678, 35.088564850883813 ], [ -83.142800211058571, 35.07277246599817 ], [ -83.14710439207829, 35.047208751281893 ], [ -83.176635681797478, 35.037435569252338 ] ] ] } },
{ "type": "Feature", "properties": { "hex_id": 865, "n_locations": 16, "access_capacity_2023": 0.99406157165007025, "access_capacity_2026": 1.1788462272776088, "capacity_access_change": 0.18478465562753862, "quality_access_2023": 0.83476125272537827, "quality_access_2026": 1.0259173057089814, "quality_access_change": 0.19115605298360319, "mean_providers_2023": 4.0625, "mean_providers_2026": 4.0, "pct_capacity_improved": 1.0, "pct_quality_improved": 1.0, "pct_persistent_low": 0.125, "persistence": "Not in lowest-access decile", "county": "Jackson" }, "geometry": { "type": "Polygon", "coordinates": [ [ [ -83.163745685762891, 35.114128291272792 ], [ -83.189008598906398, 35.129915538672883 ], [ -83.184713740494118, 35.155478716230846 ], [ -83.155138036615497, 35.165252793175462 ], [ -83.129870459960642, 35.149458814747973 ], [ -83.134183247847631, 35.123897493337118 ], [ -83.163745685762891, 35.114128291272792 ] ] ] } },
{ "type": "Feature", "properties": { "hex_id": 866, "n_locations": 13, "access_capacity_2023": 1.082043503366463, "access_capacity_2026": 1.2569309025850404, "capacity_access_change": 0.17488739921857727, "quality_access_2023": 0.9429014941993703, "quality_access_2026": 1.1100554523344965, "quality_access_change": 0.16715395813512623, "mean_providers_2023": 5.0769230769230766, "mean_providers_2026": 5.2307692307692308, "pct_capacity_improved": 1.0, "pct_quality_improved": 1.0, "pct_persistent_low": 0.0, "persistence": "Not in lowest-access decile", "county": "Jackson" }, "geometry": { "type": "Polygon", "coordinates": [ [ [ -83.150829907965843, 35.190813863489851 ], [ -83.176115431353793, 35.206602715718326 ], [ -83.171811974929128, 35.232163546461081 ], [ -83.142205028245925, 35.24193366487011 ], [ -83.116914836920159, 35.226138062741342 ], [ -83.121236257356045, 35.200579095046578 ], [ -83.150829907965843, 35.190813863489851 ] ] ] } },
{ "type": "Feature", "properties": { "hex_id": 867, "n_locations": 56, "access_capacity_2023": 0.68239833998944377, "access_capacity_2026": 0.65374810033452291, "capacity_access_change": -0.028650239654920858, "quality_access_2023": 0.52293287539650324, "quality_access_2026": 0.52382427222212213, "quality_access_change": 0.00089139682561882052, "mean_providers_2023": 11.660714285714286, "mean_providers_2026": 9.0, "pct_capacity_improved": 0.0, "pct_quality_improved": 0.3392857142857143, "pct_persistent_low": 0.035714285714285712, "persistence": "Not in lowest-access decile", "county": "Jackson" }, "geometry": { "type": "Polygon", "coordinates": [ [ [ -83.137888271456902, 35.267492404755721 ], [ -83.163196444101061, 35.283282892001537 ], [ -83.158884363978501, 35.308841415631605 ], [ -83.129246109695671, 35.318607584990872 ], [ -83.103933264689232, 35.302810328916713 ], [ -83.108263343457224, 35.27725367526331 ], [ -83.137888271456902, 35.267492404755721 ] ] ] } },
{ "type": "Feature", "properties": { "hex_id": 869, "n_locations": 28, "access_capacity_2023": 0.5777668767837435, "access_capacity_2026": 0.5465810088228773, "capacity_access_change": -0.031185867960866202, "quality_access_2023": 0.43836360302254834, "quality_access_2026": 0.41331068700990631, "quality_access_change": -0.025052916012642056, "mean_providers_2023": 25.75, "mean_providers_2026": 24.714285714285715, "pct_capacity_improved": 0.0, "pct_quality_improved": 0.42857142857142855, "pct_persistent_low": 0.0, "persistence": "Not in lowest-access decile", "county": "Jackson" }, "geometry": { "type": "Polygon", "coordinates": [ [ [ -83.111927112981036, 35.420828871129821 ], [ -83.137280701556847, 35.436622719318009 ], [ -83.132951296574447, 35.462176748177761 ], [ -83.103250231914245, 35.471935047900509 ], [ -83.07789196213345, 35.456134392860676 ], [ -83.082239435324297, 35.430582247919617 ], [ -83.111927112981036, 35.420828871129821 ] ] ] } },
{ "type": "Feature", "properties": { "hex_id": 870, "n_locations": 53, "access_capacity_2023": 0.38828184828628459, "access_capacity_2026": 0.43475237532862526, "capacity_access_change": 0.04647052704234067, "quality_access_2023": 0.29439846072959863, "quality_access_2026": 0.31020633248981794, "quality_access_change": 0.015807871760219271, "mean_providers_2023": 15.830188679245284, "mean_providers_2026": 17.924528301886792, "pct_capacity_improved": 1.0, "pct_quality_improved": 0.83018867924528306, "pct_persistent_low": 0.018867924528301886, "persistence": "Not in lowest-access decile", "county": "Haywood" }, "geometry": { "type": "Polygon", "coordinates": [ [ [ -83.09890743558617, 35.497487035239075 ], [ -83.12428379103018, 35.513282609524687 ], [ -83.119945684680786, 35.538834450903053 ], [ -83.090213116844367, 35.548588830042569 ], [ -83.064832075777289, 35.53278642980915 ], [ -83.069188285264687, 35.50723647936308 ], [ -83.09890743558617, 35.497487035239075 ] ] ] } },
{ "type": "Feature", "properties": { "hex_id": 885, "n_locations": 13, "access_capacity_2023": 1.5283379608268344, "access_capacity_2026": 1.6215553629034876, "capacity_access_change": 0.093217402076653133, "quality_access_2023": 1.0987916870726653, "quality_access_2026": 1.1977160649465426, "quality_access_change": 0.098924377873877367, "mean_providers_2023": 6.8461538461538458, "mean_providers_2026": 5.8461538461538458, "pct_capacity_improved": 1.0, "pct_quality_improved": 0.61538461538461542, "pct_persistent_low": 0.0, "persistence": "Not in lowest-access decile", "county": "Jackson" }, "geometry": { "type": "Polygon", "coordinates": [ [ [ -83.142800211058571, 35.07277246599817 ], [ -83.16804521195678, 35.088564850883813 ], [ -83.163745685762891, 35.114128291272792 ], [ -83.134183247847631, 35.123897493337118 ], [ -83.10893359639357, 35.108098386557337 ], [ -83.113251030562722, 35.082536802535273 ], [ -83.142800211058571, 35.07277246599817 ] ] ] } },
{ "type": "Feature", "properties": { "hex_id": 886, "n_locations": 12, "access_capacity_2023": 1.2828191646527238, "access_capacity_2026": 1.4964929305430543, "capacity_access_change": 0.21367376589033049, "quality_access_2023": 1.1409307552076799, "quality_access_2026": 1.3595232335733574, "quality_access_change": 0.21859247836567738, "mean_providers_2023": 4.0, "mean_providers_2026": 4.0, "pct_capacity_improved": 1.0, "pct_quality_improved": 1.0, "pct_persistent_low": 0.0, "persistence": "Not in lowest-access decile", "county": "Jackson" }, "geometry": { "type": "Polygon", "coordinates": [ [ [ -83.129870459960642, 35.149458814747973 ], [ -83.155138036615497, 35.165252793175462 ], [ -83.150829907965843, 35.190813863489851 ], [ -83.121236257356045, 35.200579095046578 ], [ -83.095964025750646, 35.184778375879532 ], [ -83.10029009684645, 35.159219168832188 ], [ -83.129870459960642, 35.149458814747973 ] ] ] } },
{ "type": "Feature", "properties": { "hex_id": 887, "n_locations": 36, "access_capacity_2023": 0.74240647193243237, "access_capacity_2026": 0.80215589306542756, "capacity_access_change": 0.059749421132995202, "quality_access_2023": 0.62633954878065401, "quality_access_2026": 0.70024453579669077, "quality_access_change": 0.073904987016036705, "mean_providers_2023": 9.4166666666666661, "mean_providers_2026": 8.0833333333333339, "pct_capacity_improved": 1.0, "pct_quality_improved": 0.69444444444444442, "pct_persistent_low": 0.027777777777777776, "persistence": "Not in lowest-access decile", "county": "Jackson" }, "geometry": { "type": "Polygon", "coordinates": [ [ [ -83.116914836920159, 35.226138062741342 ], [ -83.142205028245925, 35.24193366487011 ], [ -83.137888271456902, 35.267492404755721 ], [ -83.108263343457224, 35.27725367526331 ], [ -83.082968492788382, 35.261451313494689 ], [ -83.087303226591843, 35.235894443804078 ], [ -83.116914836920159, 35.226138062741342 ] ] ] } },
{ "type": "Feature", "properties": { "hex_id": 889, "n_locations": 10, "access_capacity_2023": 0.5344059767113799, "access_capacity_2026": 0.53148854769422094, "capacity_access_change": -0.0029174290171589826, "quality_access_2023": 0.41190420490126595, "quality_access_2026": 0.40473461864525934, "quality_access_change": -0.0071695862560065913, "mean_providers_2023": 24.8, "mean_providers_2026": 24.0, "pct_capacity_improved": 0.0, "pct_quality_improved": 0.4, "pct_persistent_low": 0.0, "persistence": "Not in lowest-access decile", "county": "Jackson" }, "geometry": { "type": "Polygon", "coordinates": [ [ [ -83.090925665714053, 35.379475732470517 ], [ -83.116261203506795, 35.39527467281966 ], [ -83.111927112981036, 35.420828871129821 ], [ -83.082239435324297, 35.430582247919617 ], [ -83.056899229409893, 35.414776509963552 ], [ -83.061251366380617, 35.389224195788536 ], [ -83.090925665714053, 35.379475732470517 ] ] ] } },
{ "type": "Feature", "properties": { "hex_id": 890, "n_locations": 20, "access_capacity_2023": 0.36444226445288658, "access_capacity_2026": 0.39228985349495404, "capacity_access_change": 0.02784758904206746, "quality_access_2023": 0.27408841859085131, "quality_access_2026": 0.28630866084002976, "quality_access_change": 0.012220242249178444, "mean_providers_2023": 15.85, "mean_providers_2026": 16.85, "pct_capacity_improved": 1.0, "pct_quality_improved": 0.75, "pct_persistent_low": 0.15, "persistence": "Not in lowest-access decile", "county": "Haywood" }, "geometry": { "type": "Polygon", "coordinates": [ [ [ -83.07789196213345, 35.456134392860676 ], [ -83.103250231914245, 35.471935047900509 ], [ -83.09890743558617, 35.497487035239075 ], [ -83.069188285264687, 35.50723647936308 ], [ -83.043825342976319, 35.491429007648712 ], [ -83.048186220612237, 35.465878911457843 ], [ -83.07789196213345, 35.456134392860676 ] ] ] } },
{ "type": "Feature", "properties": { "hex_id": 891, "n_locations": 31, "access_capacity_2023": 0.24487063262371112, "access_capacity_2026": 0.25591160125692253, "capacity_access_change": 0.011040968633211412, "quality_access_2023": 0.1907319488532972, "quality_access_2026": 0.17917754672324798, "quality_access_change": -0.011554402130049232, "mean_providers_2023": 10.903225806451612, "mean_providers_2026": 10.935483870967742, "pct_capacity_improved": 1.0, "pct_quality_improved": 0.22580645161290322, "pct_persistent_low": 0.32258064516129031, "persistence": "Not in lowest-access decile", "county": "Haywood" }, "geometry": { "type": "Polygon", "coordinates": [ [ [ -83.064832075777289, 35.53278642980915 ], [ -83.090213116844367, 35.548588830042569 ], [ -83.085861588620602, 35.574138646405352 ], [ -83.056110900143807, 35.583884167327987 ], [ -83.030725182185606, 35.56807493129584 ], [ -83.035094826679043, 35.542527013121941 ], [ -83.064832075777289, 35.53278642980915 ] ] ] } },
{ "type": "Feature", "properties": { "hex_id": 906, "n_locations": 16, "access_capacity_2023": 1.4481149168255245, "access_capacity_2026": 1.6436698280271069, "capacity_access_change": 0.1955549112015825, "quality_access_2023": 1.1638797722985312, "quality_access_2026": 1.3673318155493885, "quality_access_change": 0.20345204325085739, "mean_providers_2023": 5.0, "mean_providers_2026": 5.0, "pct_capacity_improved": 1.0, "pct_quality_improved": 1.0, "pct_persistent_low": 0.0, "persistence": "Not in lowest-access decile", "county": "Jackson" }, "geometry": { "type": "Polygon", "coordinates": [ [ [ -83.10893359639357, 35.108098386557337 ], [ -83.134183247847631, 35.123897493337118 ], [ -83.129870459960642, 35.149458814747973 ], [ -83.10029009684645, 35.159219168832188 ], [ -83.075035803396716, 35.143413330463659 ], [ -83.079366512197922, 35.117853872530546 ], [ -83.10893359639357, 35.108098386557337 ] ] ] } },
{ "type": "Feature", "properties": { "hex_id": 908, "n_locations": 16, "access_capacity_2023": 0.10245946929370113, "access_capacity_2026": 0.10417666015080702, "capacity_access_change": 0.0017171908571059075, "quality_access_2023": 0.077645115871771239, "quality_access_2026": 0.072439168824146832, "quality_access_change": -0.0052059470476244034, "mean_providers_2023": 1.9375, "mean_providers_2026": 2.0, "pct_capacity_improved": 1.0, "pct_quality_improved": 0.125, "pct_persistent_low": 0.625, "persistence": "Persistently lowest-access", "county": "Jackson" }, "geometry": { "type": "Polygon", "coordinates": [ [ [ -83.082968492788382, 35.261451313494689 ], [ -83.108263343457224, 35.27725367526331 ], [ -83.103933264689232, 35.302810328916713 ], [ -83.074290342353834, 35.312562746390306 ], [ -83.048990840970006, 35.296753615232639 ], [ -83.05333890975497, 35.271198838939135 ], [ -83.082968492788382, 35.261451313494689 ] ] ] } },
{ "type": "Feature", "properties": { "hex_id": 910, "n_locations": 67, "access_capacity_2023": 0.57987545733709811, "access_capacity_2026": 0.58617518444181249, "capacity_access_change": 0.0062997271047143168, "quality_access_2023": 0.43183092288988517, "quality_access_2026": 0.43685761829247005, "quality_access_change": 0.0050266954025848598, "mean_providers_2023": 23.880597014925375, "mean_providers_2026": 23.940298507462686, "pct_capacity_improved": 1.0, "pct_quality_improved": 0.52238805970149249, "pct_persistent_low": 0.13432835820895522, "persistence": "Not in lowest-access decile", "county": "Haywood" }, "geometry": { "type": "Polygon", "coordinates": [ [ [ -83.056899229409893, 35.414776509963552 ], [ -83.082239435324297, 35.430582247919617 ], [ -83.07789196213345, 35.456134392860676 ], [ -83.048186220612237, 35.465878911457843 ], [ -83.022841355272774, 35.450066366090311 ], [ -83.027206887975083, 35.424516112504008 ], [ -83.056899229409893, 35.414776509963552 ] ] ] } },
{ "type": "Feature", "properties": { "hex_id": 911, "n_locations": 70, "access_capacity_2023": 0.4813515250983198, "access_capacity_2026": 0.50012554104528706, "capacity_access_change": 0.01877401594696718, "quality_access_2023": 0.36238715218402728, "quality_access_2026": 0.35775367543557762, "quality_access_change": -0.0046334767484497059, "mean_providers_2023": 18.828571428571429, "mean_providers_2026": 20.557142857142857, "pct_capacity_improved": 1.0, "pct_quality_improved": 0.5714285714285714, "pct_persistent_low": 0.014285714285714285, "persistence": "Not in lowest-access decile", "county": "Haywood" }, "geometry": { "type": "Polygon", "coordinates": [ [ [ -83.043825342976319, 35.491429007648712 ], [ -83.069188285264687, 35.50723647936308 ], [ -83.064832075777289, 35.53278642980915 ], [ -83.035094826679043, 35.542527013121941 ], [ -83.009727220614252, 35.526712714900455 ], [ -83.014101524508106, 35.501164662849305 ], [ -83.043825342976319, 35.491429007648712 ] ] ] } },
{ "type": "Feature", "properties": { "hex_id": 912, "n_locations": 45, "access_capacity_2023": 0.30806740854871023, "access_capacity_2026": 0.35671248606672507, "capacity_access_change": 0.048645077518014855, "quality_access_2023": 0.23734304076246243, "quality_access_2026": 0.25448077755885046, "quality_access_change": 0.017137736796388005, "mean_providers_2023": 14.266666666666667, "mean_providers_2026": 15.933333333333332, "pct_capacity_improved": 1.0, "pct_quality_improved": 0.68888888888888888, "pct_persistent_low": 0.24444444444444444, "persistence": "Not in lowest-access decile", "county": "Haywood" }, "geometry": { "type": "Polygon", "coordinates": [ [ [ -83.030725182185606, 35.56807493129584 ], [ -83.056110900143807, 35.583884167327987 ], [ -83.05174592816509, 35.609431963305482 ], [ -83.021977105900135, 35.619168620772129 ], [ -82.996586719816719, 35.603352539080355 ], [ -83.000969821195895, 35.577806648566764 ], [ -83.030725182185606, 35.56807493129584 ] ] ] } },
{ "type": "Feature", "properties": { "hex_id": 913, "n_locations": 16, "access_capacity_2023": 0.073305605376547844, "access_capacity_2026": 0.096834354200111564, "capacity_access_change": 0.023528748823563695, "quality_access_2023": 0.06118319749153027, "quality_access_2026": 0.067426248307581885, "quality_access_change": 0.0062430508160516048, "mean_providers_2023": 3.5625, "mean_providers_2026": 4.75, "pct_capacity_improved": 1.0, "pct_quality_improved": 0.5625, "pct_persistent_low": 0.75, "persistence": "Persistently lowest-access", "county": "Haywood" }, "geometry": { "type": "Polygon", "coordinates": [ [ [ -83.01759866825283, 35.644714400986174 ], [ -83.043007201273312, 35.660525431983949 ], [ -83.038633440504398, 35.68607111360992 ], [ -83.008832979281891, 35.6958038546707 ], [ -82.983419773789976, 35.679985958803513 ], [ -82.987811699052742, 35.654442189739449 ], [ -83.01759866825283, 35.644714400986174 ] ] ] } },
{ "type": "Feature", "properties": { "hex_id": 926, "n_locations": 15, "access_capacity_2023": 0.98842896692798021, "access_capacity_2026": 1.0659543492810819, "capacity_access_change": 0.07752538235310176, "quality_access_2023": 0.71128645224501241, "quality_access_2026": 0.79201495534168809, "quality_access_change": 0.080728503096675633, "mean_providers_2023": 3.1333333333333333, "mean_providers_2026": 3.2, "pct_capacity_improved": 1.0, "pct_quality_improved": 0.93333333333333335, "pct_persistent_low": 0.0, "persistence": "Not in lowest-access decile", "county": "Jackson" }, "geometry": { "type": "Polygon", "coordinates": [ [ [ -83.088019282810336, 35.066732565241722 ], [ -83.113251030562722, 35.082536802535273 ], [ -83.10893359639357, 35.108098386557337 ], [ -83.079366512197922, 35.117853872530546 ], [ -83.05413013537229, 35.102042912789202 ], [ -83.058465468956882, 35.076483192447398 ], [ -83.088019282810336, 35.066732565241722 ] ] ] } },
{ "type": "Feature", "properties": { "hex_id": 931, "n_locations": 274, "access_capacity_2023": 0.82274587992776438, "access_capacity_2026": 0.84589832552464961, "capacity_access_change": 0.023152445596885216, "quality_access_2023": 0.61157045631917739, "quality_access_2026": 0.61462562546857324, "quality_access_change": 0.0030551691493959149, "mean_providers_2023": 27.828467153284674, "mean_providers_2026": 30.583941605839417, "pct_capacity_improved": 1.0, "pct_quality_improved": 0.51824817518248179, "pct_persistent_low": 0.0036496350364963502, "persistence": "Not in lowest-access decile", "county": "Haywood" }, "geometry": { "type": "Polygon", "coordinates": [ [ [ -83.022841355272774, 35.450066366090311 ], [ -83.048186220612237, 35.465878911457843 ], [ -83.043825342976319, 35.491429007648712 ], [ -83.014101524508106, 35.501164662849305 ], [ -82.988752008473952, 35.48534530025583 ], [ -82.993130958686976, 35.459797102657603 ], [ -83.022841355272774, 35.450066366090311 ] ] ] } },
{ "type": "Feature", "properties": { "hex_id": 932, "n_locations": 79, "access_capacity_2023": 0.50999471215356729, "access_capacity_2026": 0.55267017791230466, "capacity_access_change": 0.042675465758737458, "quality_access_2023": 0.3852101822880955, "quality_access_2026": 0.39549414824486995, "quality_access_change": 0.010283965956774424, "mean_providers_2023": 19.911392405063292, "mean_providers_2026": 22.367088607594937, "pct_capacity_improved": 1.0, "pct_quality_improved": 0.73417721518987344, "pct_persistent_low": 0.0, "persistence": "Not in lowest-access decile", "county": "Haywood" }, "geometry": { "type": "Polygon", "coordinates": [ [ [ -83.009727220614252, 35.526712714900455 ], [ -83.035094826679043, 35.542527013121941 ], [ -83.030725182185606, 35.56807493129584 ], [ -83.000969821195895, 35.577806648566764 ], [ -82.975597560119724, 35.561985513995602 ], [ -82.97998531211735, 35.536439501482228 ], [ -83.009727220614252, 35.526712714900455 ] ] ] } },
{ "type": "Feature", "properties": { "hex_id": 933, "n_locations": 28, "access_capacity_2023": 0.22399317625812667, "access_capacity_2026": 0.29647748977261573, "capacity_access_change": 0.072484313514489057, "quality_access_2023": 0.17991852535319316, "quality_access_2026": 0.20931676059967971, "quality_access_change": 0.029398235246486541, "mean_providers_2023": 11.75, "mean_providers_2026": 14.428571428571427, "pct_capacity_improved": 1.0, "pct_quality_improved": 0.7142857142857143, "pct_persistent_low": 0.21428571428571427, "persistence": "Not in lowest-access decile", "county": "Haywood" }, "geometry": { "type": "Polygon", "coordinates": [ [ [ -82.996586719816719, 35.603352539080355 ], [ -83.021977105900135, 35.619168620772129 ], [ -83.01759866825283, 35.644714400986174 ], [ -82.987811699052742, 35.654442189739449 ], [ -82.96241665364397, 35.638619252517216 ], [ -82.966813233821696, 35.613075385060448 ], [ -82.996586719816719, 35.603352539080355 ] ] ] } },
{ "type": "Feature", "properties": { "hex_id": 951, "n_locations": 80, "access_capacity_2023": 0.4345530039734139, "access_capacity_2026": 0.46137246141832905, "capacity_access_change": 0.026819457444915179, "quality_access_2023": 0.32653778007298317, "quality_access_2026": 0.32840075493328291, "quality_access_change": 0.001862974860299756, "mean_providers_2023": 16.8375, "mean_providers_2026": 18.5375, "pct_capacity_improved": 1.0, "pct_quality_improved": 0.575, "pct_persistent_low": 0.0375, "persistence": "Not in lowest-access decile", "county": "Haywood" }, "geometry": { "type": "Polygon", "coordinates": [ [ [ -83.00188007778857, 35.408698491303177 ], [ -83.027206887975083, 35.424516112504008 ], [ -83.022841355272774, 35.450066366090311 ], [ -82.993130958686976, 35.459797102657603 ], [ -82.967799510854533, 35.443972673501662 ], [ -82.972183094338376, 35.418424318697447 ], [ -83.00188007778857, 35.408698491303177 ] ] ] } },
{ "type": "Feature", "properties": { "hex_id": 952, "n_locations": 259, "access_capacity_2023": 0.8085735196215863, "access_capacity_2026": 0.9023551514075161, "capacity_access_change": 0.093781631785929701, "quality_access_2023": 0.60672556993180549, "quality_access_2026": 0.64830299618606313, "quality_access_change": 0.041577426254257623, "mean_providers_2023": 24.872586872586872, "mean_providers_2026": 29.351351351351351, "pct_capacity_improved": 1.0, "pct_quality_improved": 0.9073359073359073, "pct_persistent_low": 0.0, "persistence": "Not in lowest-access decile", "county": "Haywood" }, "geometry": { "type": "Polygon", "coordinates": [ [ [ -82.988752008473952, 35.48534530025583 ], [ -83.014101524508106, 35.501164662849305 ], [ -83.009727220614252, 35.526712714900455 ], [ -82.97998531211735, 35.536439501482228 ], [ -82.954631154152622, 35.520613311838488 ], [ -82.959023543688346, 35.495067165636215 ], [ -82.988752008473952, 35.48534530025583 ] ] ] } },
{ "type": "Feature", "properties": { "hex_id": 953, "n_locations": 49, "access_capacity_2023": 0.44607382083955988, "access_capacity_2026": 0.53503185599030811, "capacity_access_change": 0.088958035150748196, "quality_access_2023": 0.34180685890816181, "quality_access_2026": 0.3783956875171442, "quality_access_change": 0.036588828608982375, "mean_providers_2023": 21.102040816326532, "mean_providers_2026": 24.346938775510203, "pct_capacity_improved": 1.0, "pct_quality_improved": 1.0, "pct_persistent_low": 0.0, "persistence": "Not in lowest-access decile", "county": "Haywood" }, "geometry": { "type": "Polygon", "coordinates": [ [ [ -82.975597560119724, 35.561985513995602 ], [ -83.000969821195895, 35.577806648566764 ], [ -82.996586719816719, 35.603352539080355 ], [ -82.966813233821696, 35.613075385060448 ], [ -82.941436326533108, 35.597247404287117 ], [ -82.945837548513325, 35.571703426717981 ], [ -82.975597560119724, 35.561985513995602 ] ] ] } },
{ "type": "Feature", "properties": { "hex_id": 954, "n_locations": 24, "access_capacity_2023": 0.11392726618992044, "access_capacity_2026": 0.15362650415616408, "capacity_access_change": 0.039699237966243639, "quality_access_2023": 0.094494613072143241, "quality_access_2026": 0.10351143242610206, "quality_access_change": 0.0090168193539588142, "mean_providers_2023": 5.75, "mean_providers_2026": 7.7916666666666661, "pct_capacity_improved": 1.0, "pct_quality_improved": 0.58333333333333337, "pct_persistent_low": 0.83333333333333337, "persistence": "Persistently lowest-access", "county": "Haywood" }, "geometry": { "type": "Polygon", "coordinates": [ [ [ -82.96241665364397, 35.638619252517216 ], [ -82.987811699052742, 35.654442189739449 ], [ -82.983419773789976, 35.679985958803513 ], [ -82.95361464450869, 35.689704873567578 ], [ -82.928214948608527, 35.673875070934002 ], [ -82.932625029530712, 35.648333221939104 ], [ -82.96241665364397, 35.638619252517216 ] ] ] } },
{ "type": "Feature", "properties": { "hex_id": 972, "n_locations": 123, "access_capacity_2023": 0.65188152122502674, "access_capacity_2026": 0.71607240736105482, "capacity_access_change": 0.06419088613602815, "quality_access_2023": 0.4762110411308807, "quality_access_2026": 0.51569532441492894, "quality_access_change": 0.039484283284048245, "mean_providers_2023": 22.1869918699187, "mean_providers_2026": 26.195121951219512, "pct_capacity_improved": 1.0, "pct_quality_improved": 0.90243902439024393, "pct_persistent_low": 0.0, "persistence": "Not in lowest-access decile", "county": "Haywood" }, "geometry": { "type": "Polygon", "coordinates": [ [ [ -82.967799510854533, 35.443972673501662 ], [ -82.993130958686976, 35.459797102657603 ], [ -82.988752008473952, 35.48534530025583 ], [ -82.959023543688346, 35.495067165636215 ], [ -82.933687466973211, 35.479235918719098 ], [ -82.938084480999677, 35.453689627149757 ], [ -82.967799510854533, 35.443972673501662 ] ] ] } },
{ "type": "Feature", "properties": { "hex_id": 973, "n_locations": 205, "access_capacity_2023": 0.65364038026633209, "access_capacity_2026": 0.81707793926315386, "capacity_access_change": 0.16343755899682172, "quality_access_2023": 0.50770398456629162, "quality_access_2026": 0.59411876643922923, "quality_access_change": 0.086414781872937677, "mean_providers_2023": 25.37560975609756, "mean_providers_2026": 30.360975609756096, "pct_capacity_improved": 1.0, "pct_quality_improved": 0.99512195121951219, "pct_persistent_low": 0.0, "persistence": "Not in lowest-access decile", "county": "Haywood" }, "geometry": { "type": "Polygon", "coordinates": [ [ [ -82.954631154152622, 35.520613311838488 ], [ -82.97998531211735, 35.536439501482228 ], [ -82.975597560119724, 35.561985513995602 ], [ -82.945837548513325, 35.571703426717981 ], [ -82.920478757416035, 35.555870400189917 ], [ -82.924884608119385, 35.530326300799828 ], [ -82.954631154152622, 35.520613311838488 ] ] ] } },
{ "type": "Feature", "properties": { "hex_id": 974, "n_locations": 13, "access_capacity_2023": 0.32364108883084619, "access_capacity_2026": 0.4087528468130584, "capacity_access_change": 0.085111757982212238, "quality_access_2023": 0.25145295149444613, "quality_access_2026": 0.29121405933980254, "quality_access_change": 0.039761107845356428, "mean_providers_2023": 16.692307692307693, "mean_providers_2026": 19.923076923076923, "pct_capacity_improved": 1.0, "pct_quality_improved": 0.84615384615384615, "pct_persistent_low": 0.076923076923076927, "persistence": "Not in lowest-access decile", "county": "Haywood" }, "geometry": { "type": "Polygon", "coordinates": [ [ [ -82.941436326533108, 35.597247404287117 ], [ -82.966813233821696, 35.613075385060448 ], [ -82.96241665364397, 35.638619252517216 ], [ -82.932625029530712, 35.648333221939104 ], [ -82.90724348486269, 35.632498385101286 ], [ -82.911658198737356, 35.606956437891313 ], [ -82.941436326533108, 35.597247404287117 ] ] ] } },
{ "type": "Feature", "properties": { "hex_id": 975, "n_locations": 17, "access_capacity_2023": 0.024599976732917743, "access_capacity_2026": 0.049043292021853278, "capacity_access_change": 0.024443315288935528, "quality_access_2023": 0.020043073942614585, "quality_access_2026": 0.029758161105379561, "quality_access_change": 0.0097150871627649724, "mean_providers_2023": 1.0588235294117647, "mean_providers_2026": 2.8235294117647056, "pct_capacity_improved": 1.0, "pct_quality_improved": 0.88235294117647056, "pct_persistent_low": 1.0, "persistence": "Persistently lowest-access", "county": "Haywood" }, "geometry": { "type": "Polygon", "coordinates": [ [ [ -82.928214948608527, 35.673875070934002 ], [ -82.95361464450869, 35.689704873567578 ], [ -82.949209209650419, 35.715246636086704 ], [ -82.919385907142797, 35.724956671567391 ], [ -82.893981569619385, 35.709119993631731 ], [ -82.898405173265104, 35.683580158512022 ], [ -82.928214948608527, 35.673875070934002 ] ] ] } },
{ "type": "Feature", "properties": { "hex_id": 993, "n_locations": 81, "access_capacity_2023": 0.64079421643084922, "access_capacity_2026": 0.76404214757884614, "capacity_access_change": 0.1232479311479969, "quality_access_2023": 0.48475086674849843, "quality_access_2026": 0.55235366058544455, "quality_access_change": 0.067602793836946104, "mean_providers_2023": 24.246913580246915, "mean_providers_2026": 29.148148148148149, "pct_capacity_improved": 1.0, "pct_quality_improved": 0.87654320987654322, "pct_persistent_low": 0.0, "persistence": "Not in lowest-access decile", "county": "Haywood" }, "geometry": { "type": "Polygon", "coordinates": [ [ [ -82.933687466973211, 35.479235918719098 ], [ -82.959023543688346, 35.495067165636215 ], [ -82.954631154152622, 35.520613311838488 ], [ -82.924884608119385, 35.530326300799828 ], [ -82.899543911318545, 35.514488226305708 ], [ -82.903954377698668, 35.488943993397207 ], [ -82.933687466973211, 35.479235918719098 ] ] ] } },
{ "type": "Feature", "properties": { "hex_id": 994, "n_locations": 24, "access_capacity_2023": 0.35884189277207185, "access_capacity_2026": 0.43088752081183324, "capacity_access_change": 0.072045628039761389, "quality_access_2023": 0.27436559454265708, "quality_access_2026": 0.30249204605214824, "quality_access_change": 0.028126451509491154, "mean_providers_2023": 17.25, "mean_providers_2026": 19.75, "pct_capacity_improved": 1.0, "pct_quality_improved": 1.0, "pct_persistent_low": 0.125, "persistence": "Not in lowest-access decile", "county": "Haywood" }, "geometry": { "type": "Polygon", "coordinates": [ [ [ -82.920478757416035, 35.555870400189917 ], [ -82.945837548513325, 35.571703426717981 ], [ -82.941436326533108, 35.597247404287117 ], [ -82.911658198737356, 35.606956437891313 ], [ -82.88629478333948, 35.59111656463493 ], [ -82.89071411708828, 35.565574507481841 ], [ -82.920478757416035, 35.555870400189917 ] ] ] } },
{ "type": "Feature", "properties": { "hex_id": 998, "n_locations": 15, "access_capacity_2023": 0.28363636363636363, "access_capacity_2026": 0.29433962264150942, "capacity_access_change": 0.010703259005145779, "quality_access_2023": 0.22690909090909092, "quality_access_2026": 0.23547169811320753, "quality_access_change": 0.0085626072041166158, "mean_providers_2023": 1.0, "mean_providers_2026": 1.0, "pct_capacity_improved": 1.0, "pct_quality_improved": 1.0, "pct_persistent_low": 0.0, "persistence": "Not in lowest-access decile", "county": "Madison" }, "geometry": { "type": "Polygon", "coordinates": [ [ [ -82.867377490701003, 35.862344563637109 ], [ -82.892827532174834, 35.878185016493873 ], [ -82.888390714385196, 35.903720721037551 ], [ -82.858485599665414, 35.913414026542029 ], [ -82.833030917063667, 35.897566649775385 ], [ -82.837485987312647, 35.872032894430433 ], [ -82.867377490701003, 35.862344563637109 ] ] ] } },
{ "type": "Feature", "properties": { "hex_id": 1009, "n_locations": 12, "access_capacity_2023": 0.10720971879727431, "access_capacity_2026": 0.064615384615384602, "capacity_access_change": -0.042594334181889681, "quality_access_2023": 0.10310674212792596, "quality_access_2026": 0.064615384615384616, "quality_access_change": -0.03849135751254134, "mean_providers_2023": 2.1666666666666665, "mean_providers_2026": 1.0, "pct_capacity_improved": 0.0, "pct_quality_improved": 0.0, "pct_persistent_low": 1.0, "persistence": "Persistently lowest-access", "county": "Transylvania" }, "geometry": { "type": "Polygon", "coordinates": [ [ [ -82.965392500024194, 35.131245635632247 ], [ -82.990620188282108, 35.147075174574589 ], [ -82.986258258107512, 35.172630633078235 ], [ -82.956650720215549, 35.182354670308271 ], [ -82.931418441649086, 35.166518389014733 ], [ -82.935798288391567, 35.140964815770303 ], [ -82.965392500024194, 35.131245635632247 ] ] ] } },
{ "type": "Feature", "properties": { "hex_id": 1013, "n_locations": 49, "access_capacity_2023": 0.50445300723622533, "access_capacity_2026": 0.61261469388225198, "capacity_access_change": 0.1081616866460267, "quality_access_2023": 0.37914245600924784, "quality_access_2026": 0.44880225991153122, "quality_access_change": 0.069659803902283365, "mean_providers_2023": 21.653061224489797, "mean_providers_2026": 24.816326530612244, "pct_capacity_improved": 1.0, "pct_quality_improved": 1.0, "pct_persistent_low": 0.0, "persistence": "Not in lowest-access decile", "county": "Haywood" }, "geometry": { "type": "Polygon", "coordinates": [ [ [ -82.912766463706134, 35.437853320750605 ], [ -82.938084480999677, 35.453689627149757 ], [ -82.933687466973211, 35.479235918719098 ], [ -82.903954377698668, 35.488943993397207 ], [ -82.878631753333451, 35.473100868717935 ], [ -82.883046822376826, 35.447556490604633 ], [ -82.912766463706134, 35.437853320750605 ] ] ] } },
{ "type": "Feature", "properties": { "hex_id": 1014, "n_locations": 198, "access_capacity_2023": 0.63461561039121406, "access_capacity_2026": 0.8170289550262787, "capacity_access_change": 0.18241334463506467, "quality_access_2023": 0.49540777592917218, "quality_access_2026": 0.59969401632145625, "quality_access_change": 0.1042862403922841, "mean_providers_2023": 26.626262626262623, "mean_providers_2026": 32.429292929292927, "pct_capacity_improved": 1.0, "pct_quality_improved": 1.0, "pct_persistent_low": 0.0, "persistence": "Not in lowest-access decile", "county": "Haywood" }, "geometry": { "type": "Polygon", "coordinates": [ [ [ -82.899543911318545, 35.514488226305708 ], [ -82.924884608119385, 35.530326300799828 ], [ -82.920478757416035, 35.555870400189917 ], [ -82.89071411708828, 35.565574507481841 ], [ -82.865368809032717, 35.549729595585035 ], [ -82.869792749610326, 35.524187416772001 ], [ -82.899543911318545, 35.514488226305708 ] ] ] } },
{ "type": "Feature", "properties": { "hex_id": 1015, "n_locations": 12, "access_capacity_2023": 0.052980199388278887, "access_capacity_2026": 0.064864257936727954, "capacity_access_change": 0.011884058548449058, "quality_access_2023": 0.042926697794779263, "quality_access_2026": 0.040123084897467416, "quality_access_change": -0.0028036128973118394, "mean_providers_2023": 2.666666666666667, "mean_providers_2026": 3.583333333333333, "pct_capacity_improved": 1.0, "pct_quality_improved": 0.5, "pct_persistent_low": 1.0, "persistence": "Persistently lowest-access", "county": "Haywood" }, "geometry": { "type": "Polygon", "coordinates": [ [ [ -82.88629478333948, 35.59111656463493 ], [ -82.911658198737356, 35.606956437891313 ], [ -82.90724348486269, 35.632498385101286 ], [ -82.87744722779874, 35.642198534309969 ], [ -82.852079196966301, 35.626351804471504 ], [ -82.856512035671358, 35.600811784988615 ], [ -82.88629478333948, 35.59111656463493 ] ] ] } },
{ "type": "Feature", "properties": { "hex_id": 1029, "n_locations": 31, "access_capacity_2023": 0.34741446879674098, "access_capacity_2026": 0.26842639524881251, "capacity_access_change": -0.078988073547928486, "quality_access_2023": 0.30025694171293799, "quality_access_2026": 0.22975581851371962, "quality_access_change": -0.070501123199218391, "mean_providers_2023": 4.225806451612903, "mean_providers_2026": 2.4193548387096775, "pct_capacity_improved": 0.0, "pct_quality_improved": 0.032258064516129031, "pct_persistent_low": 0.064516129032258063, "persistence": "Not in lowest-access decile", "county": "Transylvania" }, "geometry": { "type": "Polygon", "coordinates": [ [ [ -82.944549235958434, 35.089855280225855 ], [ -82.969759024842759, 35.105689926612115 ], [ -82.965392500024194, 35.131245635632247 ], [ -82.935798288391567, 35.140964815770303 ], [ -82.910583922053931, 35.125123436206984 ], [ -82.914968341910992, 35.099569612604697 ], [ -82.944549235958434, 35.089855280225855 ] ] ] } },
{ "type": "Feature", "properties": { "hex_id": 1034, "n_locations": 158, "access_capacity_2023": 0.47771989967721434, "access_capacity_2026": 0.64349119812387146, "capacity_access_change": 0.16577129844665714, "quality_access_2023": 0.36725265777137678, "quality_access_2026": 0.48014688692821761, "quality_access_change": 0.11289422915684084, "mean_providers_2023": 22.936708860759495, "mean_providers_2026": 26.772151898734176, "pct_capacity_improved": 1.0, "pct_quality_improved": 1.0, "pct_persistent_low": 0.0, "persistence": "Not in lowest-access decile", "county": "Haywood" }, "geometry": { "type": "Polygon", "coordinates": [ [ [ -82.878631753333451, 35.473100868717935 ], [ -82.903954377698668, 35.488943993397207 ], [ -82.899543911318545, 35.514488226305708 ], [ -82.869792749610326, 35.524187416772001 ], [ -82.844465527003308, 35.508337464005159 ], [ -82.848894061397388, 35.482795151826537 ], [ -82.878631753333451, 35.473100868717935 ] ] ] } },
{ "type": "Feature", "properties": { "hex_id": 1035, "n_locations": 37, "access_capacity_2023": 0.49125924156325418, "access_capacity_2026": 0.65869597055586404, "capacity_access_change": 0.16743672899260989, "quality_access_2023": 0.38755171107573472, "quality_access_2026": 0.48527659689060881, "quality_access_change": 0.097724885814874041, "mean_providers_2023": 30.108108108108109, "mean_providers_2026": 37.027027027027025, "pct_capacity_improved": 1.0, "pct_quality_improved": 1.0, "pct_persistent_low": 0.027027027027027029, "persistence": "Not in lowest-access decile", "county": "Haywood" }, "geometry": { "type": "Polygon", "coordinates": [ [ [ -82.865368809032717, 35.549729595585035 ], [ -82.89071411708828, 35.565574507481841 ], [ -82.88629478333948, 35.59111656463493 ], [ -82.856512035671358, 35.600811784988615 ], [ -82.831162125226001, 35.584960025853725 ], [ -82.835599561877899, 35.559419896579286 ], [ -82.865368809032717, 35.549729595585035 ] ] ] } },
{ "type": "Feature", "properties": { "hex_id": 1036, "n_locations": 15, "access_capacity_2023": 0.00083696014009114722, "access_capacity_2026": 0.0029517482142972736, "capacity_access_change": 0.0021147880742061263, "quality_access_2023": 0.00083696014009114787, "quality_access_2026": 0.0021254726513970468, "quality_access_change": 0.0012885125113058988, "mean_providers_2023": 0.2, "mean_providers_2026": 0.26666666666666672, "pct_capacity_improved": 1.0, "pct_quality_improved": 0.13333333333333333, "pct_persistent_low": 1.0, "persistence": "Persistently lowest-access", "county": "Buncombe" }, "geometry": { "type": "Polygon", "coordinates": [ [ [ -82.852079196966301, 35.626351804471504 ], [ -82.87744722779874, 35.642198534309969 ], [ -82.873019000084724, 35.667738455737435 ], [ -82.843204600674795, 35.677429715255016 ], [ -82.817831963308024, 35.661576118970665 ], [ -82.8222783289131, 35.636038132599886 ], [ -82.852079196966301, 35.626351804471504 ] ] ] } },
{ "type": "Feature", "properties": { "hex_id": 1039, "n_locations": 23, "access_capacity_2023": 0.33579478203481994, "access_capacity_2026": 0.36458276943321272, "capacity_access_change": 0.028787987398392789, "quality_access_2023": 0.27034023658027445, "quality_access_2026": 0.29961148149227751, "quality_access_change": 0.029271244912003041, "mean_providers_2023": 1.1304347826086958, "mean_providers_2026": 1.6521739130434783, "pct_capacity_improved": 1.0, "pct_quality_improved": 0.91304347826086951, "pct_persistent_low": 0.0, "persistence": "Not in lowest-access decile", "county": "Madison" }, "geometry": { "type": "Polygon", "coordinates": [ [ [ -82.812049552673031, 35.856180525524948 ], [ -82.837485987312647, 35.872032894430433 ], [ -82.833030917063667, 35.897566649775385 ], [ -82.803121165715154, 35.907246082459366 ], [ -82.777680112128792, 35.891386789137414 ], [ -82.782153425829577, 35.865854990561047 ], [ -82.812049552673031, 35.856180525524948 ] ] ] } },
{ "type": "Feature", "properties": { "hex_id": 1050, "n_locations": 36, "access_capacity_2023": 0.18329916675246608, "access_capacity_2026": 0.10016596956049517, "capacity_access_change": -0.083133197191970903, "quality_access_2023": 0.17271743746442414, "quality_access_2026": 0.10001560169625588, "quality_access_change": -0.072701835768168258, "mean_providers_2023": 3.75, "mean_providers_2026": 2.0277777777777777, "pct_capacity_improved": 0.0, "pct_quality_improved": 0.0, "pct_persistent_low": 0.27777777777777779, "persistence": "Moved into lowest-access decile", "county": "Transylvania" }, "geometry": { "type": "Polygon", "coordinates": [ [ [ -82.910583922053931, 35.125123436206984 ], [ -82.935798288391567, 35.140964815770303 ], [ -82.931418441649086, 35.166518389014733 ], [ -82.901806317789578, 35.176228693048053 ], [ -82.876587382688911, 35.160380570628107 ], [ -82.880985137308471, 35.13482888995641 ], [ -82.910583922053931, 35.125123436206984 ] ] ] } },
{ "type": "Feature", "properties": { "hex_id": 1051, "n_locations": 11, "access_capacity_2023": 0.045267071547785379, "access_capacity_2026": 0.0, "capacity_access_change": -0.045267071547785379, "quality_access_2023": 0.040791096999405356, "quality_access_2026": 0.0, "quality_access_change": -0.040791096999405356, "mean_providers_2023": 1.1818181818181819, "mean_providers_2026": 0.0, "pct_capacity_improved": 0.0, "pct_quality_improved": 0.0, "pct_persistent_low": 1.0, "persistence": "Persistently lowest-access", "county": "Transylvania" }, "geometry": { "type": "Polygon", "coordinates": [ [ [ -82.89741312757765, 35.201780135069043 ], [ -82.922649987761346, 35.217623168410945 ], [ -82.918261374810768, 35.243174383357541 ], [ -82.888617956454056, 35.252880668290821 ], [ -82.863376523377781, 35.237030873193973 ], [ -82.867783078637004, 35.2114815578527 ], [ -82.89741312757765, 35.201780135069043 ] ] ] } },
{ "type": "Feature", "properties": { "hex_id": 1054, "n_locations": 48, "access_capacity_2023": 0.37439798683014758, "access_capacity_2026": 0.492960793777101, "capacity_access_change": 0.11856280694695347, "quality_access_2023": 0.27715592838572095, "quality_access_2026": 0.36323657950020338, "quality_access_change": 0.086080651114482418, "mean_providers_2023": 18.6875, "mean_providers_2026": 21.666666666666664, "pct_capacity_improved": 1.0, "pct_quality_improved": 1.0, "pct_persistent_low": 0.0, "persistence": "Not in lowest-access decile", "county": "Haywood" }, "geometry": { "type": "Polygon", "coordinates": [ [ [ -82.857742248620326, 35.431708313513489 ], [ -82.883046822376826, 35.447556490604633 ], [ -82.878631753333451, 35.473100868717935 ], [ -82.848894061397388, 35.482795151826537 ], [ -82.823584902379167, 35.4669401559524 ], [ -82.828018017610148, 35.44139769871353 ], [ -82.857742248620326, 35.431708313513489 ] ] ] } },
{ "type": "Feature", "properties": { "hex_id": 1055, "n_locations": 364, "access_capacity_2023": 0.58076781133792577, "access_capacity_2026": 0.83259533210684411, "capacity_access_change": 0.25182752076891834, "quality_access_2023": 0.45888810740468278, "quality_access_2026": 0.62939140311393271, "quality_access_change": 0.17050329570924996, "mean_providers_2023": 33.162087912087898, "mean_providers_2026": 41.802197802197789, "pct_capacity_improved": 1.0, "pct_quality_improved": 1.0, "pct_persistent_low": 0.0, "persistence": "Not in lowest-access decile", "county": "Haywood" }, "geometry": { "type": "Polygon", "coordinates": [ [ [ -82.844465527003308, 35.508337464005159 ], [ -82.869792749610326, 35.524187416772001 ], [ -82.865368809032717, 35.549729595585035 ], [ -82.835599561877899, 35.559419896579286 ], [ -82.810267749892887, 35.543563105907694 ], [ -82.814709771480409, 35.518022855116577 ], [ -82.844465527003308, 35.508337464005159 ] ] ] } },
{ "type": "Feature", "properties": { "hex_id": 1056, "n_locations": 20, "access_capacity_2023": 0.076936873430089883, "access_capacity_2026": 0.14341981950670749, "capacity_access_change": 0.06648294607661763, "quality_access_2023": 0.066527490354142862, "quality_access_2026": 0.10893550655434135, "quality_access_change": 0.042408016200198503, "mean_providers_2023": 6.15, "mean_providers_2026": 8.15, "pct_capacity_improved": 1.0, "pct_quality_improved": 0.75, "pct_persistent_low": 0.6, "persistence": "Persistently lowest-access", "county": "Haywood" }, "geometry": { "type": "Polygon", "coordinates": [ [ [ -82.831162125226001, 35.584960025853725 ], [ -82.856512035671358, 35.600811784988615 ], [ -82.852079196966301, 35.626351804471504 ], [ -82.8222783289131, 35.636038132599886 ], [ -82.796923824976972, 35.620179516381555 ], [ -82.801374779612814, 35.594641432097305 ], [ -82.831162125226001, 35.584960025853725 ] ] ] } },
{ "type": "Feature", "properties": { "hex_id": 1057, "n_locations": 17, "access_capacity_2023": 0.0094630846938253115, "access_capacity_2026": 0.011760869186097206, "capacity_access_change": 0.0022977844922718897, "quality_access_2023": 0.0094630846938253185, "quality_access_2026": 0.011760869186097209, "quality_access_change": 0.0022977844922718901, "mean_providers_2023": 1.4705882352941178, "mean_providers_2026": 1.411764705882353, "pct_capacity_improved": 1.0, "pct_quality_improved": 0.47058823529411764, "pct_persistent_low": 1.0, "persistence": "Persistently lowest-access", "county": "Buncombe" }, "geometry": { "type": "Polygon", "coordinates": [ [ [ -82.817831963308024, 35.661576118970665 ], [ -82.843204600674795, 35.677429715255016 ], [ -82.838762837143463, 35.702967615468125 ], [ -82.808930282310868, 35.712649979980526 ], [ -82.783553047344157, 35.696789507376721 ], [ -82.788012961826098, 35.671253549568334 ], [ -82.817831963308024, 35.661576118970665 ] ] ] } },
{ "type": "Feature", "properties": { "hex_id": 1070, "n_locations": 27, "access_capacity_2023": 0.25976517581714759, "access_capacity_2026": 0.16174541851489735, "capacity_access_change": -0.098019757302250224, "quality_access_2023": 0.24458299898479155, "quality_access_2026": 0.16084321132946153, "quality_access_change": -0.083739787655329995, "mean_providers_2023": 5.6296296296296298, "mean_providers_2026": 3.7037037037037037, "pct_capacity_improved": 0.0, "pct_quality_improved": 0.07407407407407407, "pct_persistent_low": 0.1111111111111111, "persistence": "Moved into lowest-access decile", "county": "Transylvania" }, "geometry": { "type": "Polygon", "coordinates": [ [ [ -82.889771866273279, 35.083723132546616 ], [ -82.914968341910992, 35.099569612604697 ], [ -82.910583922053931, 35.125123436206984 ], [ -82.880985137308471, 35.13482888995641 ], [ -82.855784105729683, 35.11897567622357 ], [ -82.860186411935459, 35.093423745335102 ], [ -82.889771866273279, 35.083723132546616 ] ] ] } },
{ "type": "Feature", "properties": { "hex_id": 1071, "n_locations": 15, "access_capacity_2023": 0.043461901110644942, "access_capacity_2026": 0.0036923076923076927, "capacity_access_change": -0.039769593418337253, "quality_access_2023": 0.039085392663340039, "quality_access_2026": 0.0036923076923076935, "quality_access_change": -0.035393084971032343, "mean_providers_2023": 1.1333333333333333, "mean_providers_2026": 0.06666666666666668, "pct_capacity_improved": 0.0, "pct_quality_improved": 0.066666666666666666, "pct_persistent_low": 1.0, "persistence": "Persistently lowest-access", "county": "Transylvania" }, "geometry": { "type": "Polygon", "coordinates": [ [ [ -82.876587382688911, 35.160380570628107 ], [ -82.901806317789578, 35.176228693048053 ], [ -82.89741312757765, 35.201780135069043 ], [ -82.867783078637004, 35.2114815578527 ], [ -82.842559583496936, 35.195626682887379 ], [ -82.84697069442349, 35.170077140611738 ], [ -82.876587382688911, 35.160380570628107 ] ] ] } },
{ "type": "Feature", "properties": { "hex_id": 1074, "n_locations": 16, "access_capacity_2023": 0.17668383125073384, "access_capacity_2026": 0.19480428776075928, "capacity_access_change": 0.018120456510025425, "quality_access_2023": 0.12147217863189157, "quality_access_2026": 0.14212179385966972, "quality_access_change": 0.020649615227778161, "mean_providers_2023": 7.0625, "mean_providers_2026": 8.4375, "pct_capacity_improved": 1.0, "pct_quality_improved": 1.0, "pct_persistent_low": 0.25, "persistence": "Not in lowest-access decile", "county": "Haywood" }, "geometry": { "type": "Polygon", "coordinates": [ [ [ -82.836875362405451, 35.390310546782416 ], [ -82.862161907346319, 35.406163778519925 ], [ -82.857742248620326, 35.431708313513489 ], [ -82.828018017610148, 35.44139769871353 ], [ -82.802726900354926, 35.42553765748729 ], [ -82.807164583476052, 35.399995043504589 ], [ -82.836875362405451, 35.390310546782416 ] ] ] } },
{ "type": "Feature", "properties": { "hex_id": 1075, "n_locations": 72, "access_capacity_2023": 0.25911350210714318, "access_capacity_2026": 0.38402281567613883, "capacity_access_change": 0.12490931356899566, "quality_access_2023": 0.20681427086780446, "quality_access_2026": 0.29589456022650878, "quality_access_change": 0.089080289358704351, "mean_providers_2023": 12.361111111111111, "mean_providers_2026": 15.791666666666668, "pct_capacity_improved": 1.0, "pct_quality_improved": 0.98611111111111116, "pct_persistent_low": 0.19444444444444445, "persistence": "Not in lowest-access decile", "county": "Haywood" }, "geometry": { "type": "Polygon", "coordinates": [ [ [ -82.823584902379167, 35.4669401559524 ], [ -82.848894061397388, 35.482795151826537 ], [ -82.844465527003308, 35.508337464005159 ], [ -82.814709771480409, 35.518022855116577 ], [ -82.789396036063138, 35.502161030660652 ], [ -82.793842629607923, 35.476620646638985 ], [ -82.823584902379167, 35.4669401559524 ] ] ] } },
{ "type": "Feature", "properties": { "hex_id": 1076, "n_locations": 96, "access_capacity_2023": 0.45359584386785151, "access_capacity_2026": 0.64655410290568571, "capacity_access_change": 0.19295825903783428, "quality_access_2023": 0.36510248252655297, "quality_access_2026": 0.49372856970646412, "quality_access_change": 0.12862608717991114, "mean_providers_2023": 32.78125, "mean_providers_2026": 41.3125, "pct_capacity_improved": 1.0, "pct_quality_improved": 0.97916666666666663, "pct_persistent_low": 0.0625, "persistence": "Not in lowest-access decile", "county": "Haywood" }, "geometry": { "type": "Polygon", "coordinates": [ [ [ -82.810267749892887, 35.543563105907694 ], [ -82.835599561877899, 35.559419896579286 ], [ -82.831162125226001, 35.584960025853725 ], [ -82.801374779612814, 35.594641432097305 ], [ -82.776038387147651, 35.578777793694137 ], [ -82.780493917804193, 35.553239599751997 ], [ -82.810267749892887, 35.543563105907694 ] ] ] } },
{ "type": "Feature", "properties": { "hex_id": 1077, "n_locations": 13, "access_capacity_2023": 0.011277852694660034, "access_capacity_2026": 0.014455562077269685, "capacity_access_change": 0.0031777093826096483, "quality_access_2023": 0.011277852694660039, "quality_access_2026": 0.014455562077269685, "quality_access_change": 0.0031777093826096483, "mean_providers_2023": 1.3846153846153846, "mean_providers_2026": 1.3076923076923077, "pct_capacity_improved": 1.0, "pct_quality_improved": 0.46153846153846156, "pct_persistent_low": 1.0, "persistence": "Persistently lowest-access", "county": "Buncombe" }, "geometry": { "type": "Polygon", "coordinates": [ [ [ -82.796923824976972, 35.620179516381555 ], [ -82.8222783289131, 35.636038132599886 ], [ -82.817831963308024, 35.661576118970665 ], [ -82.788012961826098, 35.671253549568334 ], [ -82.762653873332425, 35.65538806641144 ], [ -82.767118367894781, 35.62985202257763 ], [ -82.796923824976972, 35.620179516381555 ] ] ] } },
{ "type": "Feature", "properties": { "hex_id": 1081, "n_locations": 11, "access_capacity_2023": 0.056507327023743455, "access_capacity_2026": 0.074000226380266598, "capacity_access_change": 0.017492899356523144, "quality_access_2023": 0.047581707189032714, "quality_access_2026": 0.064737790702736581, "quality_access_change": 0.017156083513703867, "mean_providers_2023": 0.45454545454545453, "mean_providers_2026": 0.72727272727272729, "pct_capacity_improved": 1.0, "pct_quality_improved": 0.36363636363636365, "pct_persistent_low": 0.72727272727272729, "persistence": "Persistently lowest-access", "county": "Madison" }, "geometry": { "type": "Polygon", "coordinates": [ [ [ -82.743278790473866, 35.926582167627409 ], [ -82.768724453965348, 35.942448395325698 ], [ -82.764242103463346, 35.967978211919352 ], [ -82.734295816676806, 35.97763983218055 ], [ -82.708845552356664, 35.961766660135872 ], [ -82.713346172620433, 35.936238815195701 ], [ -82.743278790473866, 35.926582167627409 ] ] ] } },
{ "type": "Feature", "properties": { "hex_id": 1091, "n_locations": 47, "access_capacity_2023": 0.4041254243054187, "access_capacity_2026": 0.24510144277716836, "capacity_access_change": -0.15902398152825034, "quality_access_2023": 0.37782623374315949, "quality_access_2026": 0.24262517199161054, "quality_access_change": -0.13520106175154895, "mean_providers_2023": 8.6382978723404253, "mean_providers_2026": 6.7659574468085104, "pct_capacity_improved": 0.0, "pct_quality_improved": 0.0, "pct_persistent_low": 0.021276595744680851, "persistence": "Not in lowest-access decile", "county": "Transylvania" }, "geometry": { "type": "Polygon", "coordinates": [ [ [ -82.855784105729683, 35.11897567622357 ], [ -82.880985137308471, 35.13482888995641 ], [ -82.876587382688911, 35.160380570628107 ], [ -82.84697069442349, 35.170077140611738 ], [ -82.821765115626164, 35.15421718353295 ], [ -82.826180769399755, 35.128667402738451 ], [ -82.855784105729683, 35.11897567622357 ] ] ] } },
{ "type": "Feature", "properties": { "hex_id": 1095, "n_locations": 35, "access_capacity_2023": 0.15606713579958695, "access_capacity_2026": 0.18853473938048115, "capacity_access_change": 0.032467603580894178, "quality_access_2023": 0.11034846706269566, "quality_access_2026": 0.13879693788932865, "quality_access_change": 0.028448470826632984, "mean_providers_2023": 7.4857142857142849, "mean_providers_2026": 8.9142857142857146, "pct_capacity_improved": 1.0, "pct_quality_improved": 0.8, "pct_persistent_low": 0.45714285714285713, "persistence": "Not in lowest-access decile", "county": "Haywood" }, "geometry": { "type": "Polygon", "coordinates": [ [ [ -82.802726900354926, 35.42553765748729 ], [ -82.828018017610148, 35.44139769871353 ], [ -82.823584902379167, 35.4669401559524 ], [ -82.793842629607923, 35.476620646638985 ], [ -82.768546948899825, 35.460753786143201 ], [ -82.772998101456366, 35.435213257188238 ], [ -82.802726900354926, 35.42553765748729 ] ] ] } },
{ "type": "Feature", "properties": { "hex_id": 1096, "n_locations": 28, "access_capacity_2023": 0.34828088134545587, "access_capacity_2026": 0.53896846758140926, "capacity_access_change": 0.19068758623595333, "quality_access_2023": 0.28488777685841332, "quality_access_2026": 0.41416900773456722, "quality_access_change": 0.12928123087615387, "mean_providers_2023": 29.857142857142858, "mean_providers_2026": 37.392857142857139, "pct_capacity_improved": 1.0, "pct_quality_improved": 1.0, "pct_persistent_low": 0.17857142857142858, "persistence": "Not in lowest-access decile", "county": "Haywood" }, "geometry": { "type": "Polygon", "coordinates": [ [ [ -82.789396036063138, 35.502161030660652 ], [ -82.814709771480409, 35.518022855116577 ], [ -82.810267749892887, 35.543563105907694 ], [ -82.780493917804193, 35.553239599751997 ], [ -82.755175614884507, 35.53737093690556 ], [ -82.759635708584696, 35.511832621572204 ], [ -82.789396036063138, 35.502161030660652 ] ] ] } },
{ "type": "Feature", "properties": { "hex_id": 1097, "n_locations": 20, "access_capacity_2023": 0.11139467746011721, "access_capacity_2026": 0.16091773771609891, "capacity_access_change": 0.049523060255981709, "quality_access_2023": 0.099176501241430542, "quality_access_2026": 0.13018103324233724, "quality_access_change": 0.0310045320009067, "mean_providers_2023": 11.1, "mean_providers_2026": 13.0, "pct_capacity_improved": 1.0, "pct_quality_improved": 0.75, "pct_persistent_low": 0.75, "persistence": "Persistently lowest-access", "county": "Buncombe" }, "geometry": { "type": "Polygon", "coordinates": [ [ [ -82.776038387147651, 35.578777793694137 ], [ -82.801374779612814, 35.594641432097305 ], [ -82.796923824976972, 35.620179516381555 ], [ -82.767118367894781, 35.62985202257763 ], [ -82.741777403881443, 35.61398152660616 ], [ -82.746246465515469, 35.588445384982897 ], [ -82.776038387147651, 35.578777793694137 ] ] ] } },
{ "type": "Feature", "properties": { "hex_id": 1098, "n_locations": 51, "access_capacity_2023": 0.08711049304852736, "access_capacity_2026": 0.11312400228627106, "capacity_access_change": 0.026013509237743714, "quality_access_2023": 0.079433513733704122, "quality_access_2026": 0.10864726601091977, "quality_access_change": 0.029213752277215652, "mean_providers_2023": 9.6862745098039209, "mean_providers_2026": 10.235294117647058, "pct_capacity_improved": 1.0, "pct_quality_improved": 1.0, "pct_persistent_low": 1.0, "persistence": "Persistently lowest-access", "county": "Buncombe" }, "geometry": { "type": "Polygon", "coordinates": [ [ [ -82.762653873332425, 35.65538806641144 ], [ -82.788012961826098, 35.671253549568334 ], [ -82.783553047344157, 35.696789507376721 ], [ -82.753715899391167, 35.706458035119745 ], [ -82.728352235307455, 35.69058567515939 ], [ -82.73283029177189, 35.665051667244725 ], [ -82.762653873332425, 35.65538806641144 ] ] ] } },
{ "type": "Feature", "properties": { "hex_id": 1099, "n_locations": 12, "access_capacity_2023": 0.010018020076633017, "access_capacity_2026": 0.011367418569270159, "capacity_access_change": 0.0013493984926371432, "quality_access_2023": 0.010018020076633017, "quality_access_2026": 0.011202333963409658, "quality_access_change": 0.00118431388677664, "mean_providers_2023": 0.58333333333333326, "mean_providers_2026": 0.66666666666666674, "pct_capacity_improved": 1.0, "pct_quality_improved": 0.25, "pct_persistent_low": 1.0, "persistence": "Persistently lowest-access", "county": "Madison" }, "geometry": { "type": "Polygon", "coordinates": [ [ [ -82.74924241402249, 35.731991968906947 ], [ -82.774624237620387, 35.747859327713776 ], [ -82.770155336387944, 35.773393199168709 ], [ -82.740286431484847, 35.783057757655023 ], [ -82.714900028258924, 35.767183502751763 ], [ -82.719387106557321, 35.741651588453081 ], [ -82.74924241402249, 35.731991968906947 ] ] ] } },
{ "type": "Feature", "properties": { "hex_id": 1100, "n_locations": 19, "access_capacity_2023": 0.32102310769114706, "access_capacity_2026": 0.29918791734229755, "capacity_access_change": -0.021835190348849509, "quality_access_2023": 0.29203316314648581, "quality_access_2026": 0.27301643940351777, "quality_access_change": -0.019016723742968006, "mean_providers_2023": 7.0, "mean_providers_2026": 7.4210526315789478, "pct_capacity_improved": 0.0, "pct_quality_improved": 0.10526315789473684, "pct_persistent_low": 0.0, "persistence": "Not in lowest-access decile", "county": "Madison" }, "geometry": { "type": "Polygon", "coordinates": [ [ [ -82.735803928302275, 35.808589621549132 ], [ -82.761208526175523, 35.824458886992709 ], [ -82.756730611181069, 35.849990712308717 ], [ -82.72682988304571, 35.85965131073629 ], [ -82.701420701510528, 35.843775129845028 ], [ -82.705916828753857, 35.818245268977634 ], [ -82.735803928302275, 35.808589621549132 ] ] ] } },
{ "type": "Feature", "properties": { "hex_id": 1102, "n_locations": 15, "access_capacity_2023": 0.0, "access_capacity_2026": 0.0, "capacity_access_change": 0.0, "quality_access_2023": 0.0, "quality_access_2026": 0.0, "quality_access_change": 0.0, "mean_providers_2023": 0.0, "mean_providers_2026": 0.0, "pct_capacity_improved": 0.0, "pct_quality_improved": 0.0, "pct_persistent_low": 1.0, "persistence": "Persistently lowest-access", "county": "Madison" }, "geometry": { "type": "Polygon", "coordinates": [ [ [ -82.708845552356664, 35.961766660135872 ], [ -82.734295816676806, 35.97763983218055 ], [ -82.729799792692774, 36.003167686237418 ], [ -82.699835218430948, 36.0128203921481 ], [ -82.674380362393421, 35.996940265776885 ], [ -82.678894669292177, 35.971414390844103 ], [ -82.708845552356664, 35.961766660135872 ] ] ] } },
{ "type": "Feature", "properties": { "hex_id": 1111, "n_locations": 31, "access_capacity_2023": 0.29224687097872698, "access_capacity_2026": 0.14560178040112987, "capacity_access_change": -0.14664509057759714, "quality_access_2023": 0.2660135714748274, "quality_access_2026": 0.14350633145431124, "quality_access_change": -0.12250724002051613, "mean_providers_2023": 6.096774193548387, "mean_providers_2026": 4.129032258064516, "pct_capacity_improved": 0.0, "pct_quality_improved": 0.0, "pct_persistent_low": 0.12903225806451613, "persistence": "Moved into lowest-access decile", "county": "Transylvania" }, "geometry": { "type": "Polygon", "coordinates": [ [ [ -82.835003262350725, 35.077565438046534 ], [ -82.860186411935459, 35.093423745335102 ], [ -82.855784105729683, 35.11897567622357 ], [ -82.826180769399755, 35.128667402738451 ], [ -82.80099308538513, 35.112802361293404 ], [ -82.805413269217667, 35.087252330406024 ], [ -82.835003262350725, 35.077565438046534 ] ] ] } },
{ "type": "Feature", "properties": { "hex_id": 1112, "n_locations": 43, "access_capacity_2023": 0.45929251767929891, "access_capacity_2026": 0.29221549023871118, "capacity_access_change": -0.16707702744058769, "quality_access_2023": 0.43324715430820315, "quality_access_2026": 0.28900531118355594, "quality_access_change": -0.14424184312464722, "mean_providers_2023": 9.0232558139534884, "mean_providers_2026": 7.1860465116279073, "pct_capacity_improved": 0.0, "pct_quality_improved": 0.0, "pct_persistent_low": 0.0, "persistence": "Not in lowest-access decile", "county": "Transylvania" }, "geometry": { "type": "Polygon", "coordinates": [ [ [ -82.821765115626164, 35.15421718353295 ], [ -82.84697069442349, 35.170077140611738 ], [ -82.842559583496936, 35.195626682887379 ], [ -82.812924978890678, 35.205314363950613 ], [ -82.787714861630676, 35.189447653845377 ], [ -82.79214388451544, 35.163900018628276 ], [ -82.821765115626164, 35.15421718353295 ] ] ] } },
{ "type": "Feature", "properties": { "hex_id": 1116, "n_locations": 56, "access_capacity_2023": 0.068843501140380597, "access_capacity_2026": 0.13221766013492145, "capacity_access_change": 0.063374158994540838, "quality_access_2023": 0.061562465754386259, "quality_access_2026": 0.10888453763090476, "quality_access_change": 0.047322071876518504, "mean_providers_2023": 9.3035714285714288, "mean_providers_2026": 14.714285714285714, "pct_capacity_improved": 1.0, "pct_quality_improved": 1.0, "pct_persistent_low": 1.0, "persistence": "Persistently lowest-access", "county": "Buncombe" }, "geometry": { "type": "Polygon", "coordinates": [ [ [ -82.768546948899825, 35.460753786143201 ], [ -82.793842629607923, 35.476620646638985 ], [ -82.789396036063138, 35.502161030660652 ], [ -82.759635708584696, 35.511832621572204 ], [ -82.734335473319078, 35.495958932016599 ], [ -82.738800117118615, 35.470420483570074 ], [ -82.768546948899825, 35.460753786143201 ] ] ] } },
{ "type": "Feature", "properties": { "hex_id": 1117, "n_locations": 110, "access_capacity_2023": 0.49179042014500729, "access_capacity_2026": 0.69990242723340301, "capacity_access_change": 0.2081120070883957, "quality_access_2023": 0.40726269333546777, "quality_access_2026": 0.53003989710997745, "quality_access_change": 0.12277720377450961, "mean_providers_2023": 51.754545454545458, "mean_providers_2026": 61.718181818181804, "pct_capacity_improved": 1.0, "pct_quality_improved": 1.0, "pct_persistent_low": 0.036363636363636362, "persistence": "Not in lowest-access decile", "county": "Buncombe" }, "geometry": { "type": "Polygon", "coordinates": [ [ [ -82.755175614884507, 35.53737093690556 ], [ -82.780493917804193, 35.553239599751997 ], [ -82.776038387147651, 35.578777793694137 ], [ -82.746246465515469, 35.588445384982897 ], [ -82.720923604024051, 35.572569873927719 ], [ -82.72539721975393, 35.54703362276242 ], [ -82.755175614884507, 35.53737093690556 ] ] ] } },
{ "type": "Feature", "properties": { "hex_id": 1118, "n_locations": 62, "access_capacity_2023": 0.12541607466840687, "access_capacity_2026": 0.14890891564998282, "capacity_access_change": 0.023492840981575957, "quality_access_2023": 0.11341929009398548, "quality_access_2026": 0.13654665635393395, "quality_access_change": 0.023127366259948465, "mean_providers_2023": 16.516129032258064, "mean_providers_2026": 16.806451612903221, "pct_capacity_improved": 1.0, "pct_quality_improved": 0.967741935483871, "pct_persistent_low": 0.75806451612903225, "persistence": "Persistently lowest-access", "county": "Buncombe" }, "geometry": { "type": "Polygon", "coordinates": [ [ [ -82.741777403881443, 35.61398152660616 ], [ -82.767118367894781, 35.62985202257763 ], [ -82.762653873332425, 35.65538806641144 ], [ -82.73283029177189, 35.665051667244725 ], [ -82.707484765176574, 35.649174303858416 ], [ -82.711967379729344, 35.623640210032768 ], [ -82.741777403881443, 35.61398152660616 ] ] ] } },
{ "type": "Feature", "properties": { "hex_id": 1119, "n_locations": 59, "access_capacity_2023": 0.048926936000158905, "access_capacity_2026": 0.07200197434137301, "capacity_access_change": 0.023075038341214098, "quality_access_2023": 0.047697141810793167, "quality_access_2026": 0.07102732184832565, "quality_access_change": 0.023330180037532476, "mean_providers_2023": 4.7288135593220328, "mean_providers_2026": 5.5593220338983054, "pct_capacity_improved": 1.0, "pct_quality_improved": 0.93220338983050843, "pct_persistent_low": 1.0, "persistence": "Persistently lowest-access", "county": "Buncombe" }, "geometry": { "type": "Polygon", "coordinates": [ [ [ -82.728352235307455, 35.69058567515939 ], [ -82.753715899391167, 35.706458035119745 ], [ -82.74924241402249, 35.731991968906947 ], [ -82.719387106557321, 35.741651588453081 ], [ -82.694018875885376, 35.72577234181432 ], [ -82.69851051626047, 35.700240365296118 ], [ -82.728352235307455, 35.69058567515939 ] ] ] } },
{ "type": "Feature", "properties": { "hex_id": 1120, "n_locations": 22, "access_capacity_2023": 0.26654868470829013, "access_capacity_2026": 0.26709516892740226, "capacity_access_change": 0.00054648421911210028, "quality_access_2023": 0.24198513364728652, "quality_access_2026": 0.23765143987760895, "quality_access_change": -0.0043336937696775895, "mean_providers_2023": 8.2272727272727266, "mean_providers_2026": 9.7727272727272734, "pct_capacity_improved": 1.0, "pct_quality_improved": 0.45454545454545453, "pct_persistent_low": 0.090909090909090912, "persistence": "Not in lowest-access decile", "county": "Madison" }, "geometry": { "type": "Polygon", "coordinates": [ [ [ -82.714900028258924, 35.767183502751763 ], [ -82.740286431484847, 35.783057757655023 ], [ -82.735803928302275, 35.808589621549132 ], [ -82.705916828753857, 35.818245268977634 ], [ -82.680525854937613, 35.802364108074478 ], [ -82.685026548241794, 35.776834208740183 ], [ -82.714900028258924, 35.767183502751763 ] ] ] } },
{ "type": "Feature", "properties": { "hex_id": 1132, "n_locations": 89, "access_capacity_2023": 0.40487680378610075, "access_capacity_2026": 0.25125157779155893, "capacity_access_change": -0.1536252259945419, "quality_access_2023": 0.3782487188444642, "quality_access_2026": 0.24860577919157309, "quality_access_change": -0.1296429396528912, "mean_providers_2023": 9.0449438202247201, "mean_providers_2026": 7.2359550561797743, "pct_capacity_improved": 0.0, "pct_quality_improved": 0.0, "pct_persistent_low": 0.011235955056179775, "persistence": "Not in lowest-access decile", "county": "Transylvania" }, "geometry": { "type": "Polygon", "coordinates": [ [ [ -82.80099308538513, 35.112802361293404 ], [ -82.826180769399755, 35.128667402738451 ], [ -82.821765115626164, 35.15421718353295 ], [ -82.79214388451544, 35.163900018628276 ], [ -82.766951674825634, 35.148028233363874 ], [ -82.771385218997978, 35.122480359742461 ], [ -82.80099308538513, 35.112802361293404 ] ] ] } },
{ "type": "Feature", "properties": { "hex_id": 1133, "n_locations": 55, "access_capacity_2023": 0.47534375751034452, "access_capacity_2026": 0.32352845091898269, "capacity_access_change": -0.15181530659136186, "quality_access_2023": 0.45168929686405707, "quality_access_2026": 0.31850889821455808, "quality_access_change": -0.13318039864949896, "mean_providers_2023": 8.6, "mean_providers_2026": 6.6, "pct_capacity_improved": 0.0, "pct_quality_improved": 0.0, "pct_persistent_low": 0.0, "persistence": "Not in lowest-access decile", "county": "Transylvania" }, "geometry": { "type": "Polygon", "coordinates": [ [ [ -82.787714861630676, 35.189447653845377 ], [ -82.812924978890678, 35.205314363950613 ], [ -82.808500490080391, 35.230861772355951 ], [ -82.77884795631357, 35.240540559326121 ], [ -82.753633309380206, 35.224667086504525 ], [ -82.758075722951688, 35.199121592356974 ], [ -82.787714861630676, 35.189447653845377 ] ] ] } },
{ "type": "Feature", "properties": { "hex_id": 1136, "n_locations": 22, "access_capacity_2023": 0.047198288229181845, "access_capacity_2026": 0.10227576415467482, "capacity_access_change": 0.055077475925492968, "quality_access_2023": 0.043182931230076299, "quality_access_2026": 0.084840966983692853, "quality_access_change": 0.041658035753616554, "mean_providers_2023": 6.4090909090909092, "mean_providers_2026": 10.727272727272727, "pct_capacity_improved": 1.0, "pct_quality_improved": 1.0, "pct_persistent_low": 1.0, "persistence": "Persistently lowest-access", "county": "Buncombe" }, "geometry": { "type": "Polygon", "coordinates": [ [ [ -82.747720453632837, 35.419341358389623 ], [ -82.772998101456366, 35.435213257188238 ], [ -82.768546948899825, 35.460753786143201 ], [ -82.738800117118615, 35.470420483570074 ], [ -82.713517927649804, 35.454541765031607 ], [ -82.717987108637146, 35.429003171760947 ], [ -82.747720453632837, 35.419341358389623 ] ] ] } },
{ "type": "Feature", "properties": { "hex_id": 1137, "n_locations": 231, "access_capacity_2023": 0.30155829491335878, "access_capacity_2026": 0.48665975736213207, "capacity_access_change": 0.18510146244877315, "quality_access_2023": 0.25898501255162643, "quality_access_2026": 0.38631205118899481, "quality_access_change": 0.12732703863736838, "mean_providers_2023": 32.774891774891771, "mean_providers_2026": 44.090909090909101, "pct_capacity_improved": 1.0, "pct_quality_improved": 1.0, "pct_persistent_low": 0.1038961038961039, "persistence": "Not in lowest-access decile", "county": "Buncombe" }, "geometry": { "type": "Polygon", "coordinates": [ [ [ -82.734335473319078, 35.495958932016599 ], [ -82.759635708584696, 35.511832621572204 ], [ -82.755175614884507, 35.53737093690556 ], [ -82.72539721975393, 35.54703362276242 ], [ -82.700092438860224, 35.531153094346863 ], [ -82.70457059574305, 35.505616721898178 ], [ -82.734335473319078, 35.495958932016599 ] ] ] } },
{ "type": "Feature", "properties": { "hex_id": 1138, "n_locations": 83, "access_capacity_2023": 0.19090809564184405, "access_capacity_2026": 0.2840029563522295, "capacity_access_change": 0.09309486071038546, "quality_access_2023": 0.17380622749710131, "quality_access_2026": 0.23548490087232873, "quality_access_change": 0.061678673375227443, "mean_providers_2023": 22.542168674698797, "mean_providers_2026": 28.156626506024093, "pct_capacity_improved": 1.0, "pct_quality_improved": 1.0, "pct_persistent_low": 0.048192771084337352, "persistence": "Not in lowest-access decile", "county": "Buncombe" }, "geometry": { "type": "Polygon", "coordinates": [ [ [ -82.720923604024051, 35.572569873927719 ], [ -82.746246465515469, 35.588445384982897 ], [ -82.741777403881443, 35.61398152660616 ], [ -82.711967379729344, 35.623640210032768 ], [ -82.686639968631056, 35.6077578409406 ], [ -82.691127128297765, 35.582223649431754 ], [ -82.720923604024051, 35.572569873927719 ] ] ] } },
{ "type": "Feature", "properties": { "hex_id": 1139, "n_locations": 170, "access_capacity_2023": 0.20908669796085408, "access_capacity_2026": 0.23381136520454052, "capacity_access_change": 0.024724667243686462, "quality_access_2023": 0.1881190153562152, "quality_access_2026": 0.20941860677438195, "quality_access_change": 0.021299591418166758, "mean_providers_2023": 26.817647058823532, "mean_providers_2026": 26.48823529411764, "pct_capacity_improved": 1.0, "pct_quality_improved": 0.91176470588235292, "pct_persistent_low": 0.17058823529411765, "persistence": "Not in lowest-access decile", "county": "Buncombe" }, "geometry": { "type": "Polygon", "coordinates": [ [ [ -82.707484765176574, 35.649174303858416 ], [ -82.73283029177189, 35.665051667244725 ], [ -82.728352235307455, 35.69058567515939 ], [ -82.69851051626047, 35.700240365296118 ], [ -82.673160436083634, 35.684356124638718 ], [ -82.677656625529409, 35.658824074097744 ], [ -82.707484765176574, 35.649174303858416 ] ] ] } },
{ "type": "Feature", "properties": { "hex_id": 1140, "n_locations": 15, "access_capacity_2023": 0.16944149963968283, "access_capacity_2026": 0.16764148171506346, "capacity_access_change": -0.0018000179246193656, "quality_access_2023": 0.1521614966327777, "quality_access_2026": 0.15086501138340497, "quality_access_change": -0.0012964852493727217, "mean_providers_2023": 7.1333333333333337, "mean_providers_2026": 7.4, "pct_capacity_improved": 0.0, "pct_quality_improved": 0.4, "pct_persistent_low": 0.4, "persistence": "Not in lowest-access decile", "county": "Madison" }, "geometry": { "type": "Polygon", "coordinates": [ [ [ -82.694018875885376, 35.72577234181432 ], [ -82.719387106557321, 35.741651588453081 ], [ -82.714900028258924, 35.767183502751763 ], [ -82.685026548241794, 35.776834208740183 ], [ -82.659653760017918, 35.760948065538336 ], [ -82.664159006345258, 35.735418115902505 ], [ -82.694018875885376, 35.72577234181432 ] ] ] } },
{ "type": "Feature", "properties": { "hex_id": 1141, "n_locations": 35, "access_capacity_2023": 0.36396916853689992, "access_capacity_2026": 0.34433900946457441, "capacity_access_change": -0.019630159072325522, "quality_access_2023": 0.32444864671261386, "quality_access_2026": 0.30240100583844698, "quality_access_change": -0.022047640874166868, "mean_providers_2023": 10.885714285714286, "mean_providers_2026": 12.142857142857144, "pct_capacity_improved": 0.0, "pct_quality_improved": 0.11428571428571428, "pct_persistent_low": 0.0, "persistence": "Not in lowest-access decile", "county": "Madison" }, "geometry": { "type": "Polygon", "coordinates": [ [ [ -82.680525854937613, 35.802364108074478 ], [ -82.705916828753857, 35.818245268977634 ], [ -82.701420701510528, 35.843775129845028 ], [ -82.671515394245176, 35.853421860827844 ], [ -82.646119858910879, 35.837533784011391 ], [ -82.650634189330106, 35.812005895126006 ], [ -82.680525854937613, 35.802364108074478 ] ] ] } },
{ "type": "Feature", "properties": { "hex_id": 1153, "n_locations": 35, "access_capacity_2023": 0.39843785214222693, "access_capacity_2026": 0.2766840830176665, "capacity_access_change": -0.12175376912456043, "quality_access_2023": 0.37880540985285016, "quality_access_2026": 0.27227615648310877, "quality_access_change": -0.10652925336974138, "mean_providers_2023": 8.5142857142857142, "mean_providers_2026": 6.628571428571429, "pct_capacity_improved": 0.0, "pct_quality_improved": 0.0, "pct_persistent_low": 0.057142857142857141, "persistence": "Not in lowest-access decile", "county": "Transylvania" }, "geometry": { "type": "Polygon", "coordinates": [ [ [ -82.766951674825634, 35.148028233363874 ], [ -82.79214388451544, 35.163900018628276 ], [ -82.787714861630676, 35.189447653845377 ], [ -82.758075722951688, 35.199121592356974 ], [ -82.732878996374765, 35.183243053600997 ], [ -82.737325922429051, 35.157697332746935 ], [ -82.766951674825634, 35.148028233363874 ] ] ] } },
{ "type": "Feature", "properties": { "hex_id": 1154, "n_locations": 190, "access_capacity_2023": 0.48001684829133651, "access_capacity_2026": 0.392822434404617, "capacity_access_change": -0.087194413886719502, "quality_access_2023": 0.46176317584502802, "quality_access_2026": 0.38573463906006145, "quality_access_change": -0.076028536784966572, "mean_providers_2023": 9.5052631578947349, "mean_providers_2026": 7.9105263157894754, "pct_capacity_improved": 0.0, "pct_quality_improved": 0.005263157894736842, "pct_persistent_low": 0.005263157894736842, "persistence": "Not in lowest-access decile", "county": "Transylvania" }, "geometry": { "type": "Polygon", "coordinates": [ [ [ -82.753633309380206, 35.224667086504525 ], [ -82.77884795631357, 35.240540559326121 ], [ -82.774410068010539, 35.266085838378253 ], [ -82.744739592264651, 35.275755726064659 ], [ -82.719520424480706, 35.259875480827375 ], [ -82.723976250346695, 35.234332123250205 ], [ -82.753633309380206, 35.224667086504525 ] ] ] } },
{ "type": "Feature", "properties": { "hex_id": 1157, "n_locations": 57, "access_capacity_2023": 0.080508364305247132, "access_capacity_2026": 0.15971652484097909, "capacity_access_change": 0.079208160535731958, "quality_access_2023": 0.070795397743916993, "quality_access_2026": 0.13152387775542762, "quality_access_change": 0.060728480011510627, "mean_providers_2023": 10.859649122807017, "mean_providers_2026": 16.92982456140351, "pct_capacity_improved": 1.0, "pct_quality_improved": 1.0, "pct_persistent_low": 0.7192982456140351, "persistence": "Persistently lowest-access", "county": "Buncombe" }, "geometry": { "type": "Polygon", "coordinates": [ [ [ -82.713517927649804, 35.454541765031607 ], [ -82.738800117118615, 35.470420483570074 ], [ -82.734335473319078, 35.495958932016599 ], [ -82.70457059574305, 35.505616721898178 ], [ -82.679283873556983, 35.489731173838052 ], [ -82.683766558682549, 35.464194668375789 ], [ -82.713517927649804, 35.454541765031607 ] ] ] } },
{ "type": "Feature", "properties": { "hex_id": 1158, "n_locations": 462, "access_capacity_2023": 0.47093510446997466, "access_capacity_2026": 0.70273393275397078, "capacity_access_change": 0.23179882828399631, "quality_access_2023": 0.394400949063892, "quality_access_2026": 0.54724439306843631, "quality_access_change": 0.15284344400454428, "mean_providers_2023": 56.636363636363612, "mean_providers_2026": 67.96969696969694, "pct_capacity_improved": 1.0, "pct_quality_improved": 1.0, "pct_persistent_low": 0.0, "persistence": "Not in lowest-access decile", "county": "Buncombe" }, "geometry": { "type": "Polygon", "coordinates": [ [ [ -82.700092438860224, 35.531153094346863 ], [ -82.72539721975393, 35.54703362276242 ], [ -82.720923604024051, 35.572569873927719 ], [ -82.691127128297765, 35.582223649431754 ], [ -82.665817810739426, 35.56633627234649 ], [ -82.670309502578476, 35.540801971393677 ], [ -82.700092438860224, 35.531153094346863 ] ] ] } },
{ "type": "Feature", "properties": { "hex_id": 1159, "n_locations": 196, "access_capacity_2023": 0.34682667463562217, "access_capacity_2026": 0.42032065944887576, "capacity_access_change": 0.07349398481325356, "quality_access_2023": 0.30799112163472531, "quality_access_2026": 0.35945658726027235, "quality_access_change": 0.051465465625547047, "mean_providers_2023": 43.867346938775512, "mean_providers_2026": 44.943877551020407, "pct_capacity_improved": 1.0, "pct_quality_improved": 0.96938775510204078, "pct_persistent_low": 0.0, "persistence": "Not in lowest-access decile", "county": "Buncombe" }, "geometry": { "type": "Polygon", "coordinates": [ [ [ -82.686639968631056, 35.6077578409406 ], [ -82.711967379729344, 35.623640210032768 ], [ -82.707484765176574, 35.649174303858416 ], [ -82.677656625529409, 35.658824074097744 ], [ -82.652324673823344, 35.642934837130909 ], [ -82.656825399366781, 35.617402700775457 ], [ -82.686639968631056, 35.6077578409406 ] ] ] } },
{ "type": "Feature", "properties": { "hex_id": 1160, "n_locations": 51, "access_capacity_2023": 0.10203411434666007, "access_capacity_2026": 0.11508680035149213, "capacity_access_change": 0.013052686004832063, "quality_access_2023": 0.090094216356600643, "quality_access_2026": 0.098856859435792963, "quality_access_change": 0.0087626430791923147, "mean_providers_2023": 9.8431372549019613, "mean_providers_2026": 10.254901960784313, "pct_capacity_improved": 1.0, "pct_quality_improved": 0.62745098039215685, "pct_persistent_low": 0.94117647058823528, "persistence": "Persistently lowest-access", "county": "Buncombe" }, "geometry": { "type": "Polygon", "coordinates": [ [ [ -82.673160436083634, 35.684356124638718 ], [ -82.69851051626047, 35.700240365296118 ], [ -82.694018875885376, 35.72577234181432 ], [ -82.664159006345258, 35.735418115902505 ], [ -82.63880438162181, 35.719526988107773 ], [ -82.643314167967731, 35.693996976347321 ], [ -82.673160436083634, 35.684356124638718 ] ] ] } },
{ "type": "Feature", "properties": { "hex_id": 1161, "n_locations": 57, "access_capacity_2023": 0.36830282041218254, "access_capacity_2026": 0.36154208986937864, "capacity_access_change": -0.0067607305428039697, "quality_access_2023": 0.32469437521902689, "quality_access_2026": 0.31405382629834411, "quality_access_change": -0.010640548920682761, "mean_providers_2023": 14.526315789473685, "mean_providers_2026": 15.210526315789474, "pct_capacity_improved": 0.0, "pct_quality_improved": 0.15789473684210525, "pct_persistent_low": 0.0, "persistence": "Not in lowest-access decile", "county": "Madison" }, "geometry": { "type": "Polygon", "coordinates": [ [ [ -82.659653760017918, 35.760948065538336 ], [ -82.685026548241794, 35.776834208740183 ], [ -82.680525854937613, 35.802364108074478 ], [ -82.650634189330106, 35.812005895126006 ], [ -82.625256852625128, 35.796112845466396 ], [ -82.629775726979389, 35.770584918207398 ], [ -82.659653760017918, 35.760948065538336 ] ] ] } },
{ "type": "Feature", "properties": { "hex_id": 1162, "n_locations": 28, "access_capacity_2023": 0.1598845893359937, "access_capacity_2026": 0.14916183833888894, "capacity_access_change": -0.010722750997104756, "quality_access_2023": 0.14001380417031675, "quality_access_2026": 0.13185659076872258, "quality_access_change": -0.0081572134015941815, "mean_providers_2023": 6.1071428571428568, "mean_providers_2026": 5.75, "pct_capacity_improved": 0.0, "pct_quality_improved": 0.14285714285714285, "pct_persistent_low": 0.21428571428571427, "persistence": "Not in lowest-access decile", "county": "Madison" }, "geometry": { "type": "Polygon", "coordinates": [ [ [ -82.646119858910879, 35.837533784011391 ], [ -82.671515394245176, 35.853421860827844 ], [ -82.667005620797184, 35.878949723194232 ], [ -82.637082092744748, 35.888587532325012 ], [ -82.611682004999366, 35.872692529671895 ], [ -82.616209994676055, 35.847166646728425 ], [ -82.646119858910879, 35.837533784011391 ] ] ] } },
{ "type": "Feature", "properties": { "hex_id": 1173, "n_locations": 14, "access_capacity_2023": 0.15102867500092376, "access_capacity_2026": 0.1079452118968631, "capacity_access_change": -0.043083463104060679, "quality_access_2023": 0.14289180381499428, "quality_access_2026": 0.1052385903405557, "quality_access_change": -0.03765321347443857, "mean_providers_2023": 4.5, "mean_providers_2026": 3.7857142857142856, "pct_capacity_improved": 0.0, "pct_quality_improved": 0.071428571428571425, "pct_persistent_low": 0.35714285714285715, "persistence": "Moved into lowest-access decile", "county": "Transylvania" }, "geometry": { "type": "Polygon", "coordinates": [ [ [ -82.746210895319535, 35.106603497048148 ], [ -82.771385218997978, 35.122480359742461 ], [ -82.766951674825634, 35.148028233363874 ], [ -82.737325922429051, 35.157697332746935 ], [ -82.712147094617563, 35.141813725775762 ], [ -82.71659852040122, 35.116267766614435 ], [ -82.746210895319535, 35.106603497048148 ] ] ] } },
{ "type": "Feature", "properties": { "hex_id": 1174, "n_locations": 177, "access_capacity_2023": 0.49661898367329993, "access_capacity_2026": 0.39287776945787262, "capacity_access_change": -0.10374121421542735, "quality_access_2023": 0.47759975120967785, "quality_access_2026": 0.38617496922999273, "quality_access_change": -0.091424781979685149, "mean_providers_2023": 9.4406779661016955, "mean_providers_2026": 7.5932203389830502, "pct_capacity_improved": 0.0, "pct_quality_improved": 0.0, "pct_persistent_low": 0.0, "persistence": "Not in lowest-access decile", "county": "Transylvania" }, "geometry": { "type": "Polygon", "coordinates": [ [ [ -82.732878996374765, 35.183243053600997 ], [ -82.758075722951688, 35.199121592356974 ], [ -82.753633309380206, 35.224667086504525 ], [ -82.723976250346695, 35.234332123250205 ], [ -82.698775015704172, 35.21844682132118 ], [ -82.703235345214679, 35.192903248744393 ], [ -82.732878996374765, 35.183243053600997 ] ] ] } },
{ "type": "Feature", "properties": { "hex_id": 1175, "n_locations": 39, "access_capacity_2023": 0.4630692475167778, "access_capacity_2026": 0.418577750064829, "capacity_access_change": -0.044491497451948796, "quality_access_2023": 0.44477122321363183, "quality_access_2026": 0.39944509396820316, "quality_access_change": -0.045326129245428684, "mean_providers_2023": 10.923076923076923, "mean_providers_2026": 11.948717948717949, "pct_capacity_improved": 0.0, "pct_quality_improved": 0.15384615384615385, "pct_persistent_low": 0.0, "persistence": "Not in lowest-access decile", "county": "Transylvania" }, "geometry": { "type": "Polygon", "coordinates": [ [ [ -82.719520424480706, 35.259875480827375 ], [ -82.744739592264651, 35.275755726064659 ], [ -82.740288282827507, 35.301298880271915 ], [ -82.710599852285284, 35.310959863465449 ], [ -82.685376172507162, 35.295072836103841 ], [ -82.689845432307706, 35.269531610606741 ], [ -82.719520424480706, 35.259875480827375 ] ] ] } },
{ "type": "Feature", "properties": { "hex_id": 1178, "n_locations": 165, "access_capacity_2023": 0.24099479734603382, "access_capacity_2026": 0.37353397231641661, "capacity_access_change": 0.13253917497038278, "quality_access_2023": 0.20932846057972393, "quality_access_2026": 0.30444712067640989, "quality_access_change": 0.095118660096686, "mean_providers_2023": 31.484848484848474, "mean_providers_2026": 39.418181818181822, "pct_capacity_improved": 1.0, "pct_quality_improved": 1.0, "pct_persistent_low": 0.19393939393939394, "persistence": "Not in lowest-access decile", "county": "Buncombe" }, "geometry": { "type": "Polygon", "coordinates": [ [ [ -82.679283873556983, 35.489731173838052 ], [ -82.70457059574305, 35.505616721898178 ], [ -82.700092438860224, 35.531153094346863 ], [ -82.670309502578476, 35.540801971393677 ], [ -82.6450182566373, 35.524909584020456 ], [ -82.649514467739948, 35.499375161874269 ], [ -82.679283873556983, 35.489731173838052 ] ] ] } },
{ "type": "Feature", "properties": { "hex_id": 1179, "n_locations": 211, "access_capacity_2023": 0.41503590736441814, "access_capacity_2026": 0.53775977169429223, "capacity_access_change": 0.12272386432987417, "quality_access_2023": 0.34457304988090015, "quality_access_2026": 0.43062750297585317, "quality_access_change": 0.08605445309495309, "mean_providers_2023": 55.227488151658768, "mean_providers_2026": 60.905213270142163, "pct_capacity_improved": 1.0, "pct_quality_improved": 0.99052132701421802, "pct_persistent_low": 0.0047393364928909956, "persistence": "Not in lowest-access decile", "county": "Buncombe" }, "geometry": { "type": "Polygon", "coordinates": [ [ [ -82.665817810739426, 35.56633627234649 ], [ -82.691127128297765, 35.582223649431754 ], [ -82.686639968631056, 35.6077578409406 ], [ -82.656825399366781, 35.617402700775457 ], [ -82.631511554141511, 35.601508465201107 ], [ -82.636016802842519, 35.575976231250856 ], [ -82.665817810739426, 35.56633627234649 ] ] ] } },
{ "type": "Feature", "properties": { "hex_id": 1180, "n_locations": 126, "access_capacity_2023": 0.26598265008750926, "access_capacity_2026": 0.28068463736211297, "capacity_access_change": 0.014701987274603758, "quality_access_2023": 0.2350480354428359, "quality_access_2026": 0.24512497846500578, "quality_access_change": 0.010076943022169924, "mean_providers_2023": 31.865079365079382, "mean_providers_2026": 31.253968253968253, "pct_capacity_improved": 1.0, "pct_quality_improved": 0.66666666666666663, "pct_persistent_low": 0.063492063492063489, "persistence": "Not in lowest-access decile", "county": "Buncombe" }, "geometry": { "type": "Polygon", "coordinates": [ [ [ -82.652324673823344, 35.642934837130909 ], [ -82.677656625529409, 35.658824074097744 ], [ -82.673160436083634, 35.684356124638718 ], [ -82.643314167967731, 35.693996976347321 ], [ -82.617977684687304, 35.67810086165818 ], [ -82.622491998080278, 35.652570775961749 ], [ -82.652324673823344, 35.642934837130909 ] ] ] } },
{ "type": "Feature", "properties": { "hex_id": 1181, "n_locations": 109, "access_capacity_2023": 0.39794208934507136, "access_capacity_2026": 0.40524626842038142, "capacity_access_change": 0.0073041790753100039, "quality_access_2023": 0.35211149663495167, "quality_access_2026": 0.34764288982661834, "quality_access_change": -0.0044686068083333499, "mean_providers_2023": 29.541284403669721, "mean_providers_2026": 28.807339449541285, "pct_capacity_improved": 1.0, "pct_quality_improved": 0.39449541284403672, "pct_persistent_low": 0.0, "persistence": "Not in lowest-access decile", "county": "Buncombe" }, "geometry": { "type": "Polygon", "coordinates": [ [ [ -82.63880438162181, 35.719526988107773 ], [ -82.664159006345258, 35.735418115902505 ], [ -82.659653760017918, 35.760948065538336 ], [ -82.629775726979389, 35.770584918207398 ], [ -82.604416566778653, 35.754686893399423 ], [ -82.60893997206486, 35.729158915923847 ], [ -82.63880438162181, 35.719526988107773 ] ] ] } },
{ "type": "Feature", "properties": { "hex_id": 1182, "n_locations": 55, "access_capacity_2023": 0.32257297757698988, "access_capacity_2026": 0.30288066071576603, "capacity_access_change": -0.019692316861223851, "quality_access_2023": 0.28212653025779727, "quality_access_2026": 0.26162926313857271, "quality_access_change": -0.020497267119224574, "mean_providers_2023": 10.818181818181818, "mean_providers_2026": 11.818181818181818, "pct_capacity_improved": 0.0, "pct_quality_improved": 0.072727272727272724, "pct_persistent_low": 0.0, "persistence": "Not in lowest-access decile", "county": "Madison" }, "geometry": { "type": "Polygon", "coordinates": [ [ [ -82.625256852625128, 35.796112845466396 ], [ -82.650634189330106, 35.812005895126006 ], [ -82.646119858910879, 35.837533784011391 ], [ -82.616209994676055, 35.847166646728425 ], [ -82.590828118595454, 35.83126668070647 ], [ -82.595360643084362, 35.80574077132728 ], [ -82.625256852625128, 35.796112845466396 ] ] ] } },
{ "type": "Feature", "properties": { "hex_id": 1183, "n_locations": 22, "access_capacity_2023": 0.03799380281213785, "access_capacity_2026": 0.036371654930657221, "capacity_access_change": -0.0016221478814806246, "quality_access_2023": 0.031515842158153264, "quality_access_2026": 0.0309065601847235, "quality_access_change": -0.00060928197342976673, "mean_providers_2023": 2.1363636363636362, "mean_providers_2026": 1.6363636363636362, "pct_capacity_improved": 0.0, "pct_quality_improved": 0.18181818181818182, "pct_persistent_low": 0.95454545454545459, "persistence": "Persistently lowest-access", "county": "Madison" }, "geometry": { "type": "Polygon", "coordinates": [ [ [ -82.611682004999366, 35.872692529671895 ], [ -82.637082092744748, 35.888587532325012 ], [ -82.632558650914945, 35.914113400707578 ], [ -82.602616889006683, 35.923742282561307 ], [ -82.577212257991945, 35.907840344138272 ], [ -82.581753929101765, 35.882316462638165 ], [ -82.611682004999366, 35.872692529671895 ] ] ] } },
{ "type": "Feature", "properties": { "hex_id": 1194, "n_locations": 43, "access_capacity_2023": 0.25908623316725859, "access_capacity_2026": 0.2092027752066826, "capacity_access_change": -0.049883457960576007, "quality_access_2023": 0.2500490461195698, "quality_access_2026": 0.20523725990325545, "quality_access_change": -0.044811786216314348, "mean_providers_2023": 6.9767441860465116, "mean_providers_2026": 6.0, "pct_capacity_improved": 0.0, "pct_quality_improved": 0.023255813953488372, "pct_persistent_low": 0.023255813953488372, "persistence": "Not in lowest-access decile", "county": "Transylvania" }, "geometry": { "type": "Polygon", "coordinates": [ [ [ -82.712147094617563, 35.141813725775762 ], [ -82.737325922429051, 35.157697332746935 ], [ -82.732878996374765, 35.183243053600997 ], [ -82.703235345214679, 35.192903248744393 ], [ -82.678052022090355, 35.177012887832582 ], [ -82.682516842493314, 35.151469088636951 ], [ -82.712147094617563, 35.141813725775762 ] ] ] } },
{ "type": "Feature", "properties": { "hex_id": 1195, "n_locations": 134, "access_capacity_2023": 0.47270943661314757, "access_capacity_2026": 0.41374372204818116, "capacity_access_change": -0.05896571456496643, "quality_access_2023": 0.45503539489390082, "quality_access_2026": 0.4012562509983339, "quality_access_change": -0.053779143895566928, "mean_providers_2023": 9.5746268656716431, "mean_providers_2026": 9.9626865671641767, "pct_capacity_improved": 0.0, "pct_quality_improved": 0.0, "pct_persistent_low": 0.022388059701492536, "persistence": "Not in lowest-access decile", "county": "Transylvania" }, "geometry": { "type": "Polygon", "coordinates": [ [ [ -82.698775015704172, 35.21844682132118 ], [ -82.723976250346695, 35.234332123250205 ], [ -82.719520424480706, 35.259875480827375 ], [ -82.689845432307706, 35.269531610606741 ], [ -82.664639698454636, 35.253639535813733 ], [ -82.669113453027848, 35.228098107033148 ], [ -82.698775015704172, 35.21844682132118 ] ] ] } },
{ "type": "Feature", "properties": { "hex_id": 1196, "n_locations": 24, "access_capacity_2023": 0.27526565739264508, "access_capacity_2026": 0.37934766822332916, "capacity_access_change": 0.10408201083068408, "quality_access_2023": 0.26360580119681465, "quality_access_2026": 0.33729842919752062, "quality_access_change": 0.073692628000706015, "mean_providers_2023": 12.125, "mean_providers_2026": 17.375, "pct_capacity_improved": 1.0, "pct_quality_improved": 0.91666666666666663, "pct_persistent_low": 0.083333333333333329, "persistence": "Not in lowest-access decile", "county": "Transylvania" }, "geometry": { "type": "Polygon", "coordinates": [ [ [ -82.685376172507162, 35.295072836103841 ], [ -82.710599852285284, 35.310959863465449 ], [ -82.706135100040356, 35.336500897327475 ], [ -82.67642870188584, 35.346152970801164 ], [ -82.651200519003638, 35.330259151597005 ], [ -82.655683234411057, 35.304720053698368 ], [ -82.685376172507162, 35.295072836103841 ] ] ] } },
{ "type": "Feature", "properties": { "hex_id": 1199, "n_locations": 461, "access_capacity_2023": 0.63275267170801364, "access_capacity_2026": 0.87093281547432011, "capacity_access_change": 0.23818014376630645, "quality_access_2023": 0.50818587082995847, "quality_access_2026": 0.67602153225196571, "quality_access_change": 0.16783566142200723, "mean_providers_2023": 76.707158351410001, "mean_providers_2026": 87.373101952277636, "pct_capacity_improved": 1.0, "pct_quality_improved": 1.0, "pct_persistent_low": 0.0, "persistence": "Not in lowest-access decile", "county": "Buncombe" }, "geometry": { "type": "Polygon", "coordinates": [ [ [ -82.6450182566373, 35.524909584020456 ], [ -82.670309502578476, 35.540801971393677 ], [ -82.665817810739426, 35.56633627234649 ], [ -82.636016802842519, 35.575976231250856 ], [ -82.610721042142401, 35.560076994763413 ], [ -82.615230801093688, 35.534544651449551 ], [ -82.6450182566373, 35.524909584020456 ] ] ] } },
{ "type": "Feature", "properties": { "hex_id": 1200, "n_locations": 402, "access_capacity_2023": 0.46780987010240815, "access_capacity_2026": 0.55413628200299681, "capacity_access_change": 0.08632641190058872, "quality_access_2023": 0.40298978777181965, "quality_access_2026": 0.47292846966385566, "quality_access_change": 0.069938681892036017, "mean_providers_2023": 54.813432835820905, "mean_providers_2026": 58.111940298507449, "pct_capacity_improved": 1.0, "pct_quality_improved": 1.0, "pct_persistent_low": 0.0, "persistence": "Not in lowest-access decile", "county": "Buncombe" }, "geometry": { "type": "Polygon", "coordinates": [ [ [ -82.631511554141511, 35.601508465201107 ], [ -82.656825399366781, 35.617402700775457 ], [ -82.652324673823344, 35.642934837130909 ], [ -82.622491998080278, 35.652570775961749 ], [ -82.597173634219999, 35.636669672069132 ], [ -82.601692461721413, 35.611139500636831 ], [ -82.631511554141511, 35.601508465201107 ] ] ] } },
{ "type": "Feature", "properties": { "hex_id": 1201, "n_locations": 123, "access_capacity_2023": 0.54825031082502551, "access_capacity_2026": 0.58720208747931957, "capacity_access_change": 0.038951776654294036, "quality_access_2023": 0.4741335658406739, "quality_access_2026": 0.50182451370373793, "quality_access_change": 0.02769094786306393, "mean_providers_2023": 49.471544715447152, "mean_providers_2026": 49.544715447154466, "pct_capacity_improved": 1.0, "pct_quality_improved": 0.91869918699186992, "pct_persistent_low": 0.0, "persistence": "Not in lowest-access decile", "county": "Buncombe" }, "geometry": { "type": "Polygon", "coordinates": [ [ [ -82.617977684687304, 35.67810086165818 ], [ -82.643314167967731, 35.693996976347321 ], [ -82.63880438162181, 35.719526988107773 ], [ -82.60893997206486, 35.729158915923847 ], [ -82.583598966277933, 35.713255913654976 ], [ -82.588126889526094, 35.687727874131738 ], [ -82.617977684687304, 35.67810086165818 ] ] ] } },
{ "type": "Feature", "properties": { "hex_id": 1202, "n_locations": 91, "access_capacity_2023": 0.29241696425118729, "access_capacity_2026": 0.29499904309068431, "capacity_access_change": 0.0025820788394970216, "quality_access_2023": 0.25525334358799667, "quality_access_2026": 0.25049659485718634, "quality_access_change": -0.0047567487308103487, "mean_providers_2023": 19.098901098901095, "mean_providers_2026": 18.494505494505496, "pct_capacity_improved": 1.0, "pct_quality_improved": 0.40659340659340659, "pct_persistent_low": 0.065934065934065936, "persistence": "Not in lowest-access decile", "county": "Madison" }, "geometry": { "type": "Polygon", "coordinates": [ [ [ -82.604416566778653, 35.754686893399423 ], [ -82.629775726979389, 35.770584918207398 ], [ -82.625256852625128, 35.796112845466396 ], [ -82.595360643084362, 35.80574077132728 ], [ -82.56999695651028, 35.789835839620231 ], [ -82.574534002809912, 35.764309891942553 ], [ -82.604416566778653, 35.754686893399423 ] ] ] } },
{ "type": "Feature", "properties": { "hex_id": 1203, "n_locations": 22, "access_capacity_2023": 0.13579349882669631, "access_capacity_2026": 0.11716131224619857, "capacity_access_change": -0.018632186580497739, "quality_access_2023": 0.1175796403567326, "quality_access_2026": 0.10177806762874771, "quality_access_change": -0.015801572727984898, "mean_providers_2023": 5.5, "mean_providers_2026": 4.8181818181818183, "pct_capacity_improved": 0.0, "pct_quality_improved": 0.0, "pct_persistent_low": 0.5, "persistence": "Persistently lowest-access", "county": "Madison" }, "geometry": { "type": "Polygon", "coordinates": [ [ [ -82.590828118595454, 35.83126668070647 ], [ -82.616209994676055, 35.847166646728425 ], [ -82.611682004999366, 35.872692529671895 ], [ -82.581753929101765, 35.882316462638165 ], [ -82.55636752278572, 35.866409570339357 ], [ -82.560913719550172, 35.840885674351696 ], [ -82.590828118595454, 35.83126668070647 ] ] ] } },
{ "type": "Feature", "properties": { "hex_id": 1204, "n_locations": 11, "access_capacity_2023": 0.095492319058412101, "access_capacity_2026": 0.047332543884848796, "capacity_access_change": -0.048159775173563291, "quality_access_2023": 0.057488822961836133, "quality_access_2026": 0.039385936372991273, "quality_access_change": -0.01810288658884486, "mean_providers_2023": 3.5454545454545454, "mean_providers_2026": 2.1818181818181817, "pct_capacity_improved": 0.0, "pct_quality_improved": 0.0, "pct_persistent_low": 1.0, "persistence": "Persistently lowest-access", "county": "Madison" }, "geometry": { "type": "Polygon", "coordinates": [ [ [ -82.577212257991945, 35.907840344138272 ], [ -82.602616889006683, 35.923742282561307 ], [ -82.598079756584582, 35.949266161468657 ], [ -82.568119747753343, 35.958886110601995 ], [ -82.542710582645896, 35.942977226465544 ], [ -82.547265957397727, 35.917455341919009 ], [ -82.577212257991945, 35.907840344138272 ] ] ] } },
{ "type": "Feature", "properties": { "hex_id": 1215, "n_locations": 19, "access_capacity_2023": 0.30677453715084702, "access_capacity_2026": 0.24768907603287815, "capacity_access_change": -0.059085461117968884, "quality_access_2023": 0.2982994785695165, "quality_access_2026": 0.24287192367941277, "quality_access_change": -0.055427554890103696, "mean_providers_2023": 6.8421052631578947, "mean_providers_2026": 6.1578947368421053, "pct_capacity_improved": 0.0, "pct_quality_improved": 0.0, "pct_persistent_low": 0.052631578947368418, "persistence": "Not in lowest-access decile", "county": "Transylvania" }, "geometry": { "type": "Polygon", "coordinates": [ [ [ -82.678052022090355, 35.177012887832582 ], [ -82.703235345214679, 35.192903248744393 ], [ -82.698775015704172, 35.21844682132118 ], [ -82.669113453027848, 35.228098107033148 ], [ -82.643925643444348, 35.212200982507504 ], [ -82.648403880039538, 35.186659338805569 ], [ -82.678052022090355, 35.177012887832582 ] ] ] } },
{ "type": "Feature", "properties": { "hex_id": 1216, "n_locations": 74, "access_capacity_2023": 0.39048762923473324, "access_capacity_2026": 0.37485535792215452, "capacity_access_change": -0.015632271312578706, "quality_access_2023": 0.37332009281945772, "quality_access_2026": 0.34416095437259009, "quality_access_change": -0.029159138446867638, "mean_providers_2023": 9.8513513513513509, "mean_providers_2026": 12.810810810810812, "pct_capacity_improved": 0.0, "pct_quality_improved": 0.32432432432432434, "pct_persistent_low": 0.0, "persistence": "Not in lowest-access decile", "county": "Transylvania" }, "geometry": { "type": "Polygon", "coordinates": [ [ [ -82.664639698454636, 35.253639535813733 ], [ -82.689845432307706, 35.269531610606741 ], [ -82.685376172507162, 35.295072836103841 ], [ -82.655683234411057, 35.304720053698368 ], [ -82.630473010236145, 35.288821196341146 ], [ -82.634960211510688, 35.26328190688433 ], [ -82.664639698454636, 35.253639535813733 ] ] ] } },
{ "type": "Feature", "properties": { "hex_id": 1217, "n_locations": 31, "access_capacity_2023": 0.29844524680558265, "access_capacity_2026": 0.50304533204782687, "capacity_access_change": 0.20460008524224418, "quality_access_2023": 0.26421205332326037, "quality_access_2026": 0.42162666596528181, "quality_access_change": 0.15741461264202145, "mean_providers_2023": 21.032258064516128, "mean_providers_2026": 29.903225806451612, "pct_capacity_improved": 1.0, "pct_quality_improved": 1.0, "pct_persistent_low": 0.096774193548387094, "persistence": "Not in lowest-access decile", "county": "Henderson" }, "geometry": { "type": "Polygon", "coordinates": [ [ [ -82.651200519003638, 35.330259151597005 ], [ -82.67642870188584, 35.346152970801164 ], [ -82.671950485127084, 35.371691888808797 ], [ -82.642226106545678, 35.381335047317286 ], [ -82.616993429483273, 35.365434426543025 ], [ -82.621489622202205, 35.339897451770014 ], [ -82.651200519003638, 35.330259151597005 ] ] ] } },
{ "type": "Feature", "properties": { "hex_id": 1218, "n_locations": 16, "access_capacity_2023": 0.077483484506205361, "access_capacity_2026": 0.17802460698724196, "capacity_access_change": 0.10054112248103661, "quality_access_2023": 0.046432250829809285, "quality_access_2026": 0.12138835727774465, "quality_access_change": 0.074956106447935378, "mean_providers_2023": 12.125, "mean_providers_2026": 17.25, "pct_capacity_improved": 1.0, "pct_quality_improved": 1.0, "pct_persistent_low": 0.4375, "persistence": "Moved out of lowest-access decile", "county": "Henderson" }, "geometry": { "type": "Polygon", "coordinates": [ [ [ -82.637734403534608, 35.406871853952751 ], [ -82.662985073839025, 35.422767448184629 ], [ -82.658497873348253, 35.448304098379474 ], [ -82.628741989017499, 35.457943206832823 ], [ -82.603486820678896, 35.442040791968992 ], [ -82.607992031713181, 35.416506092232389 ], [ -82.637734403534608, 35.406871853952751 ] ] ] } },
{ "type": "Feature", "properties": { "hex_id": 1219, "n_locations": 153, "access_capacity_2023": 0.52623257756648423, "access_capacity_2026": 0.76057117145131359, "capacity_access_change": 0.23433859388482942, "quality_access_2023": 0.40919401845664261, "quality_access_2026": 0.57782289711403167, "quality_access_change": 0.16862887865738907, "mean_providers_2023": 71.745098039215691, "mean_providers_2026": 82.150326797385631, "pct_capacity_improved": 1.0, "pct_quality_improved": 1.0, "pct_persistent_low": 0.019607843137254902, "persistence": "Not in lowest-access decile", "county": "Buncombe" }, "geometry": { "type": "Polygon", "coordinates": [ [ [ -82.624241271527296, 35.483477761910684 ], [ -82.649514467739948, 35.499375161874269 ], [ -82.6450182566373, 35.524909584020456 ], [ -82.615230801093688, 35.534544651449551 ], [ -82.589953102997427, 35.518640411735923 ], [ -82.59446735932444, 35.493107947300906 ], [ -82.624241271527296, 35.483477761910684 ] ] ] } },
{ "type": "Feature", "properties": { "hex_id": 1220, "n_locations": 1074, "access_capacity_2023": 0.72549573848283233, "access_capacity_2026": 0.93643162882619946, "capacity_access_change": 0.21093589034336724, "quality_access_2023": 0.59523114171167302, "quality_access_2026": 0.75256481865638747, "quality_access_change": 0.15733367694471465, "mean_providers_2023": 76.684357541899487, "mean_providers_2026": 87.750465549348306, "pct_capacity_improved": 1.0, "pct_quality_improved": 1.0, "pct_persistent_low": 0.0, "persistence": "Not in lowest-access decile", "county": "Buncombe" }, "geometry": { "type": "Polygon", "coordinates": [ [ [ -82.610721042142401, 35.560076994763413 ], [ -82.636016802842519, 35.575976231250856 ], [ -82.631511554141511, 35.601508465201107 ], [ -82.601692461721413, 35.611139500636831 ], [ -82.576392195292811, 35.595233405224342 ], [ -82.58091552399695, 35.569703136267897 ], [ -82.610721042142401, 35.560076994763413 ] ] ] } },
{ "type": "Feature", "properties": { "hex_id": 1221, "n_locations": 255, "access_capacity_2023": 0.63221415021039251, "access_capacity_2026": 0.71507675003203086, "capacity_access_change": 0.082862599821638308, "quality_access_2023": 0.53507989050970239, "quality_access_2026": 0.59228777201161242, "quality_access_change": 0.05720788150191005, "mean_providers_2023": 64.584313725490205, "mean_providers_2026": 68.666666666666657, "pct_capacity_improved": 1.0, "pct_quality_improved": 1.0, "pct_persistent_low": 0.0, "persistence": "Not in lowest-access decile", "county": "Buncombe" }, "geometry": { "type": "Polygon", "coordinates": [ [ [ -82.597173634219999, 35.636669672069132 ], [ -82.622491998080278, 35.652570775961749 ], [ -82.617977684687304, 35.67810086165818 ], [ -82.588126889526094, 35.687727874131738 ], [ -82.562804016097132, 35.67181989208202 ], [ -82.567336444370213, 35.646291778691726 ], [ -82.597173634219999, 35.636669672069132 ] ] ] } },
{ "type": "Feature", "properties": { "hex_id": 1222, "n_locations": 165, "access_capacity_2023": 0.4436452878395965, "access_capacity_2026": 0.48312165777101695, "capacity_access_change": 0.039476369931420452, "quality_access_2023": 0.37966082014751262, "quality_access_2026": 0.4063612909361291, "quality_access_change": 0.026700470788616516, "mean_providers_2023": 39.61212121212121, "mean_providers_2026": 38.45454545454546, "pct_capacity_improved": 1.0, "pct_quality_improved": 0.66666666666666663, "pct_persistent_low": 0.0, "persistence": "Not in lowest-access decile", "county": "Buncombe" }, "geometry": { "type": "Polygon", "coordinates": [ [ [ -82.583598966277933, 35.713255913654976 ], [ -82.60893997206486, 35.729158915923847 ], [ -82.604416566778653, 35.754686893399423 ], [ -82.574534002809912, 35.764309891942553 ], [ -82.549188483618835, 35.748399992226759 ], [ -82.553730038760776, 35.722873994399741 ], [ -82.583598966277933, 35.713255913654976 ] ] ] } },
{ "type": "Feature", "properties": { "hex_id": 1223, "n_locations": 63, "access_capacity_2023": 0.36038082754540862, "access_capacity_2026": 0.32637519266262283, "capacity_access_change": -0.034005634882785768, "quality_access_2023": 0.2927051810460547, "quality_access_2026": 0.27705478012469165, "quality_access_change": -0.015650400921362984, "mean_providers_2023": 18.269841269841272, "mean_providers_2026": 17.142857142857142, "pct_capacity_improved": 0.0, "pct_quality_improved": 0.26984126984126983, "pct_persistent_low": 0.031746031746031744, "persistence": "Not in lowest-access decile", "county": "Madison" }, "geometry": { "type": "Polygon", "coordinates": [ [ [ -82.56999695651028, 35.789835839620231 ], [ -82.595360643084362, 35.80574077132728 ], [ -82.590828118595454, 35.83126668070647 ], [ -82.560913719550172, 35.840885674351696 ], [ -82.535545515741333, 35.824973825849789 ], [ -82.540096225160553, 35.799449903491741 ], [ -82.56999695651028, 35.789835839620231 ] ] ] } },
{ "type": "Feature", "properties": { "hex_id": 1224, "n_locations": 15, "access_capacity_2023": 0.12890766028933395, "access_capacity_2026": 0.10823963453786929, "capacity_access_change": -0.020668025751464664, "quality_access_2023": 0.093567337867901251, "quality_access_2026": 0.088614925220637367, "quality_access_change": -0.0049524126472638725, "mean_providers_2023": 6.2666666666666675, "mean_providers_2026": 5.8, "pct_capacity_improved": 0.0, "pct_quality_improved": 0.2, "pct_persistent_low": 0.6, "persistence": "Persistently lowest-access", "county": "Madison" }, "geometry": { "type": "Polygon", "coordinates": [ [ [ -82.55636752278572, 35.866409570339357 ], [ -82.581753929101765, 35.882316462638165 ], [ -82.577212257991945, 35.907840344138272 ], [ -82.547265957397727, 35.917455341919009 ], [ -82.521875030021221, 35.901541513418863 ], [ -82.52643492123525, 35.876019626342945 ], [ -82.55636752278572, 35.866409570339357 ] ] ] } },
{ "type": "Feature", "properties": { "hex_id": 1236, "n_locations": 66, "access_capacity_2023": 0.29840836318943204, "access_capacity_2026": 0.26478146305445449, "capacity_access_change": -0.033626900134977523, "quality_access_2023": 0.28232498856164528, "quality_access_2026": 0.25071495317838904, "quality_access_change": -0.031610035383256255, "mean_providers_2023": 9.0606060606060606, "mean_providers_2026": 10.030303030303031, "pct_capacity_improved": 0.0, "pct_quality_improved": 0.07575757575757576, "pct_persistent_low": 0.060606060606060608, "persistence": "Not in lowest-access decile", "county": "Transylvania" }, "geometry": { "type": "Polygon", "coordinates": [ [ [ -82.643925643444348, 35.212200982507504 ], [ -82.669113453027848, 35.228098107033148 ], [ -82.664639698454636, 35.253639535813733 ], [ -82.634960211510688, 35.26328190688433 ], [ -82.609767924355296, 35.247378009062508 ], [ -82.614259598747751, 35.221838516391017 ], [ -82.643925643444348, 35.212200982507504 ] ] ] } },
{ "type": "Feature", "properties": { "hex_id": 1237, "n_locations": 180, "access_capacity_2023": 0.33058596729575151, "access_capacity_2026": 0.45747678966872157, "capacity_access_change": 0.12689082237297009, "quality_access_2023": 0.29797872609819132, "quality_access_2026": 0.3854810886271553, "quality_access_change": 0.08750236252896397, "mean_providers_2023": 16.827777777777776, "mean_providers_2026": 24.75, "pct_capacity_improved": 1.0, "pct_quality_improved": 0.96666666666666667, "pct_persistent_low": 0.0, "persistence": "Not in lowest-access decile", "county": "Henderson" }, "geometry": { "type": "Polygon", "coordinates": [ [ [ -82.630473010236145, 35.288821196341146 ], [ -82.655683234411057, 35.304720053698368 ], [ -82.651200519003638, 35.330259151597005 ], [ -82.621489622202205, 35.339897451770014 ], [ -82.596274916627848, 35.32399180213897 ], [ -82.600775586274608, 35.298454647542378 ], [ -82.630473010236145, 35.288821196341146 ] ] ] } },
{ "type": "Feature", "properties": { "hex_id": 1238, "n_locations": 47, "access_capacity_2023": 0.20928112046649716, "access_capacity_2026": 0.43598160451389045, "capacity_access_change": 0.22670048404739332, "quality_access_2023": 0.16409175717744415, "quality_access_2026": 0.32708470501447728, "quality_access_change": 0.16299294783703316, "mean_providers_2023": 23.574468085106382, "mean_providers_2026": 34.595744680851062, "pct_capacity_improved": 1.0, "pct_quality_improved": 1.0, "pct_persistent_low": 0.1276595744680851, "persistence": "Not in lowest-access decile", "county": "Henderson" }, "geometry": { "type": "Polygon", "coordinates": [ [ [ -82.616993429483273, 35.365434426543025 ], [ -82.642226106545678, 35.381335047317286 ], [ -82.637734403534608, 35.406871853952751 ], [ -82.607992031713181, 35.416506092232389 ], [ -82.582754869428285, 35.400598660150997 ], [ -82.587264561195724, 35.375063804039613 ], [ -82.616993429483273, 35.365434426543025 ] ] ] } },
{ "type": "Feature", "properties": { "hex_id": 1239, "n_locations": 164, "access_capacity_2023": 0.44419125884453398, "access_capacity_2026": 0.73379921130586223, "capacity_access_change": 0.28960795246132826, "quality_access_2023": 0.33170523475930513, "quality_access_2026": 0.54343268461992722, "quality_access_change": 0.21172744986062209, "mean_providers_2023": 58.134146341463421, "mean_providers_2026": 71.823170731707307, "pct_capacity_improved": 1.0, "pct_quality_improved": 1.0, "pct_persistent_low": 0.0, "persistence": "Not in lowest-access decile", "county": "Buncombe" }, "geometry": { "type": "Polygon", "coordinates": [ [ [ -82.603486820678896, 35.442040791968992 ], [ -82.628741989017499, 35.457943206832823 ], [ -82.624241271527296, 35.483477761910684 ], [ -82.59446735932444, 35.493107947300906 ], [ -82.569207701944933, 35.477198702040546 ], [ -82.573726442805764, 35.451666104738074 ], [ -82.603486820678896, 35.442040791968992 ] ] ] } },
{ "type": "Feature", "properties": { "hex_id": 1240, "n_locations": 71, "access_capacity_2023": 0.7992142442834872, "access_capacity_2026": 1.10673671130998, "capacity_access_change": 0.30752246702649283, "quality_access_2023": 0.64301109469289086, "quality_access_2026": 0.88457012272704649, "quality_access_change": 0.2415590280341556, "mean_providers_2023": 87.492957746478879, "mean_providers_2026": 101.8169014084507, "pct_capacity_improved": 1.0, "pct_quality_improved": 1.0, "pct_persistent_low": 0.0, "persistence": "Not in lowest-access decile", "county": "Buncombe" }, "geometry": { "type": "Polygon", "coordinates": [ [ [ -82.589953102997427, 35.518640411735923 ], [ -82.615230801093688, 35.534544651449551 ], [ -82.610721042142401, 35.560076994763413 ], [ -82.58091552399695, 35.569703136267897 ], [ -82.555633333045961, 35.553792047011775 ], [ -82.560161150079821, 35.52826166875424 ], [ -82.589953102997427, 35.518640411735923 ] ] ] } },
{ "type": "Feature", "properties": { "hex_id": 1241, "n_locations": 654, "access_capacity_2023": 0.75710986923280754, "access_capacity_2026": 0.92875431364374117, "capacity_access_change": 0.17164444441093368, "quality_access_2023": 0.62018306219911334, "quality_access_2026": 0.75038776643906147, "quality_access_change": 0.13020470423994823, "mean_providers_2023": 74.376146788990837, "mean_providers_2026": 83.677370030581088, "pct_capacity_improved": 1.0, "pct_quality_improved": 1.0, "pct_persistent_low": 0.0, "persistence": "Not in lowest-access decile", "county": "Buncombe" }, "geometry": { "type": "Polygon", "coordinates": [ [ [ -82.576392195292811, 35.595233405224342 ], [ -82.601692461721413, 35.611139500636831 ], [ -82.597173634219999, 35.636669672069132 ], [ -82.567336444370213, 35.646291778691726 ], [ -82.542031681277876, 35.63037881453382 ], [ -82.546568601671751, 35.604850615468514 ], [ -82.576392195292811, 35.595233405224342 ] ] ] } },
{ "type": "Feature", "properties": { "hex_id": 1242, "n_locations": 265, "access_capacity_2023": 0.53859144102786982, "access_capacity_2026": 0.59495845406275838, "capacity_access_change": 0.056367013034888475, "quality_access_2023": 0.45528243185445233, "quality_access_2026": 0.50103748297585415, "quality_access_change": 0.045755051121401796, "mean_providers_2023": 54.830188679245282, "mean_providers_2026": 56.65283018867926, "pct_capacity_improved": 1.0, "pct_quality_improved": 0.94716981132075473, "pct_persistent_low": 0.0037735849056603774, "persistence": "Not in lowest-access decile", "county": "Buncombe" }, "geometry": { "type": "Polygon", "coordinates": [ [ [ -82.562804016097132, 35.67181989208202 ], [ -82.588126889526094, 35.687727874131738 ], [ -82.583598966277933, 35.713255913654976 ], [ -82.553730038760776, 35.722873994399741 ], [ -82.528402664863876, 35.706959124344273 ], [ -82.53294871591271, 35.681433064528647 ], [ -82.562804016097132, 35.67181989208202 ] ] ] } },
{ "type": "Feature", "properties": { "hex_id": 1243, "n_locations": 131, "access_capacity_2023": 0.4632517785891162, "access_capacity_2026": 0.42692671623493261, "capacity_access_change": -0.036325062354183577, "quality_access_2023": 0.37248346821198869, "quality_access_2026": 0.35216079112279935, "quality_access_change": -0.020322677089189316, "mean_providers_2023": 38.18320610687023, "mean_providers_2026": 34.229007633587784, "pct_capacity_improved": 0.0, "pct_quality_improved": 0.19083969465648856, "pct_persistent_low": 0.0, "persistence": "Not in lowest-access decile", "county": "Buncombe" }, "geometry": { "type": "Polygon", "coordinates": [ [ [ -82.549188483618835, 35.748399992226759 ], [ -82.574534002809912, 35.764309891942553 ], [ -82.56999695651028, 35.789835839620231 ], [ -82.540096225160553, 35.799449903491741 ], [ -82.514746201702295, 35.783533096451968 ], [ -82.519301410809533, 35.758009135852667 ], [ -82.549188483618835, 35.748399992226759 ] ] ] } },
{ "type": "Feature", "properties": { "hex_id": 1244, "n_locations": 88, "access_capacity_2023": 0.3943122429795764, "access_capacity_2026": 0.32264315619412576, "capacity_access_change": -0.071669086785450628, "quality_access_2023": 0.30862860625702643, "quality_access_2026": 0.27164538532157517, "quality_access_change": -0.036983220935451221, "mean_providers_2023": 20.39772727272727, "mean_providers_2026": 17.920454545454547, "pct_capacity_improved": 0.0, "pct_quality_improved": 0.045454545454545456, "pct_persistent_low": 0.0, "persistence": "Not in lowest-access decile", "county": "Madison" }, "geometry": { "type": "Polygon", "coordinates": [ [ [ -82.535545515741333, 35.824973825849789 ], [ -82.560913719550172, 35.840885674351696 ], [ -82.55636752278572, 35.866409570339357 ], [ -82.52643492123525, 35.876019626342945 ], [ -82.501062209364989, 35.860100851140579 ], [ -82.50562660404303, 35.834578949632402 ], [ -82.535545515741333, 35.824973825849789 ] ] ] } },
{ "type": "Feature", "properties": { "hex_id": 1245, "n_locations": 10, "access_capacity_2023": 0.18020658532308287, "access_capacity_2026": 0.11116672537783132, "capacity_access_change": -0.069039859945251567, "quality_access_2023": 0.12009007538646176, "quality_access_2026": 0.093842397614652101, "quality_access_change": -0.026247677771809648, "mean_providers_2023": 5.6, "mean_providers_2026": 3.8, "pct_capacity_improved": 0.0, "pct_quality_improved": 0.0, "pct_persistent_low": 0.4, "persistence": "Moved into lowest-access decile", "county": "Madison" }, "geometry": { "type": "Polygon", "coordinates": [ [ [ -82.521875030021221, 35.901541513418863 ], [ -82.547265957397727, 35.917455341919009 ], [ -82.542710582645896, 35.942977226465544 ], [ -82.512746044322768, 35.952583283607424 ], [ -82.487350605095713, 35.936662508971672 ], [ -82.491924212966538, 35.9111426263363 ], [ -82.521875030021221, 35.901541513418863 ] ] ] } },
{ "type": "Feature", "properties": { "hex_id": 1257, "n_locations": 53, "access_capacity_2023": 0.23203084455764278, "access_capacity_2026": 0.24770441918110081, "capacity_access_change": 0.015673574623458052, "quality_access_2023": 0.21618606219739159, "quality_access_2026": 0.21748737194861983, "quality_access_change": 0.0013013097512282431, "mean_providers_2023": 8.0754716981132084, "mean_providers_2026": 11.264150943396226, "pct_capacity_improved": 1.0, "pct_quality_improved": 0.660377358490566, "pct_persistent_low": 0.26415094339622641, "persistence": "Not in lowest-access decile", "county": "Henderson" }, "geometry": { "type": "Polygon", "coordinates": [ [ [ -82.609767924355296, 35.247378009062508 ], [ -82.634960211510688, 35.26328190688433 ], [ -82.630473010236145, 35.288821196341146 ], [ -82.600775586274608, 35.298454647542378 ], [ -82.575578830468245, 35.282543966732554 ], [ -82.580083964295142, 35.257006620637135 ], [ -82.609767924355296, 35.247378009062508 ] ] ] } },
{ "type": "Feature", "properties": { "hex_id": 1258, "n_locations": 124, "access_capacity_2023": 0.2965721974359517, "access_capacity_2026": 0.52237599931542844, "capacity_access_change": 0.22580380187947666, "quality_access_2023": 0.24948313687870519, "quality_access_2026": 0.40831507291558378, "quality_access_change": 0.15883193603687859, "mean_providers_2023": 24.362903225806448, "mean_providers_2026": 35.919354838709666, "pct_capacity_improved": 1.0, "pct_quality_improved": 1.0, "pct_persistent_low": 0.0080645161290322578, "persistence": "Not in lowest-access decile", "county": "Henderson" }, "geometry": { "type": "Polygon", "coordinates": [ [ [ -82.596274916627848, 35.32399180213897 ], [ -82.621489622202205, 35.339897451770014 ], [ -82.616993429483273, 35.365434426543025 ], [ -82.587264561195724, 35.375063804039613 ], [ -82.562045383178145, 35.359151352415644 ], [ -82.566559542900279, 35.333616328224608 ], [ -82.596274916627848, 35.32399180213897 ] ] ] } },
{ "type": "Feature", "properties": { "hex_id": 1259, "n_locations": 153, "access_capacity_2023": 0.31374965061168864, "access_capacity_2026": 0.61560683561616569, "capacity_access_change": 0.30185718500447706, "quality_access_2023": 0.22183713034364122, "quality_access_2026": 0.45257650453669312, "quality_access_change": 0.2307393741930519, "mean_providers_2023": 37.980392156862749, "mean_providers_2026": 51.150326797385624, "pct_capacity_improved": 1.0, "pct_quality_improved": 1.0, "pct_persistent_low": 0.0, "persistence": "Not in lowest-access decile", "county": "Henderson" }, "geometry": { "type": "Polygon", "coordinates": [ [ [ -82.582754869428285, 35.400598660150997 ], [ -82.607992031713181, 35.416506092232389 ], [ -82.603486820678896, 35.442040791968992 ], [ -82.573726442805764, 35.451666104738074 ], [ -82.548484804290069, 35.435751851603044 ], [ -82.55300801687541, 35.410219109698019 ], [ -82.582754869428285, 35.400598660150997 ] ] ] } },
{ "type": "Feature", "properties": { "hex_id": 1260, "n_locations": 164, "access_capacity_2023": 0.64186754845128513, "access_capacity_2026": 0.97401026061147156, "capacity_access_change": 0.33214271216018643, "quality_access_2023": 0.46610206332157272, "quality_access_2026": 0.70797958999099908, "quality_access_change": 0.24187752666942641, "mean_providers_2023": 76.890243902439039, "mean_providers_2026": 92.256097560975604, "pct_capacity_improved": 1.0, "pct_quality_improved": 1.0, "pct_persistent_low": 0.0, "persistence": "Not in lowest-access decile", "county": "Buncombe" }, "geometry": { "type": "Polygon", "coordinates": [ [ [ -82.569207701944933, 35.477198702040546 ], [ -82.59446735932444, 35.493107947300906 ], [ -82.589953102997427, 35.518640411735923 ], [ -82.560161150079821, 35.52826166875424 ], [ -82.534897012686685, 35.512345583323139 ], [ -82.539429305209964, 35.486815083999019 ], [ -82.569207701944933, 35.477198702040546 ] ] ] } },
{ "type": "Feature", "properties": { "hex_id": 1261, "n_locations": 856, "access_capacity_2023": 0.79852205583521807, "access_capacity_2026": 1.044473581665494, "capacity_access_change": 0.24595152583027588, "quality_access_2023": 0.64116738073570156, "quality_access_2026": 0.8406198175678955, "quality_access_change": 0.19945243683219399, "mean_providers_2023": 81.185747663551396, "mean_providers_2026": 94.113317757009355, "pct_capacity_improved": 1.0, "pct_quality_improved": 1.0, "pct_persistent_low": 0.0, "persistence": "Not in lowest-access decile", "county": "Buncombe" }, "geometry": { "type": "Polygon", "coordinates": [ [ [ -82.555633333045961, 35.553792047011775 ], [ -82.58091552399695, 35.569703136267897 ], [ -82.576392195292811, 35.595233405224342 ], [ -82.546568601671751, 35.604850615468514 ], [ -82.521281926929177, 35.588932666867812 ], [ -82.525823326572507, 35.563404370331156 ], [ -82.555633333045961, 35.553792047011775 ] ] ] } },
{ "type": "Feature", "properties": { "hex_id": 1262, "n_locations": 132, "access_capacity_2023": 0.39574344327850547, "access_capacity_2026": 0.42848134776477798, "capacity_access_change": 0.032737904486272486, "quality_access_2023": 0.32952952914412342, "quality_access_2026": 0.3532459568877328, "quality_access_change": 0.02371642774360937, "mean_providers_2023": 49.401515151515149, "mean_providers_2026": 50.780303030303031, "pct_capacity_improved": 1.0, "pct_quality_improved": 0.94696969696969702, "pct_persistent_low": 0.0, "persistence": "Not in lowest-access decile", "county": "Buncombe" }, "geometry": { "type": "Polygon", "coordinates": [ [ [ -82.542031681277876, 35.63037881453382 ], [ -82.567336444370213, 35.646291778691726 ], [ -82.562804016097132, 35.67181989208202 ], [ -82.53294871591271, 35.681433064528647 ], [ -82.507639465255764, 35.66551322179523 ], [ -82.51218999930903, 35.63998708816348 ], [ -82.542031681277876, 35.63037881453382 ] ] ] } },
{ "type": "Feature", "properties": { "hex_id": 1263, "n_locations": 36, "access_capacity_2023": 0.41546927748253715, "access_capacity_2026": 0.44541947431478879, "capacity_access_change": 0.02995019683225162, "quality_access_2023": 0.34764691645704149, "quality_access_2026": 0.37106096008474904, "quality_access_change": 0.023414043627707579, "mean_providers_2023": 40.388888888888886, "mean_providers_2026": 39.666666666666671, "pct_capacity_improved": 1.0, "pct_quality_improved": 0.61111111111111116, "pct_persistent_low": 0.083333333333333329, "persistence": "Not in lowest-access decile", "county": "Buncombe" }, "geometry": { "type": "Polygon", "coordinates": [ [ [ -82.528402664863876, 35.706959124344273 ], [ -82.553730038760776, 35.722873994399741 ], [ -82.549188483618835, 35.748399992226759 ], [ -82.519301410809533, 35.758009135852667 ], [ -82.493969545580001, 35.74208736793306 ], [ -82.498529241441545, 35.716563357233561 ], [ -82.528402664863876, 35.706959124344273 ] ] ] } },
{ "type": "Feature", "properties": { "hex_id": 1264, "n_locations": 52, "access_capacity_2023": 0.25222617433392513, "access_capacity_2026": 0.22518381903503368, "capacity_access_change": -0.027042355298891502, "quality_access_2023": 0.20200037005149363, "quality_access_2026": 0.18796055418071769, "quality_access_change": -0.014039815870775952, "mean_providers_2023": 16.96153846153846, "mean_providers_2026": 15.519230769230768, "pct_capacity_improved": 0.0, "pct_quality_improved": 0.28846153846153844, "pct_persistent_low": 0.096153846153846159, "persistence": "Not in lowest-access decile", "county": "Madison" }, "geometry": { "type": "Polygon", "coordinates": [ [ [ -82.514746201702295, 35.783533096451968 ], [ -82.540096225160553, 35.799449903491741 ], [ -82.535545515741333, 35.824973825849789 ], [ -82.50562660404303, 35.834578949632402 ], [ -82.480272085489261, 35.818655225381796 ], [ -82.484840970666284, 35.793133297550533 ], [ -82.514746201702295, 35.783533096451968 ] ] ] } },
{ "type": "Feature", "properties": { "hex_id": 1265, "n_locations": 22, "access_capacity_2023": 0.3782784965338134, "access_capacity_2026": 0.29600137316324215, "capacity_access_change": -0.082277123370571248, "quality_access_2023": 0.28076036853659064, "quality_access_2026": 0.22866120363851347, "quality_access_change": -0.052099164898077178, "mean_providers_2023": 14.0, "mean_providers_2026": 13.136363636363637, "pct_capacity_improved": 0.0, "pct_quality_improved": 0.0, "pct_persistent_low": 0.13636363636363635, "persistence": "Not in lowest-access decile", "county": "Madison" }, "geometry": { "type": "Polygon", "coordinates": [ [ [ -82.501062209364989, 35.860100851140579 ], [ -82.52643492123525, 35.876019626342945 ], [ -82.521875030021221, 35.901541513418863 ], [ -82.491924212966538, 35.9111426263363 ], [ -82.466547002243047, 35.895216914517917 ], [ -82.471125104352254, 35.869697029398523 ], [ -82.501062209364989, 35.860100851140579 ] ] ] } },
{ "type": "Feature", "properties": { "hex_id": 1266, "n_locations": 17, "access_capacity_2023": 0.025633343813903954, "access_capacity_2026": 0.013396181173412083, "capacity_access_change": -0.012237162640491867, "quality_access_2023": 0.014415553014772561, "quality_access_2026": 0.011584833077591769, "quality_access_change": -0.0028307199371807932, "mean_providers_2023": 0.70588235294117641, "mean_providers_2026": 0.47058823529411759, "pct_capacity_improved": 0.0, "pct_quality_improved": 0.0, "pct_persistent_low": 1.0, "persistence": "Persistently lowest-access", "county": "Yancey" }, "geometry": { "type": "Polygon", "coordinates": [ [ [ -82.487350605095713, 35.936662508971672 ], [ -82.512746044322768, 35.952583283607424 ], [ -82.508176943686763, 35.978103175681788 ], [ -82.478194154604168, 35.987700286712943 ], [ -82.452794212771451, 35.971772555997021 ], [ -82.457381559539513, 35.946254673339752 ], [ -82.487350605095713, 35.936662508971672 ] ] ] } },
{ "type": "Feature", "properties": { "hex_id": 1277, "n_locations": 38, "access_capacity_2023": 0.33061305667221585, "access_capacity_2026": 0.20669661211273088, "capacity_access_change": -0.12391644455948496, "quality_access_2023": 0.30454818985194865, "quality_access_2026": 0.17984584356588665, "quality_access_change": -0.12470234628606203, "mean_providers_2023": 10.894736842105264, "mean_providers_2026": 10.0, "pct_capacity_improved": 0.0, "pct_quality_improved": 0.052631578947368418, "pct_persistent_low": 0.052631578947368418, "persistence": "Not in lowest-access decile", "county": "Henderson" }, "geometry": { "type": "Polygon", "coordinates": [ [ [ -82.589085226957863, 35.205929575785305 ], [ -82.614259598747751, 35.221838516391017 ], [ -82.609767924355296, 35.247378009062508 ], [ -82.580083964295142, 35.257006620637135 ], [ -82.554905136570554, 35.24109090631891 ], [ -82.559414721862083, 35.215553357060244 ], [ -82.589085226957863, 35.205929575785305 ] ] ] } },
{ "type": "Feature", "properties": { "hex_id": 1278, "n_locations": 145, "access_capacity_2023": 0.25199198758331248, "access_capacity_2026": 0.41719280199494646, "capacity_access_change": 0.16520081441163401, "quality_access_2023": 0.20991692562602698, "quality_access_2026": 0.32496770539950676, "quality_access_change": 0.11505077977347979, "mean_providers_2023": 17.855172413793106, "mean_providers_2026": 26.655172413793096, "pct_capacity_improved": 1.0, "pct_quality_improved": 1.0, "pct_persistent_low": 0.0068965517241379309, "persistence": "Not in lowest-access decile", "county": "Henderson" }, "geometry": { "type": "Polygon", "coordinates": [ [ [ -82.575578830468245, 35.282543966732554 ], [ -82.600775586274608, 35.298454647542378 ], [ -82.596274916627848, 35.32399180213897 ], [ -82.566559542900279, 35.333616328224608 ], [ -82.541358327397617, 35.317698854725613 ], [ -82.545876942328306, 35.292163650760749 ], [ -82.575578830468245, 35.282543966732554 ] ] ] } },
{ "type": "Feature", "properties": { "hex_id": 1279, "n_locations": 107, "access_capacity_2023": 0.35536428391343927, "access_capacity_2026": 0.70352994291391457, "capacity_access_change": 0.34816565900047541, "quality_access_2023": 0.26752169580532487, "quality_access_2026": 0.52825542530379432, "quality_access_change": 0.2607337294984694, "mean_providers_2023": 37.588785046728979, "mean_providers_2026": 54.158878504672906, "pct_capacity_improved": 1.0, "pct_quality_improved": 1.0, "pct_persistent_low": 0.0, "persistence": "Not in lowest-access decile", "county": "Henderson" }, "geometry": { "type": "Polygon", "coordinates": [ [ [ -82.562045383178145, 35.359151352415644 ], [ -82.587264561195724, 35.375063804039613 ], [ -82.582754869428285, 35.400598660150997 ], [ -82.55300801687541, 35.410219109698019 ], [ -82.527784375404693, 35.394299846352745 ], [ -82.532312046937619, 35.368766948121241 ], [ -82.562045383178145, 35.359151352415644 ] ] ] } },
{ "type": "Feature", "properties": { "hex_id": 1280, "n_locations": 474, "access_capacity_2023": 0.58313749649430369, "access_capacity_2026": 0.98331142494575607, "capacity_access_change": 0.40017392845145239, "quality_access_2023": 0.4158003074787554, "quality_access_2026": 0.72113853606151912, "quality_access_change": 0.30533822858276372, "mean_providers_2023": 67.010548523206722, "mean_providers_2026": 84.732067510548518, "pct_capacity_improved": 1.0, "pct_quality_improved": 1.0, "pct_persistent_low": 0.0, "persistence": "Not in lowest-access decile", "county": "Buncombe" }, "geometry": { "type": "Polygon", "coordinates": [ [ [ -82.548484804290069, 35.435751851603044 ], [ -82.573726442805764, 35.451666104738074 ], [ -82.569207701944933, 35.477198702040546 ], [ -82.539429305209964, 35.486815083999019 ], [ -82.514183199489167, 35.470894000054301 ], [ -82.518719954694163, 35.445363367909209 ], [ -82.548484804290069, 35.435751851603044 ] ] ] } },
{ "type": "Feature", "properties": { "hex_id": 1281, "n_locations": 456, "access_capacity_2023": 0.69330030775822438, "access_capacity_2026": 0.94478327254844907, "capacity_access_change": 0.25148296479022475, "quality_access_2023": 0.50859481186669719, "quality_access_2026": 0.71824951468552201, "quality_access_change": 0.20965470281882492, "mean_providers_2023": 77.179824561403507, "mean_providers_2026": 90.092105263157876, "pct_capacity_improved": 1.0, "pct_quality_improved": 1.0, "pct_persistent_low": 0.0, "persistence": "Not in lowest-access decile", "county": "Buncombe" }, "geometry": { "type": "Polygon", "coordinates": [ [ [ -82.534897012686685, 35.512345583323139 ], [ -82.560161150079821, 35.52826166875424 ], [ -82.555633333045961, 35.553792047011775 ], [ -82.525823326572507, 35.563404370331156 ], [ -82.500554718227249, 35.547481434945567 ], [ -82.505100584281351, 35.52195302915262 ], [ -82.534897012686685, 35.512345583323139 ] ] ] } },
{ "type": "Feature", "properties": { "hex_id": 1282, "n_locations": 310, "access_capacity_2023": 0.5763279799436789, "access_capacity_2026": 0.69658057326039513, "capacity_access_change": 0.12025259331671623, "quality_access_2023": 0.45486970171598051, "quality_access_2026": 0.56218255441682952, "quality_access_change": 0.10731285270084903, "mean_providers_2023": 65.219354838709677, "mean_providers_2026": 69.454838709677404, "pct_capacity_improved": 1.0, "pct_quality_improved": 0.99354838709677418, "pct_persistent_low": 0.0, "persistence": "Not in lowest-access decile", "county": "Buncombe" }, "geometry": { "type": "Polygon", "coordinates": [ [ [ -82.521281926929177, 35.588932666867812 ], [ -82.546568601671751, 35.604850615468514 ], [ -82.542031681277876, 35.63037881453382 ], [ -82.51218999930903, 35.63998708816348 ], [ -82.486898849872347, 35.624062270406561 ], [ -82.491453854060396, 35.598536051142801 ], [ -82.521281926929177, 35.588932666867812 ] ] ] } },
{ "type": "Feature", "properties": { "hex_id": 1283, "n_locations": 82, "access_capacity_2023": 0.1831034826510623, "access_capacity_2026": 0.19555033777132322, "capacity_access_change": 0.012446855120260917, "quality_access_2023": 0.15911864915182647, "quality_access_2026": 0.15774890410014614, "quality_access_change": -0.0013697450516803255, "mean_providers_2023": 22.841463414634145, "mean_providers_2026": 21.097560975609756, "pct_capacity_improved": 1.0, "pct_quality_improved": 0.40243902439024393, "pct_persistent_low": 0.52439024390243905, "persistence": "Persistently lowest-access", "county": "Buncombe" }, "geometry": { "type": "Polygon", "coordinates": [ [ [ -82.507639465255764, 35.66551322179523 ], [ -82.53294871591271, 35.681433064528647 ], [ -82.528402664863876, 35.706959124344273 ], [ -82.498529241441545, 35.716563357233561 ], [ -82.473215512353576, 35.700636626084766 ], [ -82.477779682068658, 35.675112553437813 ], [ -82.507639465255764, 35.66551322179523 ] ] ] } },
{ "type": "Feature", "properties": { "hex_id": 1284, "n_locations": 45, "access_capacity_2023": 0.19748843336794533, "access_capacity_2026": 0.19956482684963336, "capacity_access_change": 0.0020763934816880381, "quality_access_2023": 0.16899837142629764, "quality_access_2026": 0.16552853070840182, "quality_access_change": -0.0034698407178958479, "mean_providers_2023": 18.8, "mean_providers_2026": 17.044444444444441, "pct_capacity_improved": 1.0, "pct_quality_improved": 0.31111111111111112, "pct_persistent_low": 0.24444444444444444, "persistence": "Not in lowest-access decile", "county": "Buncombe" }, "geometry": { "type": "Polygon", "coordinates": [ [ [ -82.493969545580001, 35.74208736793306 ], [ -82.519301410809533, 35.758009135852667 ], [ -82.514746201702295, 35.783533096451968 ], [ -82.484840970666284, 35.793133297550533 ], [ -82.459504623274057, 35.777204621898584 ], [ -82.464077986018125, 35.751682655865288 ], [ -82.493969545580001, 35.74208736793306 ] ] ] } },
{ "type": "Feature", "properties": { "hex_id": 1285, "n_locations": 44, "access_capacity_2023": 0.28758933834514006, "access_capacity_2026": 0.21402386609779786, "capacity_access_change": -0.073565472247342195, "quality_access_2023": 0.20722884423805626, "quality_access_2026": 0.18046746526004093, "quality_access_change": -0.02676137897801531, "mean_providers_2023": 11.5, "mean_providers_2026": 10.65909090909091, "pct_capacity_improved": 0.0, "pct_quality_improved": 0.022727272727272728, "pct_persistent_low": 0.38636363636363635, "persistence": "Not in lowest-access decile", "county": "Madison" }, "geometry": { "type": "Polygon", "coordinates": [ [ [ -82.480272085489261, 35.818655225381796 ], [ -82.50562660404303, 35.834578949632402 ], [ -82.501062209364989, 35.860100851140579 ], [ -82.471125104352254, 35.869697029398523 ], [ -82.445766099909378, 35.853766378040433 ], [ -82.450348683293711, 35.828246478526019 ], [ -82.480272085489261, 35.818655225381796 ] ] ] } },
{ "type": "Feature", "properties": { "hex_id": 1286, "n_locations": 26, "access_capacity_2023": 0.36464503965576855, "access_capacity_2026": 0.24091980339823574, "capacity_access_change": -0.12372523625753284, "quality_access_2023": 0.25570490520844624, "quality_access_2026": 0.17656685375001041, "quality_access_change": -0.079138051458435832, "mean_providers_2023": 8.3076923076923084, "mean_providers_2026": 5.884615384615385, "pct_capacity_improved": 0.0, "pct_quality_improved": 0.0, "pct_persistent_low": 0.11538461538461539, "persistence": "Not in lowest-access decile", "county": "Yancey" }, "geometry": { "type": "Polygon", "coordinates": [ [ [ -82.466547002243047, 35.895216914517917 ], [ -82.491924212966538, 35.9111426263363 ], [ -82.487350605095713, 35.936662508971672 ], [ -82.457381559539513, 35.946254673339752 ], [ -82.431999859205902, 35.930322014979936 ], [ -82.43659169095173, 35.904804141796873 ], [ -82.466547002243047, 35.895216914517917 ] ] ] } },
{ "type": "Feature", "properties": { "hex_id": 1298, "n_locations": 32, "access_capacity_2023": 0.26930862100588948, "access_capacity_2026": 0.21811868501405285, "capacity_access_change": -0.051189935991836633, "quality_access_2023": 0.2304936909469133, "quality_access_2026": 0.16733671371542544, "quality_access_change": -0.06315697723148786, "mean_providers_2023": 12.15625, "mean_providers_2026": 14.875, "pct_capacity_improved": 0.0, "pct_quality_improved": 0.375, "pct_persistent_low": 0.0, "persistence": "Not in lowest-access decile", "county": "Henderson" }, "geometry": { "type": "Polygon", "coordinates": [ [ [ -82.554905136570554, 35.24109090631891 ], [ -82.580083964295142, 35.257006620637135 ], [ -82.575578830468245, 35.282543966732554 ], [ -82.545876942328306, 35.292163650760749 ], [ -82.520693667622083, 35.27624115304684 ], [ -82.525216725047429, 35.250705757625035 ], [ -82.554905136570554, 35.24109090631891 ] ] ] } },
{ "type": "Feature", "properties": { "hex_id": 1299, "n_locations": 161, "access_capacity_2023": 0.32102590138895709, "access_capacity_2026": 0.63116158382042797, "capacity_access_change": 0.31013568243147094, "quality_access_2023": 0.24748962913652997, "quality_access_2026": 0.46447823447518755, "quality_access_change": 0.21698860533865758, "mean_providers_2023": 30.043478260869566, "mean_providers_2026": 44.16770186335404, "pct_capacity_improved": 1.0, "pct_quality_improved": 1.0, "pct_persistent_low": 0.0, "persistence": "Not in lowest-access decile", "county": "Henderson" }, "geometry": { "type": "Polygon", "coordinates": [ [ [ -82.541358327397617, 35.317698854725613 ], [ -82.566559542900279, 35.333616328224608 ], [ -82.562045383178145, 35.359151352415644 ], [ -82.532312046937619, 35.368766948121241 ], [ -82.507106380727166, 35.352842672222707 ], [ -82.511638498463199, 35.327309605951719 ], [ -82.541358327397617, 35.317698854725613 ] ] ] } },
{ "type": "Feature", "properties": { "hex_id": 1300, "n_locations": 406, "access_capacity_2023": 0.55320365812142758, "access_capacity_2026": 1.046825147211712, "capacity_access_change": 0.49362148909028453, "quality_access_2023": 0.40782922171335378, "quality_access_2026": 0.80498339464211499, "quality_access_change": 0.39715417292876121, "mean_providers_2023": 59.293103448275858, "mean_providers_2026": 79.435960591132982, "pct_capacity_improved": 1.0, "pct_quality_improved": 1.0, "pct_persistent_low": 0.0, "persistence": "Not in lowest-access decile", "county": "Henderson" }, "geometry": { "type": "Polygon", "coordinates": [ [ [ -82.527784375404693, 35.394299846352745 ], [ -82.55300801687541, 35.410219109698019 ], [ -82.548484804290069, 35.435751851603044 ], [ -82.518719954694163, 35.445363367909209 ], [ -82.493491858794428, 35.42943728310469 ], [ -82.498033063905922, 35.4039065063956 ], [ -82.527784375404693, 35.394299846352745 ] ] ] } },
{ "type": "Feature", "properties": { "hex_id": 1301, "n_locations": 476, "access_capacity_2023": 0.52287763647855112, "access_capacity_2026": 0.80313238047321922, "capacity_access_change": 0.28025474399466804, "quality_access_2023": 0.36469419479600862, "quality_access_2026": 0.59169740760384126, "quality_access_change": 0.22700321280783264, "mean_providers_2023": 60.256302521008415, "mean_providers_2026": 71.50840336134452, "pct_capacity_improved": 1.0, "pct_quality_improved": 1.0, "pct_persistent_low": 0.0, "persistence": "Not in lowest-access decile", "county": "Buncombe" }, "geometry": { "type": "Polygon", "coordinates": [ [ [ -82.514183199489167, 35.470894000054301 ], [ -82.539429305209964, 35.486815083999019 ], [ -82.534897012686685, 35.512345583323139 ], [ -82.505100584281351, 35.52195302915262 ], [ -82.479850020415327, 35.506025104632741 ], [ -82.484400340074203, 35.480496577809966 ], [ -82.514183199489167, 35.470894000054301 ] ] ] } },
{ "type": "Feature", "properties": { "hex_id": 1302, "n_locations": 515, "access_capacity_2023": 0.74777634662509673, "access_capacity_2026": 0.97566674389349706, "capacity_access_change": 0.22789039726840032, "quality_access_2023": 0.58442541938440751, "quality_access_2026": 0.7830266344790735, "quality_access_change": 0.19860121509466602, "mean_providers_2023": 77.718446601941736, "mean_providers_2026": 88.714563106796106, "pct_capacity_improved": 1.0, "pct_quality_improved": 1.0, "pct_persistent_low": 0.0, "persistence": "Not in lowest-access decile", "county": "Buncombe" }, "geometry": { "type": "Polygon", "coordinates": [ [ [ -82.500554718227249, 35.547481434945567 ], [ -82.525823326572507, 35.563404370331156 ], [ -82.521281926929177, 35.588932666867812 ], [ -82.491453854060396, 35.598536051142801 ], [ -82.466180783858817, 35.582606256009484 ], [ -82.4707402453447, 35.557079939309411 ], [ -82.500554718227249, 35.547481434945567 ] ] ] } },
{ "type": "Feature", "properties": { "hex_id": 1303, "n_locations": 50, "access_capacity_2023": 0.17991764295998314, "access_capacity_2026": 0.21520431091521613, "capacity_access_change": 0.035286667955233032, "quality_access_2023": 0.14508986450979688, "quality_access_2026": 0.18500622214855283, "quality_access_change": 0.03991635763875593, "mean_providers_2023": 25.22, "mean_providers_2026": 25.38, "pct_capacity_improved": 1.0, "pct_quality_improved": 0.8, "pct_persistent_low": 0.32, "persistence": "Not in lowest-access decile", "county": "Buncombe" }, "geometry": { "type": "Polygon", "coordinates": [ [ [ -82.486898849872347, 35.624062270406561 ], [ -82.51218999930903, 35.63998708816348 ], [ -82.507639465255764, 35.66551322179523 ], [ -82.477779682068658, 35.675112553437813 ], [ -82.452484067069761, 35.65918085670333 ], [ -82.457052697770479, 35.63365671027347 ], [ -82.486898849872347, 35.624062270406561 ] ] ] } },
{ "type": "Feature", "properties": { "hex_id": 1304, "n_locations": 36, "access_capacity_2023": 0.051476777725631917, "access_capacity_2026": 0.067558716138080177, "capacity_access_change": 0.016081938412448253, "quality_access_2023": 0.046912861388223238, "quality_access_2026": 0.054069999064768864, "quality_access_change": 0.0071571376765456277, "mean_providers_2023": 4.8055555555555554, "mean_providers_2026": 5.7777777777777777, "pct_capacity_improved": 1.0, "pct_quality_improved": 0.3888888888888889, "pct_persistent_low": 1.0, "persistence": "Persistently lowest-access", "county": "Buncombe" }, "geometry": { "type": "Polygon", "coordinates": [ [ [ -82.473215512353576, 35.700636626084766 ], [ -82.498529241441545, 35.716563357233561 ], [ -82.493969545580001, 35.74208736793306 ], [ -82.464077986018125, 35.751682655865288 ], [ -82.438759787667365, 35.73574902645165 ], [ -82.443337615079443, 35.710227010349378 ], [ -82.473215512353576, 35.700636626084766 ] ] ] } },
{ "type": "Feature", "properties": { "hex_id": 1305, "n_locations": 30, "access_capacity_2023": 0.10551727415637092, "access_capacity_2026": 0.12215681231595152, "capacity_access_change": 0.016639538159580601, "quality_access_2023": 0.094474837969933056, "quality_access_2026": 0.10068116182764136, "quality_access_change": 0.0062063238577083129, "mean_providers_2023": 8.1, "mean_providers_2026": 8.466666666666665, "pct_capacity_improved": 1.0, "pct_quality_improved": 0.56666666666666665, "pct_persistent_low": 0.73333333333333328, "persistence": "Persistently lowest-access", "county": "Buncombe" }, "geometry": { "type": "Polygon", "coordinates": [ [ [ -82.459504623274057, 35.777204621898584 ], [ -82.484840970666284, 35.793133297550533 ], [ -82.480272085489261, 35.818655225381796 ], [ -82.450348683293711, 35.828246478526019 ], [ -82.42500786294346, 35.812310885263869 ], [ -82.429594914672762, 35.786790959455629 ], [ -82.459504623274057, 35.777204621898584 ] ] ] } },
{ "type": "Feature", "properties": { "hex_id": 1306, "n_locations": 12, "access_capacity_2023": 0.21986735033456889, "access_capacity_2026": 0.13036779635076096, "capacity_access_change": -0.089499553983807933, "quality_access_2023": 0.14543489144576149, "quality_access_2026": 0.10190534202353357, "quality_access_change": -0.043529549422227927, "mean_providers_2023": 6.166666666666667, "mean_providers_2026": 4.083333333333333, "pct_capacity_improved": 0.0, "pct_quality_improved": 0.083333333333333329, "pct_persistent_low": 0.5, "persistence": "Persistently lowest-access", "county": "Madison" }, "geometry": { "type": "Polygon", "coordinates": [ [ [ -82.445766099909378, 35.853766378040433 ], [ -82.471125104352254, 35.869697029398523 ], [ -82.466547002243047, 35.895216914517917 ], [ -82.43659169095173, 35.904804141796873 ], [ -82.411228209861065, 35.888866553424705 ], [ -82.415824513623249, 35.863348677784828 ], [ -82.445766099909378, 35.853766378040433 ] ] ] } },
{ "type": "Feature", "properties": { "hex_id": 1318, "n_locations": 14, "access_capacity_2023": 0.32259311800339335, "access_capacity_2026": 0.27000194573842595, "capacity_access_change": -0.052591172264967359, "quality_access_2023": 0.27362305973068468, "quality_access_2026": 0.2079762670592612, "quality_access_change": -0.065646792671423482, "mean_providers_2023": 16.357142857142854, "mean_providers_2026": 17.642857142857146, "pct_capacity_improved": 0.0, "pct_quality_improved": 0.0, "pct_persistent_low": 0.14285714285714285, "persistence": "Not in lowest-access decile", "county": "Henderson" }, "geometry": { "type": "Polygon", "coordinates": [ [ [ -82.534253800566759, 35.199632606896536 ], [ -82.559414721862083, 35.215553357060244 ], [ -82.554905136570554, 35.24109090631891 ], [ -82.525216725047429, 35.250705757625035 ], [ -82.500051369453004, 35.234778233348486 ], [ -82.504578856691353, 35.209242634797377 ], [ -82.534253800566759, 35.199632606896536 ] ] ] } },
{ "type": "Feature", "properties": { "hex_id": 1319, "n_locations": 93, "access_capacity_2023": 0.33938721963345247, "access_capacity_2026": 0.5326125408491923, "capacity_access_change": 0.19322532121573985, "quality_access_2023": 0.26956630812408039, "quality_access_2026": 0.39659293437155474, "quality_access_change": 0.12702662624747429, "mean_providers_2023": 24.376344086021504, "mean_providers_2026": 33.924731182795696, "pct_capacity_improved": 1.0, "pct_quality_improved": 1.0, "pct_persistent_low": 0.0, "persistence": "Not in lowest-access decile", "county": "Henderson" }, "geometry": { "type": "Polygon", "coordinates": [ [ [ -82.520693667622083, 35.27624115304684 ], [ -82.545876942328306, 35.292163650760749 ], [ -82.541358327397617, 35.317698854725613 ], [ -82.511638498463199, 35.327309605951719 ], [ -82.486450785762216, 35.311380315149471 ], [ -82.490987336989136, 35.285847069136963 ], [ -82.520693667622083, 35.27624115304684 ] ] ] } },
{ "type": "Feature", "properties": { "hex_id": 1320, "n_locations": 263, "access_capacity_2023": 0.51256141497121643, "access_capacity_2026": 0.98697570905245391, "capacity_access_change": 0.47441429408123753, "quality_access_2023": 0.37394123729324558, "quality_access_2026": 0.74704749185447761, "quality_access_change": 0.37310625456123198, "mean_providers_2023": 50.684410646387818, "mean_providers_2026": 68.547528517110251, "pct_capacity_improved": 1.0, "pct_quality_improved": 1.0, "pct_persistent_low": 0.0, "persistence": "Not in lowest-access decile", "county": "Henderson" }, "geometry": { "type": "Polygon", "coordinates": [ [ [ -82.507106380727166, 35.352842672222707 ], [ -82.532312046937619, 35.368766948121241 ], [ -82.527784375404693, 35.394299846352745 ], [ -82.498033063905922, 35.4039065063956 ], [ -82.472822956010077, 35.387975418377756 ], [ -82.477368598285238, 35.362444485372762 ], [ -82.507106380727166, 35.352842672222707 ] ] ] } },
{ "type": "Feature", "properties": { "hex_id": 1321, "n_locations": 463, "access_capacity_2023": 0.40704457137540601, "access_capacity_2026": 0.77815245505915198, "capacity_access_change": 0.37110788368374609, "quality_access_2023": 0.26433972489405788, "quality_access_2026": 0.56820412223843708, "quality_access_change": 0.30386439734437926, "mean_providers_2023": 41.52915766738662, "mean_providers_2026": 60.151187904967585, "pct_capacity_improved": 1.0, "pct_quality_improved": 1.0, "pct_persistent_low": 0.0, "persistence": "Not in lowest-access decile", "county": "Buncombe" }, "geometry": { "type": "Polygon", "coordinates": [ [ [ -82.493491858794428, 35.42943728310469 ], [ -82.518719954694163, 35.445363367909209 ], [ -82.514183199489167, 35.470894000054301 ], [ -82.484400340074203, 35.480496577809966 ], [ -82.459167798803591, 35.464563661798891 ], [ -82.463722559293743, 35.43903500218407 ], [ -82.493491858794428, 35.42943728310469 ] ] ] } },
{ "type": "Feature", "properties": { "hex_id": 1322, "n_locations": 84, "access_capacity_2023": 0.56744997199741354, "access_capacity_2026": 0.77195039190020187, "capacity_access_change": 0.20450041990278836, "quality_access_2023": 0.43474532510269287, "quality_access_2026": 0.61107460394154134, "quality_access_change": 0.17632927883884847, "mean_providers_2023": 66.0, "mean_providers_2026": 76.023809523809518, "pct_capacity_improved": 1.0, "pct_quality_improved": 1.0, "pct_persistent_low": 0.0, "persistence": "Not in lowest-access decile", "county": "Buncombe" }, "geometry": { "type": "Polygon", "coordinates": [ [ [ -82.479850020415327, 35.506025104632741 ], [ -82.505100584281351, 35.52195302915262 ], [ -82.500554718227249, 35.547481434945567 ], [ -82.4707402453447, 35.557079939309411 ], [ -82.445485232427501, 35.541145164439328 ], [ -82.450049138406953, 35.515618738510007 ], [ -82.479850020415327, 35.506025104632741 ] ] ] } },
{ "type": "Feature", "properties": { "hex_id": 1323, "n_locations": 172, "access_capacity_2023": 0.50052455410586005, "access_capacity_2026": 0.64494171188766058, "capacity_access_change": 0.14441715778180059, "quality_access_2023": 0.38986253444734664, "quality_access_2026": 0.52167760111898875, "quality_access_change": 0.13181506667164208, "mean_providers_2023": 57.627906976744192, "mean_providers_2026": 62.1220930232558, "pct_capacity_improved": 1.0, "pct_quality_improved": 1.0, "pct_persistent_low": 0.0, "persistence": "Not in lowest-access decile", "county": "Buncombe" }, "geometry": { "type": "Polygon", "coordinates": [ [ [ -82.466180783858817, 35.582606256009484 ], [ -82.491453854060396, 35.598536051142801 ], [ -82.486898849872347, 35.624062270406561 ], [ -82.457052697770479, 35.63365671027347 ], [ -82.431775174842713, 35.617720045589394 ], [ -82.436348253693922, 35.592195813552628 ], [ -82.466180783858817, 35.582606256009484 ] ] ] } },
{ "type": "Feature", "properties": { "hex_id": 1324, "n_locations": 16, "access_capacity_2023": 0.054406796603495171, "access_capacity_2026": 0.054534364846390515, "capacity_access_change": 0.00012756824289534229, "quality_access_2023": 0.04688359358687999, "quality_access_2026": 0.041099651892100374, "quality_access_change": -0.00578394169477962, "mean_providers_2023": 5.9375, "mean_providers_2026": 6.0, "pct_capacity_improved": 1.0, "pct_quality_improved": 0.125, "pct_persistent_low": 1.0, "persistence": "Persistently lowest-access", "county": "Buncombe" }, "geometry": { "type": "Polygon", "coordinates": [ [ [ -82.452484067069761, 35.65918085670333 ], [ -82.477779682068658, 35.675112553437813 ], [ -82.473215512353576, 35.700636626084766 ], [ -82.443337615079443, 35.710227010349378 ], [ -82.418037543684747, 35.694288424806359 ], [ -82.422619822898753, 35.668766346779876 ], [ -82.452484067069761, 35.65918085670333 ] ] ] } },
{ "type": "Feature", "properties": { "hex_id": 1325, "n_locations": 21, "access_capacity_2023": 0.059826641612960363, "access_capacity_2026": 0.079258804267883079, "capacity_access_change": 0.019432162654922716, "quality_access_2023": 0.054973408666125927, "quality_access_2026": 0.066059720255189538, "quality_access_change": 0.01108631158906361, "mean_providers_2023": 4.7619047619047619, "mean_providers_2026": 5.5238095238095237, "pct_capacity_improved": 1.0, "pct_quality_improved": 0.52380952380952384, "pct_persistent_low": 0.90476190476190477, "persistence": "Persistently lowest-access", "county": "Buncombe" }, "geometry": { "type": "Polygon", "coordinates": [ [ [ -82.438759787667365, 35.73574902645165 ], [ -82.464077986018125, 35.751682655865288 ], [ -82.459504623274057, 35.777204621898584 ], [ -82.429594914672762, 35.786790959455629 ], [ -82.404272256262033, 35.770850421917849 ], [ -82.408863763439172, 35.745330457928873 ], [ -82.438759787667365, 35.73574902645165 ] ] ] } },
{ "type": "Feature", "properties": { "hex_id": 1326, "n_locations": 14, "access_capacity_2023": 0.0048920454839596304, "access_capacity_2026": 0.0013173302107728337, "capacity_access_change": -0.0035747152731867974, "quality_access_2023": 0.0020645457689898441, "quality_access_2026": 0.0013173302107728335, "quality_access_change": -0.00074721555821701067, "mean_providers_2023": 0.1428571428571429, "mean_providers_2026": 0.071428571428571452, "pct_capacity_improved": 0.0, "pct_quality_improved": 0.0, "pct_persistent_low": 1.0, "persistence": "Persistently lowest-access", "county": "Madison" }, "geometry": { "type": "Polygon", "coordinates": [ [ [ -82.42500786294346, 35.812310885263869 ], [ -82.450348683293711, 35.828246478526019 ], [ -82.445766099909378, 35.853766378040433 ], [ -82.415824513623249, 35.863348677784828 ], [ -82.39047922955443, 35.847406157024636 ], [ -82.395079992404675, 35.821888267009058 ], [ -82.42500786294346, 35.812310885263869 ] ] ] } },
{ "type": "Feature", "properties": { "hex_id": 1327, "n_locations": 50, "access_capacity_2023": 0.45375811863064536, "access_capacity_2026": 0.30517419142715591, "capacity_access_change": -0.1485839272034894, "quality_access_2023": 0.33089076115831045, "quality_access_2026": 0.21715164699954007, "quality_access_change": -0.11373911415877039, "mean_providers_2023": 9.62, "mean_providers_2026": 6.46, "pct_capacity_improved": 0.0, "pct_quality_improved": 0.0, "pct_persistent_low": 0.0, "persistence": "Not in lowest-access decile", "county": "Yancey" }, "geometry": { "type": "Polygon", "coordinates": [ [ [ -82.411228209861065, 35.888866553424705 ], [ -82.43659169095173, 35.904804141796873 ], [ -82.431999859205902, 35.930322014979936 ], [ -82.402026328673671, 35.939900285807092 ], [ -82.376658380211509, 35.923955750504362 ], [ -82.381268426555138, 35.898439894305248 ], [ -82.411228209861065, 35.888866553424705 ] ] ] } },
{ "type": "Feature", "properties": { "hex_id": 1328, "n_locations": 16, "access_capacity_2023": 0.028363949124562238, "access_capacity_2026": 0.009422049117227627, "capacity_access_change": -0.01894190000733461, "quality_access_2023": 0.012508248760129435, "quality_access_2026": 0.0084597704413230859, "quality_access_change": -0.0040484783188063471, "mean_providers_2023": 0.75, "mean_providers_2026": 0.375, "pct_capacity_improved": 0.0, "pct_quality_improved": 0.0, "pct_persistent_low": 1.0, "persistence": "Persistently lowest-access", "county": "Yancey" }, "geometry": { "type": "Polygon", "coordinates": [ [ [ -82.397420745052614, 35.965416151497465 ], [ -82.42280692571822, 35.981355766334154 ], [ -82.418205817779224, 36.006871653467208 ], [ -82.388200276235239, 36.01644590427307 ], [ -82.36280962455092, 36.000499323014203 ], [ -82.367428982319026, 35.974985460381298 ], [ -82.397420745052614, 35.965416151497465 ] ] ] } },
{ "type": "Feature", "properties": { "hex_id": 1338, "n_locations": 24, "access_capacity_2023": 0.057388295898225, "access_capacity_2026": 0.077149462601738536, "capacity_access_change": 0.019761166703513539, "quality_access_2023": 0.046271041047948706, "quality_access_2026": 0.059425727978867748, "quality_access_change": 0.013154686930919037, "mean_providers_2023": 4.2083333333333339, "mean_providers_2026": 5.0416666666666661, "pct_capacity_improved": 1.0, "pct_quality_improved": 0.5, "pct_persistent_low": 0.95833333333333337, "persistence": "Persistently lowest-access", "county": "Henderson" }, "geometry": { "type": "Polygon", "coordinates": [ [ [ -82.5136247881548, 35.158169054466839 ], [ -82.538767824639621, 35.174094842820878 ], [ -82.534253800566759, 35.199632606896536 ], [ -82.504578856691353, 35.209242634797377 ], [ -82.479431398557878, 35.193310081603251 ], [ -82.48396330295958, 35.167774268261113 ], [ -82.5136247881548, 35.158169054466839 ] ] ] } },
{ "type": "Feature", "properties": { "hex_id": 1339, "n_locations": 81, "access_capacity_2023": 0.37373615549702521, "access_capacity_2026": 0.45341476589014806, "capacity_access_change": 0.079678610393122865, "quality_access_2023": 0.30767259836252464, "quality_access_2026": 0.34249638858598547, "quality_access_change": 0.03482379022346082, "mean_providers_2023": 23.691358024691361, "mean_providers_2026": 30.148148148148145, "pct_capacity_improved": 1.0, "pct_quality_improved": 0.79012345679012341, "pct_persistent_low": 0.012345679012345678, "persistence": "Not in lowest-access decile", "county": "Henderson" }, "geometry": { "type": "Polygon", "coordinates": [ [ [ -82.500051369453004, 35.234778233348486 ], [ -82.525216725047429, 35.250705757625035 ], [ -82.520693667622083, 35.27624115304684 ], [ -82.490987336989136, 35.285847069136963 ], [ -82.465817556080808, 35.269912761073101 ], [ -82.470358528118609, 35.244379323627989 ], [ -82.500051369453004, 35.234778233348486 ] ] ] } },
{ "type": "Feature", "properties": { "hex_id": 1340, "n_locations": 416, "access_capacity_2023": 0.50476072782279524, "access_capacity_2026": 0.97450509797157825, "capacity_access_change": 0.46974437014878317, "quality_access_2023": 0.38884656589931749, "quality_access_2026": 0.7532081454934344, "quality_access_change": 0.36436157959411686, "mean_providers_2023": 41.478365384615408, "mean_providers_2026": 58.242788461538467, "pct_capacity_improved": 1.0, "pct_quality_improved": 1.0, "pct_persistent_low": 0.0, "persistence": "Not in lowest-access decile", "county": "Henderson" }, "geometry": { "type": "Polygon", "coordinates": [ [ [ -82.486450785762216, 35.311380315149471 ], [ -82.511638498463199, 35.327309605951719 ], [ -82.507106380727166, 35.352842672222707 ], [ -82.477368598285238, 35.362444485372762 ], [ -82.452176456610246, 35.346508391780425 ], [ -82.456726523338617, 35.320977290758584 ], [ -82.486450785762216, 35.311380315149471 ] ] ] } },
{ "type": "Feature", "properties": { "hex_id": 1341, "n_locations": 175, "access_capacity_2023": 0.32454392129108184, "access_capacity_2026": 0.6653505386427212, "capacity_access_change": 0.34080661735163936, "quality_access_2023": 0.22056561673310915, "quality_access_2026": 0.49618477640547692, "quality_access_change": 0.27561915967236778, "mean_providers_2023": 35.714285714285708, "mean_providers_2026": 52.125714285714281, "pct_capacity_improved": 1.0, "pct_quality_improved": 1.0, "pct_persistent_low": 0.0057142857142857143, "persistence": "Not in lowest-access decile", "county": "Henderson" }, "geometry": { "type": "Polygon", "coordinates": [ [ [ -82.472822956010077, 35.387975418377756 ], [ -82.498033063905922, 35.4039065063956 ], [ -82.493491858794428, 35.42943728310469 ], [ -82.463722559293743, 35.43903500218407 ], [ -82.438508018768971, 35.423097092317505 ], [ -82.44306720734933, 35.397568288159562 ], [ -82.472822956010077, 35.387975418377756 ] ] ] } },
{ "type": "Feature", "properties": { "hex_id": 1342, "n_locations": 130, "access_capacity_2023": 0.28463132528418916, "access_capacity_2026": 0.47599195167980918, "capacity_access_change": 0.19136062639562004, "quality_access_2023": 0.18221520580430145, "quality_access_2026": 0.34775563806411264, "quality_access_change": 0.16554043225981116, "mean_providers_2023": 34.41538461538461, "mean_providers_2026": 44.761538461538464, "pct_capacity_improved": 1.0, "pct_quality_improved": 1.0, "pct_persistent_low": 0.0, "persistence": "Not in lowest-access decile", "county": "Buncombe" }, "geometry": { "type": "Polygon", "coordinates": [ [ [ -82.459167798803591, 35.464563661798891 ], [ -82.484400340074203, 35.480496577809966 ], [ -82.479850020415327, 35.506025104632741 ], [ -82.450049138406953, 35.515618738510007 ], [ -82.424812160857783, 35.499678981535588 ], [ -82.42938049855907, 35.474152434595545 ], [ -82.459167798803591, 35.464563661798891 ] ] ] } },
{ "type": "Feature", "properties": { "hex_id": 1343, "n_locations": 100, "access_capacity_2023": 0.57598355197187334, "access_capacity_2026": 0.76184591097879684, "capacity_access_change": 0.18586235900692349, "quality_access_2023": 0.45000048590841857, "quality_access_2026": 0.61399572017238602, "quality_access_change": 0.16399523426396742, "mean_providers_2023": 63.83, "mean_providers_2026": 70.9, "pct_capacity_improved": 1.0, "pct_quality_improved": 1.0, "pct_persistent_low": 0.0, "persistence": "Not in lowest-access decile", "county": "Buncombe" }, "geometry": { "type": "Polygon", "coordinates": [ [ [ -82.445485232427501, 35.541145164439328 ], [ -82.4707402453447, 35.557079939309411 ], [ -82.466180783858817, 35.582606256009484 ], [ -82.436348253693922, 35.592195813552628 ], [ -82.411088800853918, 35.576254178547863 ], [ -82.415666315053116, 35.550729849091994 ], [ -82.445485232427501, 35.541145164439328 ] ] ] } },
{ "type": "Feature", "properties": { "hex_id": 1344, "n_locations": 22, "access_capacity_2023": 0.17209807199149155, "access_capacity_2026": 0.25864495758448208, "capacity_access_change": 0.08654688559299055, "quality_access_2023": 0.14557631690650233, "quality_access_2026": 0.22976072388324048, "quality_access_change": 0.084184406976738138, "mean_providers_2023": 17.09090909090909, "mean_providers_2026": 20.77272727272727, "pct_capacity_improved": 1.0, "pct_quality_improved": 0.95454545454545459, "pct_persistent_low": 0.36363636363636365, "persistence": "Not in lowest-access decile", "county": "Buncombe" }, "geometry": { "type": "Polygon", "coordinates": [ [ [ -82.431775174842713, 35.617720045589394 ], [ -82.457052697770479, 35.63365671027347 ], [ -82.452484067069761, 35.65918085670333 ], [ -82.422619822898753, 35.668766346779876 ], [ -82.397337856409436, 35.652822802732715 ], [ -82.401924574592073, 35.627300650938565 ], [ -82.431775174842713, 35.617720045589394 ] ] ] } },
{ "type": "Feature", "properties": { "hex_id": 1346, "n_locations": 26, "access_capacity_2023": 0.045486320965726142, "access_capacity_2026": 0.063650931963863955, "capacity_access_change": 0.01816461099813781, "quality_access_2023": 0.042920684873854593, "quality_access_2026": 0.050563620631631868, "quality_access_change": 0.0076429357577772767, "mean_providers_2023": 3.8076923076923079, "mean_providers_2026": 4.3076923076923084, "pct_capacity_improved": 1.0, "pct_quality_improved": 0.61538461538461542, "pct_persistent_low": 1.0, "persistence": "Persistently lowest-access", "county": "Buncombe" }, "geometry": { "type": "Polygon", "coordinates": [ [ [ -82.404272256262033, 35.770850421917849 ], [ -82.429594914672762, 35.786790959455629 ], [ -82.42500786294346, 35.812310885263869 ], [ -82.395079992404675, 35.821888267009058 ], [ -82.369752883171586, 35.805940811478038 ], [ -82.374358092214649, 35.780422895179875 ], [ -82.404272256262033, 35.770850421917849 ] ] ] } },
{ "type": "Feature", "properties": { "hex_id": 1347, "n_locations": 13, "access_capacity_2023": 0.19643252890717908, "access_capacity_2026": 0.12560015949569103, "capacity_access_change": -0.070832369411488044, "quality_access_2023": 0.13566206368223699, "quality_access_2026": 0.098487514285208341, "quality_access_change": -0.03717454939702864, "mean_providers_2023": 4.7692307692307692, "mean_providers_2026": 3.3846153846153846, "pct_capacity_improved": 0.0, "pct_quality_improved": 0.0, "pct_persistent_low": 0.30769230769230771, "persistence": "Moved into lowest-access decile", "county": "Yancey" }, "geometry": { "type": "Polygon", "coordinates": [ [ [ -82.39047922955443, 35.847406157024636 ], [ -82.415824513623249, 35.863348677784828 ], [ -82.411228209861065, 35.888866553424705 ], [ -82.381268426555138, 35.898439894305248 ], [ -82.355918688042138, 35.882490436149489 ], [ -82.360533184181975, 35.856974577502761 ], [ -82.39047922955443, 35.847406157024636 ] ] ] } },
{ "type": "Feature", "properties": { "hex_id": 1348, "n_locations": 25, "access_capacity_2023": 0.18375844536396951, "access_capacity_2026": 0.1238435266915707, "capacity_access_change": -0.059914918672398822, "quality_access_2023": 0.12912451357341262, "quality_access_2026": 0.08543490203994647, "quality_access_change": -0.043689611533466156, "mean_providers_2023": 4.04, "mean_providers_2026": 2.88, "pct_capacity_improved": 0.0, "pct_quality_improved": 0.08, "pct_persistent_low": 0.52, "persistence": "Persistently lowest-access", "county": "Yancey" }, "geometry": { "type": "Polygon", "coordinates": [ [ [ -82.376658380211509, 35.923955750504362 ], [ -82.402026328673671, 35.939900285807092 ], [ -82.397420745052614, 35.965416151497465 ], [ -82.367428982319026, 35.974985460381298 ], [ -82.342056575796661, 35.95903396822176 ], [ -82.346680386958454, 35.933520127038477 ], [ -82.376658380211509, 35.923955750504362 ] ] ] } },
{ "type": "Feature", "properties": { "hex_id": 1359, "n_locations": 31, "access_capacity_2023": 0.21901387728354713, "access_capacity_2026": 0.33733542893183188, "capacity_access_change": 0.11832155164828478, "quality_access_2023": 0.1822871885638499, "quality_access_2026": 0.26919028605340306, "quality_access_change": 0.086903097489553188, "mean_providers_2023": 17.06451612903226, "mean_providers_2026": 22.290322580645164, "pct_capacity_improved": 1.0, "pct_quality_improved": 0.80645161290322576, "pct_persistent_low": 0.16129032258064516, "persistence": "Not in lowest-access decile", "county": "Henderson" }, "geometry": { "type": "Polygon", "coordinates": [ [ [ -82.479431398557878, 35.193310081603251 ], [ -82.504578856691353, 35.209242634797377 ], [ -82.500051369453004, 35.234778233348486 ], [ -82.470358528118609, 35.244379323627989 ], [ -82.445206657319986, 35.22843999593686 ], [ -82.449752037520767, 35.202906355378865 ], [ -82.479431398557878, 35.193310081603251 ] ] ] } },
{ "type": "Feature", "properties": { "hex_id": 1360, "n_locations": 496, "access_capacity_2023": 0.57822915417064036, "access_capacity_2026": 0.9450221920918328, "capacity_access_change": 0.3667930379211925, "quality_access_2023": 0.45986466467460668, "quality_access_2026": 0.7392012081511905, "quality_access_change": 0.27933654347658388, "mean_providers_2023": 33.356854838709666, "mean_providers_2026": 46.278225806451637, "pct_capacity_improved": 1.0, "pct_quality_improved": 1.0, "pct_persistent_low": 0.0, "persistence": "Not in lowest-access decile", "county": "Henderson" }, "geometry": { "type": "Polygon", "coordinates": [ [ [ -82.465817556080808, 35.269912761073101 ], [ -82.490987336989136, 35.285847069136963 ], [ -82.486450785762216, 35.311380315149471 ], [ -82.456726523338617, 35.320977290758584 ], [ -82.431552326135375, 35.305036189223273 ], [ -82.436106804638683, 35.279504908474721 ], [ -82.465817556080808, 35.269912761073101 ] ] ] } },
{ "type": "Feature", "properties": { "hex_id": 1361, "n_locations": 226, "access_capacity_2023": 0.49041474217310838, "access_capacity_2026": 0.95662550793179291, "capacity_access_change": 0.46621076575868453, "quality_access_2023": 0.37607751746755697, "quality_access_2026": 0.7525609159409421, "quality_access_change": 0.37648339847338513, "mean_providers_2023": 43.982300884955755, "mean_providers_2026": 59.880530973451336, "pct_capacity_improved": 1.0, "pct_quality_improved": 1.0, "pct_persistent_low": 0.0, "persistence": "Not in lowest-access decile", "county": "Henderson" }, "geometry": { "type": "Polygon", "coordinates": [ [ [ -82.452176456610246, 35.346508391780425 ], [ -82.477368598285238, 35.362444485372762 ], [ -82.472822956010077, 35.387975418377756 ], [ -82.44306720734933, 35.397568288159562 ], [ -82.417870645754974, 35.381625382065906 ], [ -82.422434249716829, 35.356096421625047 ], [ -82.452176456610246, 35.346508391780425 ] ] ] } },
{ "type": "Feature", "properties": { "hex_id": 1362, "n_locations": 110, "access_capacity_2023": 0.24011554306706631, "access_capacity_2026": 0.4492129988437486, "capacity_access_change": 0.20909745577668232, "quality_access_2023": 0.16228287994839588, "quality_access_2026": 0.33940543966785214, "quality_access_change": 0.17712255971945623, "mean_providers_2023": 28.972727272727276, "mean_providers_2026": 39.4, "pct_capacity_improved": 1.0, "pct_quality_improved": 1.0, "pct_persistent_low": 0.0, "persistence": "Not in lowest-access decile", "county": "Henderson" }, "geometry": { "type": "Polygon", "coordinates": [ [ [ -82.438508018768971, 35.423097092317505 ], [ -82.463722559293743, 35.43903500218407 ], [ -82.459167798803591, 35.464563661798891 ], [ -82.42938049855907, 35.474152434595545 ], [ -82.404161534495898, 35.458207693141759 ], [ -82.408734291179769, 35.432681013420876 ], [ -82.438508018768971, 35.423097092317505 ] ] ] } },
{ "type": "Feature", "properties": { "hex_id": 1363, "n_locations": 207, "access_capacity_2023": 0.38321998927230494, "access_capacity_2026": 0.53125367377510146, "capacity_access_change": 0.1480336845027965, "quality_access_2023": 0.28896260806737945, "quality_access_2026": 0.42130662457807094, "quality_access_change": 0.1323440165106915, "mean_providers_2023": 52.159420289855071, "mean_providers_2026": 58.589371980676326, "pct_capacity_improved": 1.0, "pct_quality_improved": 1.0, "pct_persistent_low": 0.0, "persistence": "Not in lowest-access decile", "county": "Buncombe" }, "geometry": { "type": "Polygon", "coordinates": [ [ [ -82.424812160857783, 35.499678981535588 ], [ -82.450049138406953, 35.515618738510007 ], [ -82.445485232427501, 35.541145164439328 ], [ -82.415666315053116, 35.550729849091994 ], [ -82.390424910351953, 35.534783241388006 ], [ -82.395006847129267, 35.509258802712168 ], [ -82.424812160857783, 35.499678981535588 ] ] ] } },
{ "type": "Feature", "properties": { "hex_id": 1364, "n_locations": 326, "access_capacity_2023": 0.49730798644552382, "access_capacity_2026": 0.6453986220441551, "capacity_access_change": 0.14809063559863131, "quality_access_2023": 0.3830430184426537, "quality_access_2026": 0.53029729801380876, "quality_access_change": 0.14725427957115506, "mean_providers_2023": 51.935582822085877, "mean_providers_2026": 57.196319018404921, "pct_capacity_improved": 1.0, "pct_quality_improved": 1.0, "pct_persistent_low": 0.0, "persistence": "Not in lowest-access decile", "county": "Buncombe" }, "geometry": { "type": "Polygon", "coordinates": [ [ [ -82.411088800853918, 35.576254178547863 ], [ -82.436348253693922, 35.592195813552628 ], [ -82.431775174842713, 35.617720045589394 ], [ -82.401924574592073, 35.627300650938565 ], [ -82.37666069099204, 35.61135214600499 ], [ -82.381251835342695, 35.585829908611366 ], [ -82.411088800853918, 35.576254178547863 ] ] ] } },
{ "type": "Feature", "properties": { "hex_id": 1366, "n_locations": 13, "access_capacity_2023": 0.0086673889490790842, "access_capacity_2026": 0.0085250818960413595, "capacity_access_change": -0.00014230705303772717, "quality_access_2023": 0.0086673889490790895, "quality_access_2026": 0.008525081896041363, "quality_access_change": -0.00014230705303772717, "mean_providers_2023": 0.92307692307692313, "mean_providers_2026": 0.92307692307692313, "pct_capacity_improved": 0.0, "pct_quality_improved": 0.0, "pct_persistent_low": 1.0, "persistence": "Persistently lowest-access", "county": "Buncombe" }, "geometry": { "type": "Polygon", "coordinates": [ [ [ -82.383559244849678, 35.729384973736714 ], [ -82.408863763439172, 35.745330457928873 ], [ -82.404272256262033, 35.770850421917849 ], [ -82.374358092214649, 35.780422895179875 ], [ -82.349049135666078, 35.764470502488187 ], [ -82.35365877803963, 35.738952548012541 ], [ -82.383559244849678, 35.729384973736714 ] ] ] } },
{ "type": "Feature", "properties": { "hex_id": 1368, "n_locations": 67, "access_capacity_2023": 0.49525332296548641, "access_capacity_2026": 0.35659907371530636, "capacity_access_change": -0.13865424925018008, "quality_access_2023": 0.37448346077994671, "quality_access_2026": 0.23476572677787078, "quality_access_change": -0.13971773400207596, "mean_providers_2023": 7.91044776119403, "mean_providers_2026": 5.3731343283582094, "pct_capacity_improved": 0.0, "pct_quality_improved": 0.0, "pct_persistent_low": 0.014925373134328358, "persistence": "Not in lowest-access decile", "county": "Yancey" }, "geometry": { "type": "Polygon", "coordinates": [ [ [ -82.355918688042138, 35.882490436149489 ], [ -82.381268426555138, 35.898439894305248 ], [ -82.376658380211509, 35.923955750504362 ], [ -82.346680386958454, 35.933520127038477 ], [ -82.321326203310633, 35.917563721579761 ], [ -82.325954454941737, 35.892049889886863 ], [ -82.355918688042138, 35.882490436149489 ] ] ] } },
{ "type": "Feature", "properties": { "hex_id": 1369, "n_locations": 13, "access_capacity_2023": 0.086864218815367392, "access_capacity_2026": 0.098329839012806897, "capacity_access_change": 0.011465620197439505, "quality_access_2023": 0.07404434896746287, "quality_access_2026": 0.057692682062402002, "quality_access_change": -0.016351666905060871, "mean_providers_2023": 1.846153846153846, "mean_providers_2026": 2.0769230769230771, "pct_capacity_improved": 1.0, "pct_quality_improved": 0.076923076923076927, "pct_persistent_low": 0.53846153846153844, "persistence": "Persistently lowest-access", "county": "Yancey" }, "geometry": { "type": "Polygon", "coordinates": [ [ [ -82.342056575796661, 35.95903396822176 ], [ -82.367428982319026, 35.974985460381298 ], [ -82.36280962455092, 36.000499323014203 ], [ -82.332799616657439, 36.010059664444768 ], [ -82.307422761421364, 35.994101205492107 ], [ -82.312060359671122, 35.968589374908319 ], [ -82.342056575796661, 35.95903396822176 ] ] ] } },
{ "type": "Feature", "properties": { "hex_id": 1379, "n_locations": 17, "access_capacity_2023": 0.20186886325300246, "access_capacity_2026": 0.33465789255233386, "capacity_access_change": 0.13278902929933137, "quality_access_2023": 0.17104099855979144, "quality_access_2026": 0.26628856943461365, "quality_access_change": 0.095247570874822204, "mean_providers_2023": 18.0, "mean_providers_2026": 23.588235294117649, "pct_capacity_improved": 1.0, "pct_quality_improved": 0.94117647058823528, "pct_persistent_low": 0.11764705882352941, "persistence": "Not in lowest-access decile", "county": null }, "geometry": { "type": "Polygon", "coordinates": [ [ [ -82.458833720669944, 35.151836683786669 ], [ -82.48396330295958, 35.167774268261113 ], [ -82.479431398557878, 35.193310081603251 ], [ -82.449752037520767, 35.202906355378865 ], [ -82.424618055182734, 35.186962005687477 ], [ -82.429167830930652, 35.161428150347106 ], [ -82.458833720669944, 35.151836683786669 ] ] ] } },
{ "type": "Feature", "properties": { "hex_id": 1380, "n_locations": 58, "access_capacity_2023": 0.39887807026342564, "access_capacity_2026": 0.69437642872266225, "capacity_access_change": 0.29549835845923655, "quality_access_2023": 0.32477512927694269, "quality_access_2026": 0.56139959563756792, "quality_access_change": 0.23662446636062523, "mean_providers_2023": 28.086206896551722, "mean_providers_2026": 38.672413793103445, "pct_capacity_improved": 1.0, "pct_quality_improved": 1.0, "pct_persistent_low": 0.0, "persistence": "Not in lowest-access decile", "county": "Henderson" }, "geometry": { "type": "Polygon", "coordinates": [ [ [ -82.445206657319986, 35.22843999593686 ], [ -82.470358528118609, 35.244379323627989 ], [ -82.465817556080808, 35.269912761073101 ], [ -82.436106804638683, 35.279504908474721 ], [ -82.410950530192153, 35.263558796620522 ], [ -82.415509407824274, 35.238027324446186 ], [ -82.445206657319986, 35.22843999593686 ] ] ] } },
{ "type": "Feature", "properties": { "hex_id": 1381, "n_locations": 319, "access_capacity_2023": 0.55256020810216433, "access_capacity_2026": 1.1326136341316742, "capacity_access_change": 0.58005342602950971, "quality_access_2023": 0.43835619748857813, "quality_access_2026": 0.89979057253899331, "quality_access_change": 0.46143437505041518, "mean_providers_2023": 43.451410658307204, "mean_providers_2026": 60.529780564263326, "pct_capacity_improved": 1.0, "pct_quality_improved": 1.0, "pct_persistent_low": 0.0, "persistence": "Not in lowest-access decile", "county": "Henderson" }, "geometry": { "type": "Polygon", "coordinates": [ [ [ -82.431552326135375, 35.305036189223273 ], [ -82.456726523338617, 35.320977290758584 ], [ -82.452176456610246, 35.346508391780425 ], [ -82.422434249716829, 35.356096421625047 ], [ -82.397255645271628, 35.340148516925154 ], [ -82.401823651938528, 35.314619388472572 ], [ -82.431552326135375, 35.305036189223273 ] ] ] } },
{ "type": "Feature", "properties": { "hex_id": 1382, "n_locations": 74, "access_capacity_2023": 0.31706525433909, "access_capacity_2026": 0.62280597687169614, "capacity_access_change": 0.3057407225326062, "quality_access_2023": 0.25421700143709236, "quality_access_2026": 0.50883649516140139, "quality_access_change": 0.25461949372430909, "mean_providers_2023": 28.770270270270267, "mean_providers_2026": 40.013513513513516, "pct_capacity_improved": 1.0, "pct_quality_improved": 1.0, "pct_persistent_low": 0.013513513513513514, "persistence": "Not in lowest-access decile", "county": "Henderson" }, "geometry": { "type": "Polygon", "coordinates": [ [ [ -82.417870645754974, 35.381625382065906 ], [ -82.44306720734933, 35.397568288159562 ], [ -82.438508018768971, 35.423097092317505 ], [ -82.408734291179769, 35.432681013420876 ], [ -82.383533318754829, 35.416731285105335 ], [ -82.388110481714421, 35.391204460844577 ], [ -82.417870645754974, 35.381625382065906 ] ] ] } },
{ "type": "Feature", "properties": { "hex_id": 1383, "n_locations": 80, "access_capacity_2023": 0.19241114934297124, "access_capacity_2026": 0.32702275510961359, "capacity_access_change": 0.13461160576664238, "quality_access_2023": 0.12487450731231454, "quality_access_2026": 0.24140605059473547, "quality_access_change": 0.11653154328242092, "mean_providers_2023": 24.55, "mean_providers_2026": 32.275, "pct_capacity_improved": 1.0, "pct_quality_improved": 1.0, "pct_persistent_low": 0.0875, "persistence": "Not in lowest-access decile", "county": "Buncombe" }, "geometry": { "type": "Polygon", "coordinates": [ [ [ -82.404161534495898, 35.458207693141759 ], [ -82.42938049855907, 35.474152434595545 ], [ -82.424812160857783, 35.499678981535588 ], [ -82.395006847129267, 35.509258802712168 ], [ -82.369783468652415, 35.493307219923118 ], [ -82.37436981527047, 35.467782660237965 ], [ -82.404161534495898, 35.458207693141759 ] ] ] } },
{ "type": "Feature", "properties": { "hex_id": 1384, "n_locations": 34, "access_capacity_2023": 0.14238260456095847, "access_capacity_2026": 0.20626408494911558, "capacity_access_change": 0.063881480388157136, "quality_access_2023": 0.10444003080652298, "quality_access_2026": 0.17224135809823057, "quality_access_change": 0.067801327291707597, "mean_providers_2023": 18.323529411764703, "mean_providers_2026": 22.588235294117645, "pct_capacity_improved": 1.0, "pct_quality_improved": 0.97058823529411764, "pct_persistent_low": 0.38235294117647056, "persistence": "Not in lowest-access decile", "county": "Buncombe" }, "geometry": { "type": "Polygon", "coordinates": [ [ [ -82.390424910351953, 35.534783241388006 ], [ -82.415666315053116, 35.550729849091994 ], [ -82.411088800853918, 35.576254178547863 ], [ -82.381251835342695, 35.585829908611366 ], [ -82.35600601265044, 35.56987644040202 ], [ -82.36060157040113, 35.544354105588731 ], [ -82.390424910351953, 35.534783241388006 ] ] ] } },
{ "type": "Feature", "properties": { "hex_id": 1385, "n_locations": 49, "access_capacity_2023": 0.23923925319688352, "access_capacity_2026": 0.35402385919532625, "capacity_access_change": 0.11478460599844276, "quality_access_2023": 0.19224351535957829, "quality_access_2026": 0.31401633372854842, "quality_access_change": 0.12177281836897014, "mean_providers_2023": 19.0, "mean_providers_2026": 23.979591836734691, "pct_capacity_improved": 1.0, "pct_quality_improved": 0.95918367346938771, "pct_persistent_low": 0.20408163265306123, "persistence": "Not in lowest-access decile", "county": "Buncombe" }, "geometry": { "type": "Polygon", "coordinates": [ [ [ -82.37666069099204, 35.61135214600499 ], [ -82.401924574592073, 35.627300650938565 ], [ -82.397337856409436, 35.652822802732715 ], [ -82.36746917327153, 35.662394450496066 ], [ -82.342200868108705, 35.646439065830094 ], [ -82.346805664575086, 35.620918916096414 ], [ -82.37666069099204, 35.61135214600499 ] ] ] } },
{ "type": "Feature", "properties": { "hex_id": 1388, "n_locations": 27, "access_capacity_2023": 0.28497960584812559, "access_capacity_2026": 0.21886978161273085, "capacity_access_change": -0.066109824235394729, "quality_access_2023": 0.21885173027401342, "quality_access_2026": 0.15250406929558735, "quality_access_change": -0.066347660978426065, "mean_providers_2023": 6.0740740740740744, "mean_providers_2026": 4.4814814814814818, "pct_capacity_improved": 0.0, "pct_quality_improved": 0.037037037037037035, "pct_persistent_low": 0.07407407407407407, "persistence": "Not in lowest-access decile", "county": "Yancey" }, "geometry": { "type": "Polygon", "coordinates": [ [ [ -82.335201633398981, 35.841020194099826 ], [ -82.360533184181975, 35.856974577502761 ], [ -82.355918688042138, 35.882490436149489 ], [ -82.325954454941737, 35.892049889886863 ], [ -82.300618471916209, 35.876088568723503 ], [ -82.305251151125319, 35.85057473457401 ], [ -82.335201633398981, 35.841020194099826 ] ] ] } },
{ "type": "Feature", "properties": { "hex_id": 1389, "n_locations": 44, "access_capacity_2023": 0.24162778941159796, "access_capacity_2026": 0.19946316311152382, "capacity_access_change": -0.042164626300074143, "quality_access_2023": 0.18624090727172815, "quality_access_2026": 0.13853740330900569, "quality_access_change": -0.047703503962722472, "mean_providers_2023": 5.045454545454545, "mean_providers_2026": 3.9772727272727275, "pct_capacity_improved": 0.0, "pct_quality_improved": 0.15909090909090909, "pct_persistent_low": 0.22727272727272727, "persistence": "Not in lowest-access decile", "county": "Yancey" }, "geometry": { "type": "Polygon", "coordinates": [ [ [ -82.321326203310633, 35.917563721579761 ], [ -82.346680386958454, 35.933520127038477 ], [ -82.342056575796661, 35.95903396822176 ], [ -82.312060359671122, 35.968589374908319 ], [ -82.286701740232957, 35.952626012229352 ], [ -82.29134376959, 35.927114203084102 ], [ -82.321326203310633, 35.917563721579761 ] ] ] } },
{ "type": "Feature", "properties": { "hex_id": 1400, "n_locations": 43, "access_capacity_2023": 0.2547874371678665, "access_capacity_2026": 0.45124788905476299, "capacity_access_change": 0.19646045188689654, "quality_access_2023": 0.20863419758064819, "quality_access_2026": 0.36482801887115907, "quality_access_change": 0.15619382129051088, "mean_providers_2023": 20.744186046511629, "mean_providers_2026": 28.651162790697679, "pct_capacity_improved": 1.0, "pct_quality_improved": 0.95348837209302328, "pct_persistent_low": 0.13953488372093023, "persistence": "Not in lowest-access decile", "county": "Henderson" }, "geometry": { "type": "Polygon", "coordinates": [ [ [ -82.424618055182734, 35.186962005687477 ], [ -82.449752037520767, 35.202906355378865 ], [ -82.445206657319986, 35.22843999593686 ], [ -82.415509407824274, 35.238027324446186 ], [ -82.39037103445331, 35.222076199889578 ], [ -82.394934298600191, 35.196544524601357 ], [ -82.424618055182734, 35.186962005687477 ] ] ] } },
{ "type": "Feature", "properties": { "hex_id": 1401, "n_locations": 418, "access_capacity_2023": 0.5173340466041273, "access_capacity_2026": 1.001068360624888, "capacity_access_change": 0.48373431402076078, "quality_access_2023": 0.41840164052581957, "quality_access_2026": 0.80502858924035769, "quality_access_change": 0.38662694871453812, "mean_providers_2023": 36.535885167464109, "mean_providers_2026": 51.866028708133975, "pct_capacity_improved": 1.0, "pct_quality_improved": 1.0, "pct_persistent_low": 0.0, "persistence": "Not in lowest-access decile", "county": "Henderson" }, "geometry": { "type": "Polygon", "coordinates": [ [ [ -82.410950530192153, 35.263558796620522 ], [ -82.436106804638683, 35.279504908474721 ], [ -82.431552326135375, 35.305036189223273 ], [ -82.401823651938528, 35.314619388472572 ], [ -82.37666298289524, 35.2986664827799 ], [ -82.381235379622908, 35.273137174597736 ], [ -82.410950530192153, 35.263558796620522 ] ] ] } },
{ "type": "Feature", "properties": { "hex_id": 1402, "n_locations": 212, "access_capacity_2023": 0.4184521435365996, "access_capacity_2026": 0.87689242634870801, "capacity_access_change": 0.45844028281210841, "quality_access_2023": 0.3384939744321061, "quality_access_2026": 0.72452223376974212, "quality_access_change": 0.38602825933763596, "mean_providers_2023": 35.429245283018865, "mean_providers_2026": 48.981132075471706, "pct_capacity_improved": 1.0, "pct_quality_improved": 1.0, "pct_persistent_low": 0.0, "persistence": "Not in lowest-access decile", "county": "Henderson" }, "geometry": { "type": "Polygon", "coordinates": [ [ [ -82.397255645271628, 35.340148516925154 ], [ -82.422434249716829, 35.356096421625047 ], [ -82.417870645754974, 35.381625382065906 ], [ -82.388110481714421, 35.391204460844577 ], [ -82.362927479114134, 35.3752497432776 ], [ -82.367509035674871, 35.349722762729257 ], [ -82.397255645271628, 35.340148516925154 ] ] ] } },
{ "type": "Feature", "properties": { "hex_id": 1404, "n_locations": 72, "access_capacity_2023": 0.10791719767666319, "access_capacity_2026": 0.16606774890795095, "capacity_access_change": 0.058150551231287748, "quality_access_2023": 0.079380094605838558, "quality_access_2026": 0.1404237710100836, "quality_access_change": 0.061043676404245045, "mean_providers_2023": 13.638888888888893, "mean_providers_2026": 17.388888888888893, "pct_capacity_improved": 1.0, "pct_quality_improved": 1.0, "pct_persistent_low": 0.52777777777777779, "persistence": "Persistently lowest-access", "county": "Buncombe" }, "geometry": { "type": "Polygon", "coordinates": [ [ [ -82.369783468652415, 35.493307219923118 ], [ -82.395006847129267, 35.509258802712168 ], [ -82.390424910351953, 35.534783241388006 ], [ -82.36060157040113, 35.544354105588731 ], [ -82.335373786669606, 35.528395671706953 ], [ -82.339973745084862, 35.502873227665255 ], [ -82.369783468652415, 35.493307219923118 ] ] ] } },
{ "type": "Feature", "properties": { "hex_id": 1405, "n_locations": 158, "access_capacity_2023": 0.4236488270953212, "access_capacity_2026": 0.56362199287330406, "capacity_access_change": 0.1399731657779828, "quality_access_2023": 0.33591385257845907, "quality_access_2026": 0.47969911092549627, "quality_access_change": 0.14378525834703723, "mean_providers_2023": 38.12658227848101, "mean_providers_2026": 43.063291139240505, "pct_capacity_improved": 1.0, "pct_quality_improved": 1.0, "pct_persistent_low": 0.018987341772151899, "persistence": "Not in lowest-access decile", "county": "Buncombe" }, "geometry": { "type": "Polygon", "coordinates": [ [ [ -82.35600601265044, 35.56987644040202 ], [ -82.381251835342695, 35.585829908611366 ], [ -82.37666069099204, 35.61135214600499 ], [ -82.346805664575086, 35.620918916096414 ], [ -82.321555433087042, 35.604958577596499 ], [ -82.326164633740888, 35.579438342252885 ], [ -82.35600601265044, 35.56987644040202 ] ] ] } },
{ "type": "Feature", "properties": { "hex_id": 1406, "n_locations": 13, "access_capacity_2023": 0.15896239983608509, "access_capacity_2026": 0.22790773135882725, "capacity_access_change": 0.068945331522742126, "quality_access_2023": 0.12722988657435863, "quality_access_2026": 0.20316879292566326, "quality_access_change": 0.075938906351304639, "mean_providers_2023": 8.8461538461538467, "mean_providers_2026": 11.538461538461538, "pct_capacity_improved": 1.0, "pct_quality_improved": 1.0, "pct_persistent_low": 0.23076923076923078, "persistence": "Not in lowest-access decile", "county": "Buncombe" }, "geometry": { "type": "Polygon", "coordinates": [ [ [ -82.342200868108705, 35.646439065830094 ], [ -82.36746917327153, 35.662394450496066 ], [ -82.362868793758651, 35.687914526459586 ], [ -82.332982014933833, 35.697477211227081 ], [ -82.307709297440041, 35.681514937015471 ], [ -82.312327768019003, 35.655996870548201 ], [ -82.342200868108705, 35.646439065830094 ] ] ] } },
{ "type": "Feature", "properties": { "hex_id": 1409, "n_locations": 106, "access_capacity_2023": 0.58941034242265733, "access_capacity_2026": 0.4817936667622173, "capacity_access_change": -0.10761667566044006, "quality_access_2023": 0.46010433027082182, "quality_access_2026": 0.31811636618559452, "quality_access_change": -0.14198796408522726, "mean_providers_2023": 8.3584905660377355, "mean_providers_2026": 7.1698113207547172, "pct_capacity_improved": 0.0, "pct_quality_improved": 0.0, "pct_persistent_low": 0.0, "persistence": "Not in lowest-access decile", "county": "Yancey" }, "geometry": { "type": "Polygon", "coordinates": [ [ [ -82.300618471916209, 35.876088568723503 ], [ -82.325954454941737, 35.892049889886863 ], [ -82.321326203310633, 35.917563721579761 ], [ -82.29134376959, 35.927114203084102 ], [ -82.266003363664353, 35.911145934261931 ], [ -82.27064981123948, 35.885634134587981 ], [ -82.300618471916209, 35.876088568723503 ] ] ] } },
{ "type": "Feature", "properties": { "hex_id": 1410, "n_locations": 41, "access_capacity_2023": 0.2033631742682587, "access_capacity_2026": 0.20484092849661198, "capacity_access_change": 0.0014777542283532774, "quality_access_2023": 0.1740367633746327, "quality_access_2026": 0.12790673865960933, "quality_access_change": -0.046130024715023372, "mean_providers_2023": 4.0731707317073171, "mean_providers_2026": 4.0, "pct_capacity_improved": 1.0, "pct_quality_improved": 0.12195121951219512, "pct_persistent_low": 0.24390243902439024, "persistence": "Not in lowest-access decile", "county": "Yancey" }, "geometry": { "type": "Polygon", "coordinates": [ [ [ -82.286701740232957, 35.952626012229352 ], [ -82.312060359671122, 35.968589374908319 ], [ -82.307422761421364, 35.994101205492107 ], [ -82.277408309500004, 36.003647636811358 ], [ -82.252045263651112, 35.987677306984999 ], [ -82.256701093001865, 35.962167515989876 ], [ -82.286701740232957, 35.952626012229352 ] ] ] } },
{ "type": "Feature", "properties": { "hex_id": 1421, "n_locations": 39, "access_capacity_2023": 0.39406755537026905, "access_capacity_2026": 0.75265007243376547, "capacity_access_change": 0.35858251706349642, "quality_access_2023": 0.32203783363107863, "quality_access_2026": 0.60858679059633591, "quality_access_change": 0.28654895696525728, "mean_providers_2023": 29.46153846153846, "mean_providers_2026": 43.333333333333336, "pct_capacity_improved": 1.0, "pct_quality_improved": 1.0, "pct_persistent_low": 0.0, "persistence": "Not in lowest-access decile", "county": "Henderson" }, "geometry": { "type": "Polygon", "coordinates": [ [ [ -82.39037103445331, 35.222076199889578 ], [ -82.415509407824274, 35.238027324446186 ], [ -82.410950530192153, 35.263558796620522 ], [ -82.381235379622908, 35.273137174597736 ], [ -82.356092624268271, 35.257179265518381 ], [ -82.360669398444514, 35.231649765899888 ], [ -82.39037103445331, 35.222076199889578 ] ] ] } },
{ "type": "Feature", "properties": { "hex_id": 1422, "n_locations": 129, "access_capacity_2023": 0.40764098908451207, "access_capacity_2026": 0.85241797677655951, "capacity_access_change": 0.44477698769204743, "quality_access_2023": 0.32880000160003436, "quality_access_2026": 0.70740314908191315, "quality_access_change": 0.37860314748187873, "mean_providers_2023": 32.131782945736433, "mean_providers_2026": 45.302325581395351, "pct_capacity_improved": 1.0, "pct_quality_improved": 1.0, "pct_persistent_low": 0.0, "persistence": "Not in lowest-access decile", "county": "Henderson" }, "geometry": { "type": "Polygon", "coordinates": [ [ [ -82.37666298289524, 35.2986664827799 ], [ -82.401823651938528, 35.314619388472572 ], [ -82.397255645271628, 35.340148516925154 ], [ -82.367509035674871, 35.349722762729257 ], [ -82.342343981119825, 35.333763053513643 ], [ -82.34692991863929, 35.308235904941128 ], [ -82.37666298289524, 35.2986664827799 ] ] ] } },
{ "type": "Feature", "properties": { "hex_id": 1423, "n_locations": 137, "access_capacity_2023": 0.24073443385155172, "access_capacity_2026": 0.51181143477143987, "capacity_access_change": 0.27107700091988812, "quality_access_2023": 0.19847044507887296, "quality_access_2026": 0.4298212042273879, "quality_access_change": 0.23135075914851494, "mean_providers_2023": 21.503649635036503, "mean_providers_2026": 30.854014598540143, "pct_capacity_improved": 1.0, "pct_quality_improved": 1.0, "pct_persistent_low": 0.036496350364963501, "persistence": "Not in lowest-access decile", "county": "Henderson" }, "geometry": { "type": "Polygon", "coordinates": [ [ [ -82.362927479114134, 35.3752497432776 ], [ -82.388110481714421, 35.391204460844577 ], [ -82.383533318754829, 35.416731285105335 ], [ -82.353755184891611, 35.426301407498144 ], [ -82.328567793257207, 35.410339867352242 ], [ -82.333162921474141, 35.384815030325527 ], [ -82.362927479114134, 35.3752497432776 ] ] ] } },
{ "type": "Feature", "properties": { "hex_id": 1424, "n_locations": 11, "access_capacity_2023": 0.01617794354224587, "access_capacity_2026": 0.030958203498551516, "capacity_access_change": 0.014780259956305641, "quality_access_2023": 0.014606167600664575, "quality_access_2026": 0.029152276187125802, "quality_access_change": 0.014546108586461225, "mean_providers_2023": 1.5454545454545454, "mean_providers_2026": 2.5454545454545454, "pct_capacity_improved": 1.0, "pct_quality_improved": 0.90909090909090906, "pct_persistent_low": 1.0, "persistence": "Persistently lowest-access", "county": "Henderson" }, "geometry": { "type": "Polygon", "coordinates": [ [ [ -82.349164441137788, 35.451826099970752 ], [ -82.37436981527047, 35.467782660237965 ], [ -82.369783468652415, 35.493307219923118 ], [ -82.339973745084862, 35.502873227665255 ], [ -82.314763978401487, 35.486909825707045 ], [ -82.319368324778296, 35.461387260639697 ], [ -82.349164441137788, 35.451826099970752 ] ] ] } },
{ "type": "Feature", "properties": { "hex_id": 1425, "n_locations": 21, "access_capacity_2023": 0.047237727427032909, "access_capacity_2026": 0.084960953811386325, "capacity_access_change": 0.037723226384353416, "quality_access_2023": 0.038093800271174809, "quality_access_2026": 0.067739212690750644, "quality_access_change": 0.029645412419575828, "mean_providers_2023": 4.6190476190476186, "mean_providers_2026": 7.5714285714285712, "pct_capacity_improved": 1.0, "pct_quality_improved": 1.0, "pct_persistent_low": 1.0, "persistence": "Persistently lowest-access", "county": "Buncombe" }, "geometry": { "type": "Polygon", "coordinates": [ [ [ -82.335373786669606, 35.528395671706953 ], [ -82.36060157040113, 35.544354105588731 ], [ -82.35600601265044, 35.56987644040202 ], [ -82.326164633740888, 35.579438342252885 ], [ -82.300932453948064, 35.563473047511458 ], [ -82.305546046055909, 35.537952714729826 ], [ -82.335373786669606, 35.528395671706953 ] ] ] } },
{ "type": "Feature", "properties": { "hex_id": 1426, "n_locations": 279, "access_capacity_2023": 0.34168350794044877, "access_capacity_2026": 0.45703975377957756, "capacity_access_change": 0.11535624583912886, "quality_access_2023": 0.27407402148229865, "quality_access_2026": 0.39491179118670894, "quality_access_change": 0.12083776970441029, "mean_providers_2023": 22.598566308243726, "mean_providers_2026": 27.770609318996414, "pct_capacity_improved": 1.0, "pct_quality_improved": 1.0, "pct_persistent_low": 0.014336917562724014, "persistence": "Not in lowest-access decile", "county": "Buncombe" }, "geometry": { "type": "Polygon", "coordinates": [ [ [ -82.321555433087042, 35.604958577596499 ], [ -82.346805664575086, 35.620918916096414 ], [ -82.342200868108705, 35.646439065830094 ], [ -82.312327768019003, 35.655996870548201 ], [ -82.287073136965034, 35.640029651962983 ], [ -82.291696002484329, 35.614511511705061 ], [ -82.321555433087042, 35.604958577596499 ] ] ] } },
{ "type": "Feature", "properties": { "hex_id": 1430, "n_locations": 58, "access_capacity_2023": 0.53825947365104687, "access_capacity_2026": 0.49677041540820271, "capacity_access_change": -0.041489058242844108, "quality_access_2023": 0.42530190724880845, "quality_access_2026": 0.32346840585743658, "quality_access_change": -0.10183350139137186, "mean_providers_2023": 8.3793103448275854, "mean_providers_2026": 8.0172413793103452, "pct_capacity_improved": 0.0, "pct_quality_improved": 0.0, "pct_persistent_low": 0.0, "persistence": "Not in lowest-access decile", "county": "Yancey" }, "geometry": { "type": "Polygon", "coordinates": [ [ [ -82.266003363664353, 35.911145934261931 ], [ -82.29134376959, 35.927114203084102 ], [ -82.286701740232957, 35.952626012229352 ], [ -82.256701093001865, 35.962167515989876 ], [ -82.231356273553615, 35.946192289600752 ], [ -82.236016511727357, 35.920682520014807 ], [ -82.266003363664353, 35.911145934261931 ] ] ] } },
{ "type": "Feature", "properties": { "hex_id": 1431, "n_locations": 19, "access_capacity_2023": 0.27001566764695317, "access_capacity_2026": 0.30007245219611312, "capacity_access_change": 0.03005678454915995, "quality_access_2023": 0.25068438278615562, "quality_access_2026": 0.24527405104368916, "quality_access_change": -0.0054103317424664512, "mean_providers_2023": 4.2631578947368425, "mean_providers_2026": 5.1052631578947372, "pct_capacity_improved": 1.0, "pct_quality_improved": 0.36842105263157893, "pct_persistent_low": 0.26315789473684209, "persistence": "Not in lowest-access decile", "county": "Mitchell" }, "geometry": { "type": "Polygon", "coordinates": [ [ [ -82.252045263651112, 35.987677306984999 ], [ -82.277408309500004, 36.003647636811358 ], [ -82.272756901859267, 36.029157461203162 ], [ -82.242724201220838, 36.038694911616687 ], [ -82.217356738376097, 36.02271760470606 ], [ -82.222026390021426, 35.997209827472297 ], [ -82.252045263651112, 35.987677306984999 ] ] ] } },
{ "type": "Feature", "properties": { "hex_id": 1432, "n_locations": 14, "access_capacity_2023": 0.032589285714285716, "access_capacity_2026": 0.03854185516607881, "capacity_access_change": 0.0059525694517930938, "quality_access_2023": 0.032589285714285716, "quality_access_2026": 0.03854185516607881, "quality_access_change": 0.0059525694517930938, "mean_providers_2023": 0.2857142857142857, "mean_providers_2026": 0.5714285714285714, "pct_capacity_improved": 1.0, "pct_quality_improved": 0.2857142857142857, "pct_persistent_low": 1.0, "persistence": "Persistently lowest-access", "county": "Mitchell" }, "geometry": { "type": "Polygon", "coordinates": [ [ [ -82.238058961852957, 36.064202734215414 ], [ -82.263444686335987, 36.080175156602742 ], [ -82.258783872163605, 36.105683036586818 ], [ -82.228719051059457, 36.115216442410748 ], [ -82.203328906113924, 36.099237023361972 ], [ -82.208007999578328, 36.073731198166257 ], [ -82.238058961852957, 36.064202734215414 ] ] ] } },
{ "type": "Feature", "properties": { "hex_id": 1441, "n_locations": 14, "access_capacity_2023": 0.078902711688241312, "access_capacity_2026": 0.12160459425220302, "capacity_access_change": 0.0427018825639617, "quality_access_2023": 0.068954709267650641, "quality_access_2026": 0.10569982244384361, "quality_access_change": 0.036745113176192959, "mean_providers_2023": 5.9285714285714279, "mean_providers_2026": 7.3571428571428568, "pct_capacity_improved": 1.0, "pct_quality_improved": 0.5, "pct_persistent_low": 0.7142857142857143, "persistence": "Persistently lowest-access", "county": "Henderson" }, "geometry": { "type": "Polygon", "coordinates": [ [ [ -82.369813804657454, 35.180588384951427 ], [ -82.394934298600191, 35.196544524601357 ], [ -82.39037103445331, 35.222076199889578 ], [ -82.360669398444514, 35.231649765899888 ], [ -82.33554453509926, 35.215686851032395 ], [ -82.340125674143891, 35.190157148281543 ], [ -82.369813804657454, 35.180588384951427 ] ] ] } },
{ "type": "Feature", "properties": { "hex_id": 1442, "n_locations": 43, "access_capacity_2023": 0.35149595897523284, "access_capacity_2026": 0.70470944381618783, "capacity_access_change": 0.35321348484095499, "quality_access_2023": 0.28261324534012078, "quality_access_2026": 0.58337591581564607, "quality_access_change": 0.30076267047552541, "mean_providers_2023": 26.441860465116278, "mean_providers_2026": 37.534883720930232, "pct_capacity_improved": 1.0, "pct_quality_improved": 1.0, "pct_persistent_low": 0.046511627906976744, "persistence": "Not in lowest-access decile", "county": "Henderson" }, "geometry": { "type": "Polygon", "coordinates": [ [ [ -82.356092624268271, 35.257179265518381 ], [ -82.381235379622908, 35.273137174597736 ], [ -82.37666298289524, 35.2986664827799 ], [ -82.34692991863929, 35.308235904941128 ], [ -82.321782790384134, 35.2922712016723 ], [ -82.326373096252112, 35.266743873350023 ], [ -82.356092624268271, 35.257179265518381 ] ] ] } },
{ "type": "Feature", "properties": { "hex_id": 1443, "n_locations": 139, "access_capacity_2023": 0.30015829309440167, "access_capacity_2026": 0.6486017653299887, "capacity_access_change": 0.34844347223558703, "quality_access_2023": 0.25006579266291112, "quality_access_2026": 0.55872430644784621, "quality_access_change": 0.30865851378493514, "mean_providers_2023": 25.223021582733811, "mean_providers_2026": 34.884892086330936, "pct_capacity_improved": 1.0, "pct_quality_improved": 1.0, "pct_persistent_low": 0.0, "persistence": "Not in lowest-access decile", "county": "Henderson" }, "geometry": { "type": "Polygon", "coordinates": [ [ [ -82.342343981119825, 35.333763053513643 ], [ -82.367509035674871, 35.349722762729257 ], [ -82.362927479114134, 35.3752497432776 ], [ -82.333162921474141, 35.384815030325527 ], [ -82.307993490526371, 35.368848507893155 ], [ -82.312592990565975, 35.343323514556651 ], [ -82.342343981119825, 35.333763053513643 ] ] ] } },
{ "type": "Feature", "properties": { "hex_id": 1444, "n_locations": 20, "access_capacity_2023": 0.080570887330791444, "access_capacity_2026": 0.21575459348691026, "capacity_access_change": 0.1351837061561188, "quality_access_2023": 0.071475306791318138, "quality_access_2026": 0.19784915819863177, "quality_access_change": 0.12637385140731364, "mean_providers_2023": 8.7, "mean_providers_2026": 12.65, "pct_capacity_improved": 1.0, "pct_quality_improved": 1.0, "pct_persistent_low": 0.4, "persistence": "Moved out of lowest-access decile", "county": "Henderson" }, "geometry": { "type": "Polygon", "coordinates": [ [ [ -82.328567793257207, 35.410339867352242 ], [ -82.353755184891611, 35.426301407498144 ], [ -82.349164441137788, 35.451826099970752 ], [ -82.319368324778296, 35.461387260639697 ], [ -82.29417655326489, 35.445418888193764 ], [ -82.29878527493257, 35.419896190314873 ], [ -82.328567793257207, 35.410339867352242 ] ] ] } },
{ "type": "Feature", "properties": { "hex_id": 1445, "n_locations": 31, "access_capacity_2023": 0.013008248124635451, "access_capacity_2026": 0.025380823954390858, "capacity_access_change": 0.0123725758297554, "quality_access_2023": 0.011936015886680983, "quality_access_2026": 0.024312802426128335, "quality_access_change": 0.012376786539447352, "mean_providers_2023": 1.096774193548387, "mean_providers_2026": 1.903225806451613, "pct_capacity_improved": 1.0, "pct_quality_improved": 0.80645161290322576, "pct_persistent_low": 1.0, "persistence": "Persistently lowest-access", "county": "Buncombe" }, "geometry": { "type": "Polygon", "coordinates": [ [ [ -82.314763978401487, 35.486909825707045 ], [ -82.339973745084862, 35.502873227665255 ], [ -82.335373786669606, 35.528395671706953 ], [ -82.305546046055909, 35.537952714729826 ], [ -82.280331896013251, 35.521982461331945 ], [ -82.284949866874086, 35.496462019295763 ], [ -82.314763978401487, 35.486909825707045 ] ] ] } },
{ "type": "Feature", "properties": { "hex_id": 1446, "n_locations": 32, "access_capacity_2023": 0.25621046672758652, "access_capacity_2026": 0.33316833884962394, "capacity_access_change": 0.076957872122037446, "quality_access_2023": 0.20142824376746019, "quality_access_2026": 0.28115709353265939, "quality_access_change": 0.079728849765199172, "mean_providers_2023": 19.5625, "mean_providers_2026": 22.96875, "pct_capacity_improved": 1.0, "pct_quality_improved": 1.0, "pct_persistent_low": 0.21875, "persistence": "Not in lowest-access decile", "county": "Buncombe" }, "geometry": { "type": "Polygon", "coordinates": [ [ [ -82.300932453948064, 35.563473047511458 ], [ -82.326164633740888, 35.579438342252885 ], [ -82.321555433087042, 35.604958577596499 ], [ -82.291696002484329, 35.614511511705061 ], [ -82.26645943585801, 35.598539346327598 ], [ -82.271086683586233, 35.573021120431541 ], [ -82.300932453948064, 35.563473047511458 ] ] ] } },
{ "type": "Feature", "properties": { "hex_id": 1449, "n_locations": 10, "access_capacity_2023": 0.0, "access_capacity_2026": 0.0, "capacity_access_change": 0.0, "quality_access_2023": 0.0, "quality_access_2026": 0.0, "quality_access_change": 0.0, "mean_providers_2023": 0.0, "mean_providers_2026": 0.0, "pct_capacity_improved": 0.0, "pct_quality_improved": 0.0, "pct_persistent_low": 1.0, "persistence": "Persistently lowest-access", "county": "Yancey" }, "geometry": { "type": "Polygon", "coordinates": [ [ [ -82.259270792036446, 35.793123486935208 ], [ -82.284570440433825, 35.809094646752591 ], [ -82.279933346504947, 35.834608495293466 ], [ -82.249978449513236, 35.844149155041094 ], [ -82.224674403897254, 35.828171066653546 ], [ -82.229329649373, 35.802659250069865 ], [ -82.259270792036446, 35.793123486935208 ] ] ] } },
{ "type": "Feature", "properties": { "hex_id": 1450, "n_locations": 56, "access_capacity_2023": 0.58471395809911508, "access_capacity_2026": 0.56341484966847943, "capacity_access_change": -0.021299108430635649, "quality_access_2023": 0.45081932960960353, "quality_access_2026": 0.36891013211715262, "quality_access_change": -0.081909197492450875, "mean_providers_2023": 8.9107142857142865, "mean_providers_2026": 8.8928571428571423, "pct_capacity_improved": 0.0, "pct_quality_improved": 0.0, "pct_persistent_low": 0.035714285714285712, "persistence": "Not in lowest-access decile", "county": "Yancey" }, "geometry": { "type": "Polygon", "coordinates": [ [ [ -82.245327596576189, 35.869660957198583 ], [ -82.27064981123948, 35.885634134587981 ], [ -82.266003363664353, 35.911145934261931 ], [ -82.236016511727357, 35.920682520014807 ], [ -82.210689896396531, 35.904702394627421 ], [ -82.215354530539258, 35.87919263447565 ], [ -82.245327596576189, 35.869660957198583 ] ] ] } },
{ "type": "Feature", "properties": { "hex_id": 1451, "n_locations": 18, "access_capacity_2023": 0.15112024615386549, "access_capacity_2026": 0.16080694106461657, "capacity_access_change": 0.0096866949107510848, "quality_access_2023": 0.13469243809838774, "quality_access_2026": 0.089798020591072975, "quality_access_change": -0.044894417507314759, "mean_providers_2023": 2.6666666666666665, "mean_providers_2026": 3.2222222222222223, "pct_capacity_improved": 1.0, "pct_quality_improved": 0.0, "pct_persistent_low": 0.5, "persistence": "Persistently lowest-access", "county": "Yancey" }, "geometry": { "type": "Polygon", "coordinates": [ [ [ -82.231356273553615, 35.946192289600752 ], [ -82.256701093001865, 35.962167515989876 ], [ -82.252045263651112, 35.987677306984999 ], [ -82.222026390021426, 35.997209827472297 ], [ -82.196677166463303, 35.98122763359823 ], [ -82.201351217501269, 35.955719889721657 ], [ -82.231356273553615, 35.946192289600752 ] ] ] } },
{ "type": "Feature", "properties": { "hex_id": 1452, "n_locations": 12, "access_capacity_2023": 0.17210854507187481, "access_capacity_2026": 0.18733944138284425, "capacity_access_change": 0.015230896310969445, "quality_access_2023": 0.16684999367232889, "quality_access_2026": 0.17012181052884978, "quality_access_change": 0.003271816856520881, "mean_providers_2023": 2.25, "mean_providers_2026": 3.083333333333333, "pct_capacity_improved": 1.0, "pct_quality_improved": 0.58333333333333337, "pct_persistent_low": 0.66666666666666663, "persistence": "Persistently lowest-access", "county": "Mitchell" }, "geometry": { "type": "Polygon", "coordinates": [ [ [ -82.217356738376097, 36.02271760470606 ], [ -82.242724201220838, 36.038694911616687 ], [ -82.238058961852957, 36.064202734215414 ], [ -82.208007999578328, 36.073731198166257 ], [ -82.182636129188012, 36.057746904224338 ], [ -82.18731962546191, 36.032241136372022 ], [ -82.217356738376097, 36.02271760470606 ] ] ] } },
{ "type": "Feature", "properties": { "hex_id": 1453, "n_locations": 20, "access_capacity_2023": 0.0, "access_capacity_2026": 0.021661721068249259, "capacity_access_change": 0.021661721068249259, "quality_access_2023": 0.0, "quality_access_2026": 0.021661721068249259, "quality_access_change": 0.021661721068249259, "mean_providers_2023": 0.0, "mean_providers_2026": 0.2, "pct_capacity_improved": 1.0, "pct_quality_improved": 0.2, "pct_persistent_low": 1.0, "persistence": "Persistently lowest-access", "county": "Mitchell" }, "geometry": { "type": "Polygon", "coordinates": [ [ [ -82.203328906113924, 36.099237023361972 ], [ -82.228719051059457, 36.115216442410748 ], [ -82.224044373320353, 36.14072233699077 ], [ -82.193961255242669, 36.150246753134653 ], [ -82.168566699322625, 36.134260327448466 ], [ -82.173259669286182, 36.108756495274356 ], [ -82.203328906113924, 36.099237023361972 ] ] ] } },
{ "type": "Feature", "properties": { "hex_id": 1462, "n_locations": 52, "access_capacity_2023": 0.39097490851852845, "access_capacity_2026": 0.71492605287216549, "capacity_access_change": 0.32395114435363703, "quality_access_2023": 0.34548486542927481, "quality_access_2026": 0.60332858782826082, "quality_access_change": 0.25784372239898601, "mean_providers_2023": 24.788461538461537, "mean_providers_2026": 34.07692307692308, "pct_capacity_improved": 1.0, "pct_quality_improved": 0.98076923076923073, "pct_persistent_low": 0.038461538461538464, "persistence": "Not in lowest-access decile", "county": "Polk" }, "geometry": { "type": "Polygon", "coordinates": [ [ [ -82.33554453509926, 35.215686851032395 ], [ -82.360669398444514, 35.231649765899888 ], [ -82.356092624268271, 35.257179265518381 ], [ -82.326373096252112, 35.266743873350023 ], [ -82.301243872585545, 35.25077417361608 ], [ -82.305838534223753, 35.225246653829302 ], [ -82.33554453509926, 35.215686851032395 ] ] ] } },
{ "type": "Feature", "properties": { "hex_id": 1463, "n_locations": 15, "access_capacity_2023": 0.11806437477742243, "access_capacity_2026": 0.23628540926818359, "capacity_access_change": 0.11822103449076113, "quality_access_2023": 0.10026804805249613, "quality_access_2026": 0.20280792341788501, "quality_access_change": 0.10253987536538886, "mean_providers_2023": 11.066666666666666, "mean_providers_2026": 16.333333333333332, "pct_capacity_improved": 1.0, "pct_quality_improved": 1.0, "pct_persistent_low": 0.26666666666666666, "persistence": "Moved out of lowest-access decile", "county": "Henderson" }, "geometry": { "type": "Polygon", "coordinates": [ [ [ -82.321782790384134, 35.2922712016723 ], [ -82.34692991863929, 35.308235904941128 ], [ -82.342343981119825, 35.333763053513643 ], [ -82.312592990565975, 35.343323514556651 ], [ -82.287441498527386, 35.327352007422611 ], [ -82.29204535778139, 35.301826846031901 ], [ -82.321782790384134, 35.2922712016723 ] ] ] } },
{ "type": "Feature", "properties": { "hex_id": 1464, "n_locations": 46, "access_capacity_2023": 0.092542583231147821, "access_capacity_2026": 0.26531796523357271, "capacity_access_change": 0.1727753820024249, "quality_access_2023": 0.081969119785147246, "quality_access_2026": 0.23413532239012011, "quality_access_change": 0.15216620260497285, "mean_providers_2023": 9.8260869565217401, "mean_providers_2026": 15.782608695652174, "pct_capacity_improved": 1.0, "pct_quality_improved": 1.0, "pct_persistent_low": 0.32608695652173914, "persistence": "Moved out of lowest-access decile", "county": "Henderson" }, "geometry": { "type": "Polygon", "coordinates": [ [ [ -82.307993490526371, 35.368848507893155 ], [ -82.333162921474141, 35.384815030325527 ], [ -82.328567793257207, 35.410339867352242 ], [ -82.29878527493257, 35.419896190314873 ], [ -82.273611476745231, 35.403922844962665 ], [ -82.278224561065358, 35.378400002497628 ], [ -82.307993490526371, 35.368848507893155 ] ] ] } },
{ "type": "Feature", "properties": { "hex_id": 1467, "n_locations": 34, "access_capacity_2023": 0.50225830684292661, "access_capacity_2026": 0.66380901807115966, "capacity_access_change": 0.16155071122823306, "quality_access_2023": 0.41226898910290938, "quality_access_2026": 0.59123953391343098, "quality_access_change": 0.17897054481052158, "mean_providers_2023": 33.588235294117645, "mean_providers_2026": 38.647058823529413, "pct_capacity_improved": 1.0, "pct_quality_improved": 1.0, "pct_persistent_low": 0.0, "persistence": "Not in lowest-access decile", "county": "McDowell" }, "geometry": { "type": "Polygon", "coordinates": [ [ [ -82.26645943585801, 35.598539346327598 ], [ -82.291696002484329, 35.614511511705061 ], [ -82.287073136965034, 35.640029651962983 ], [ -82.257195641936676, 35.649573612918424 ], [ -82.231954697739241, 35.633594567119118 ], [ -82.236595623048061, 35.608078443743061 ], [ -82.26645943585801, 35.598539346327598 ] ] ] } },
{ "type": "Feature", "properties": { "hex_id": 1470, "n_locations": 41, "access_capacity_2023": 0.20197276479143808, "access_capacity_2026": 0.21223939896066463, "capacity_access_change": 0.010266634169226558, "quality_access_2023": 0.17040715224774472, "quality_access_2026": 0.13443329968500581, "quality_access_change": -0.035973852562738932, "mean_providers_2023": 4.1951219512195124, "mean_providers_2026": 4.6829268292682924, "pct_capacity_improved": 1.0, "pct_quality_improved": 0.097560975609756101, "pct_persistent_low": 0.24390243902439024, "persistence": "Not in lowest-access decile", "county": "Yancey" }, "geometry": { "type": "Polygon", "coordinates": [ [ [ -82.224674403897254, 35.828171066653546 ], [ -82.249978449513236, 35.844149155041094 ], [ -82.245327596576189, 35.869660957198583 ], [ -82.215354530539258, 35.87919263447565 ], [ -82.190046097077854, 35.863207607647524 ], [ -82.194715114368549, 35.837697844967238 ], [ -82.224674403897254, 35.828171066653546 ] ] ] } },
{ "type": "Feature", "properties": { "hex_id": 1471, "n_locations": 40, "access_capacity_2023": 0.43707888859076804, "access_capacity_2026": 0.45744866881427626, "capacity_access_change": 0.020369780223508153, "quality_access_2023": 0.34538992752946407, "quality_access_2026": 0.29416546978297725, "quality_access_change": -0.051224457746486776, "mean_providers_2023": 7.425, "mean_providers_2026": 8.175, "pct_capacity_improved": 1.0, "pct_quality_improved": 0.1, "pct_persistent_low": 0.1, "persistence": "Not in lowest-access decile", "county": "Yancey" }, "geometry": { "type": "Polygon", "coordinates": [ [ [ -82.210689896396531, 35.904702394627421 ], [ -82.236016511727357, 35.920682520014807 ], [ -82.231356273553615, 35.946192289600752 ], [ -82.201351217501269, 35.955719889721657 ], [ -82.176020210913435, 35.939732806437171 ], [ -82.180698648492253, 35.914225083922403 ], [ -82.210689896396531, 35.904702394627421 ] ] ] } },
{ "type": "Feature", "properties": { "hex_id": 1472, "n_locations": 17, "access_capacity_2023": 0.19312206361993769, "access_capacity_2026": 0.21967069250878168, "capacity_access_change": 0.026548628888844, "quality_access_2023": 0.17886242898853996, "quality_access_2026": 0.20428373030471211, "quality_access_change": 0.025421301316172151, "mean_providers_2023": 1.9411764705882351, "mean_providers_2026": 3.0588235294117645, "pct_capacity_improved": 1.0, "pct_quality_improved": 0.52941176470588236, "pct_persistent_low": 0.47058823529411764, "persistence": "Not in lowest-access decile", "county": "Mitchell" }, "geometry": { "type": "Polygon", "coordinates": [ [ [ -82.196677166463303, 35.98122763359823 ], [ -82.222026390021426, 35.997209827472297 ], [ -82.217356738376097, 36.02271760470606 ], [ -82.18731962546191, 36.032241136372022 ], [ -82.161966007241929, 36.016251965085253 ], [ -82.166653893442728, 35.990746242548028 ], [ -82.196677166463303, 35.98122763359823 ] ] ] } },
{ "type": "Feature", "properties": { "hex_id": 1473, "n_locations": 19, "access_capacity_2023": 0.039996345029239766, "access_capacity_2026": 0.069495609658629859, "capacity_access_change": 0.0294992646293901, "quality_access_2023": 0.039996345029239766, "quality_access_2026": 0.069495609658629859, "quality_access_change": 0.0294992646293901, "mean_providers_2023": 0.42105263157894746, "mean_providers_2026": 0.94736842105263153, "pct_capacity_improved": 1.0, "pct_quality_improved": 0.52631578947368418, "pct_persistent_low": 1.0, "persistence": "Persistently lowest-access", "county": "Mitchell" }, "geometry": { "type": "Polygon", "coordinates": [ [ [ -82.182636129188012, 36.057746904224338 ], [ -82.208007999578328, 36.073731198166257 ], [ -82.203328906113924, 36.099237023361972 ], [ -82.173259669286182, 36.108756495274356 ], [ -82.147883400835994, 36.092765204344438 ], [ -82.152580764105593, 36.067261441502346 ], [ -82.182636129188012, 36.057746904224338 ] ] ] } },
{ "type": "Feature", "properties": { "hex_id": 1484, "n_locations": 13, "access_capacity_2023": 0.015915767528529072, "access_capacity_2026": 0.045986406125015443, "capacity_access_change": 0.030070638596486367, "quality_access_2023": 0.015072194385872427, "quality_access_2026": 0.044418840893842799, "quality_access_change": 0.029346646507970368, "mean_providers_2023": 1.6923076923076923, "mean_providers_2026": 2.1538461538461537, "pct_capacity_improved": 1.0, "pct_quality_improved": 0.46153846153846156, "pct_persistent_low": 1.0, "persistence": "Persistently lowest-access", "county": "Polk" }, "geometry": { "type": "Polygon", "coordinates": [ [ [ -82.287441498527386, 35.327352007422611 ], [ -82.312592990565975, 35.343323514556651 ], [ -82.307993490526371, 35.368848507893155 ], [ -82.278224561065358, 35.378400002497628 ], [ -82.253068714394445, 35.362421681813217 ], [ -82.257686148760811, 35.336898682998658 ], [ -82.287441498527386, 35.327352007422611 ] ] ] } },
{ "type": "Feature", "properties": { "hex_id": 1486, "n_locations": 10, "access_capacity_2023": 0.0029771749917300674, "access_capacity_2026": 0.004000334254192087, "capacity_access_change": 0.0010231592624620172, "quality_access_2023": 0.0, "quality_access_2026": 0.0024307900067521947, "quality_access_change": 0.0024307900067521947, "mean_providers_2023": 0.2, "mean_providers_2026": 0.3, "pct_capacity_improved": 1.0, "pct_quality_improved": 0.2, "pct_persistent_low": 1.0, "persistence": "Persistently lowest-access", "county": "Buncombe" }, "geometry": { "type": "Polygon", "coordinates": [ [ [ -82.259753724671029, 35.480486804819321 ], [ -82.284949866874086, 35.496462019295763 ], [ -82.280331896013251, 35.521982461331945 ], [ -82.250499776648255, 35.531525682465876 ], [ -82.225299272979271, 35.515543616219155 ], [ -82.229935247060936, 35.490025183550543 ], [ -82.259753724671029, 35.480486804819321 ] ] ] } },
{ "type": "Feature", "properties": { "hex_id": 1490, "n_locations": 30, "access_capacity_2023": 0.1054413867710971, "access_capacity_2026": 0.11963995047689521, "capacity_access_change": 0.014198563705798114, "quality_access_2023": 0.092847340272652026, "quality_access_2026": 0.053821149407201854, "quality_access_change": -0.039026190865450165, "mean_providers_2023": 2.2666666666666666, "mean_providers_2026": 2.5666666666666669, "pct_capacity_improved": 1.0, "pct_quality_improved": 0.1, "pct_persistent_low": 0.8, "persistence": "Persistently lowest-access", "county": "Yancey" }, "geometry": { "type": "Polygon", "coordinates": [ [ [ -82.204043750624336, 35.786676248246067 ], [ -82.229329649373, 35.802659250069865 ], [ -82.224674403897254, 35.828171066653546 ], [ -82.194715114368549, 35.837697844967238 ], [ -82.169424840563721, 35.821707914248982 ], [ -82.174098228214248, 35.796198137089661 ], [ -82.204043750624336, 35.786676248246067 ] ] ] } },
{ "type": "Feature", "properties": { "hex_id": 1491, "n_locations": 67, "access_capacity_2023": 0.57610507036913372, "access_capacity_2026": 0.60958477690553847, "capacity_access_change": 0.033479706536404787, "quality_access_2023": 0.45461206176183344, "quality_access_2026": 0.41704977692205347, "quality_access_change": -0.037562284839779941, "mean_providers_2023": 9.5820895522388057, "mean_providers_2026": 10.776119402985074, "pct_capacity_improved": 1.0, "pct_quality_improved": 0.2537313432835821, "pct_persistent_low": 0.0, "persistence": "Not in lowest-access decile", "county": "Yancey" }, "geometry": { "type": "Polygon", "coordinates": [ [ [ -82.190046097077854, 35.863207607647524 ], [ -82.215354530539258, 35.87919263447565 ], [ -82.210689896396531, 35.904702394627421 ], [ -82.180698648492253, 35.914225083922403 ], [ -82.155385836593737, 35.898233108773653 ], [ -82.160068647894661, 35.872725395637801 ], [ -82.190046097077854, 35.863207607647524 ] ] ] } },
{ "type": "Feature", "properties": { "hex_id": 1492, "n_locations": 25, "access_capacity_2023": 0.19452382283863304, "access_capacity_2026": 0.20678558677608946, "capacity_access_change": 0.012261763937456434, "quality_access_2023": 0.17341235895157231, "quality_access_2026": 0.1838614024264506, "quality_access_change": 0.010449043474878277, "mean_providers_2023": 2.68, "mean_providers_2026": 3.48, "pct_capacity_improved": 1.0, "pct_quality_improved": 0.68, "pct_persistent_low": 0.56, "persistence": "Persistently lowest-access", "county": "Mitchell" }, "geometry": { "type": "Polygon", "coordinates": [ [ [ -82.176020210913435, 35.939732806437171 ], [ -82.201351217501269, 35.955719889721657 ], [ -82.196677166463303, 35.98122763359823 ], [ -82.166653893442728, 35.990746242548028 ], [ -82.141318505043657, 35.97475219145776 ], [ -82.146010768321929, 35.949246502220063 ], [ -82.176020210913435, 35.939732806437171 ] ] ] } },
{ "type": "Feature", "properties": { "hex_id": 1493, "n_locations": 22, "access_capacity_2023": 0.32211071498814126, "access_capacity_2026": 0.34233915315254804, "capacity_access_change": 0.020228438164406788, "quality_access_2023": 0.30167488858884434, "quality_access_2026": 0.33356379627801763, "quality_access_change": 0.031888907689173282, "mean_providers_2023": 2.7727272727272725, "mean_providers_2026": 4.1818181818181817, "pct_capacity_improved": 1.0, "pct_quality_improved": 0.95454545454545459, "pct_persistent_low": 0.045454545454545456, "persistence": "Not in lowest-access decile", "county": "Mitchell" }, "geometry": { "type": "Polygon", "coordinates": [ [ [ -82.161966007241929, 36.016251965085253 ], [ -82.18731962546191, 36.032241136372022 ], [ -82.182636129188012, 36.057746904224338 ], [ -82.152580764105593, 36.067261441502346 ], [ -82.127222760707156, 36.051265282865202 ], [ -82.131924504402548, 36.025761577306326 ], [ -82.161966007241929, 36.016251965085253 ] ] ] } },
{ "type": "Feature", "properties": { "hex_id": 1503, "n_locations": 26, "access_capacity_2023": 0.33132135506247445, "access_capacity_2026": 0.59533595515491256, "capacity_access_change": 0.26401460009243816, "quality_access_2023": 0.31959063832112533, "quality_access_2026": 0.53496104367033848, "quality_access_change": 0.21537040534921309, "mean_providers_2023": 8.3461538461538467, "mean_providers_2026": 11.307692307692308, "pct_capacity_improved": 1.0, "pct_quality_improved": 1.0, "pct_persistent_low": 0.0, "persistence": "Not in lowest-access decile", "county": "Polk" }, "geometry": { "type": "Polygon", "coordinates": [ [ [ -82.280727193468437, 35.209271955210937 ], [ -82.305838534223753, 35.225246653829302 ], [ -82.301243872585545, 35.25077417361608 ], [ -82.27151998880079, 35.260325010595317 ], [ -82.246404309384531, 35.244343526782991 ], [ -82.251016849370615, 35.218817994094607 ], [ -82.280727193468437, 35.209271955210937 ] ] ] } },
{ "type": "Feature", "properties": { "hex_id": 1508, "n_locations": 41, "access_capacity_2023": 0.52584521381242422, "access_capacity_2026": 0.73894383482049475, "capacity_access_change": 0.21309862100807045, "quality_access_2023": 0.45837155554815584, "quality_access_2026": 0.64914511853277179, "quality_access_change": 0.19077356298461598, "mean_providers_2023": 21.219512195121951, "mean_providers_2026": 27.536585365853661, "pct_capacity_improved": 1.0, "pct_quality_improved": 1.0, "pct_persistent_low": 0.024390243902439025, "persistence": "Not in lowest-access decile", "county": "McDowell" }, "geometry": { "type": "Polygon", "coordinates": [ [ [ -82.211372733998644, 35.592094458182373 ], [ -82.236595623048061, 35.608078443743061 ], [ -82.231954697739241, 35.633594567119118 ], [ -82.202072829783319, 35.64312468360972 ], [ -82.176845585155462, 35.627133817306955 ], [ -82.181504560957904, 35.601619718209385 ], [ -82.211372733998644, 35.592094458182373 ] ] ] } },
{ "type": "Feature", "properties": { "hex_id": 1511, "n_locations": 28, "access_capacity_2023": 0.13965986601284192, "access_capacity_2026": 0.14048199040156001, "capacity_access_change": 0.00082212438871810483, "quality_access_2023": 0.11960934914970733, "quality_access_2026": 0.080610533563905407, "quality_access_change": -0.03899881558580192, "mean_providers_2023": 2.8928571428571432, "mean_providers_2026": 2.9642857142857144, "pct_capacity_improved": 1.0, "pct_quality_improved": 0.071428571428571425, "pct_persistent_low": 0.5357142857142857, "persistence": "Persistently lowest-access", "county": "Yancey" }, "geometry": { "type": "Polygon", "coordinates": [ [ [ -82.169424840563721, 35.821707914248982 ], [ -82.194715114368549, 35.837697844967238 ], [ -82.190046097077854, 35.863207607647524 ], [ -82.160068647894661, 35.872725395637801 ], [ -82.134774008439706, 35.856728526163764 ], [ -82.139461180676889, 35.831220810436299 ], [ -82.169424840563721, 35.821707914248982 ] ] ] } },
{ "type": "Feature", "properties": { "hex_id": 1512, "n_locations": 29, "access_capacity_2023": 0.53221519689768115, "access_capacity_2026": 0.61519040190757213, "capacity_access_change": 0.082975205009890945, "quality_access_2023": 0.43577889212214854, "quality_access_2026": 0.4458706397001051, "quality_access_change": 0.010091747577956575, "mean_providers_2023": 8.4137931034482758, "mean_providers_2026": 10.827586206896552, "pct_capacity_improved": 1.0, "pct_quality_improved": 0.72413793103448276, "pct_persistent_low": 0.0, "persistence": "Not in lowest-access decile", "county": "Mitchell" }, "geometry": { "type": "Polygon", "coordinates": [ [ [ -82.155385836593737, 35.898233108773653 ], [ -82.180698648492253, 35.914225083922403 ], [ -82.176020210913435, 35.939732806437171 ], [ -82.146010768321929, 35.949246502220063 ], [ -82.120693587429756, 35.9332475688608 ], [ -82.125390214969059, 35.907741900919369 ], [ -82.155385836593737, 35.898233108773653 ] ] ] } },
{ "type": "Feature", "properties": { "hex_id": 1513, "n_locations": 61, "access_capacity_2023": 0.41637775189120957, "access_capacity_2026": 0.497305061719099, "capacity_access_change": 0.080927309827889482, "quality_access_2023": 0.36592035721029642, "quality_access_2026": 0.44759296674917992, "quality_access_change": 0.081672609538883501, "mean_providers_2023": 3.6721311475409837, "mean_providers_2026": 6.2950819672131146, "pct_capacity_improved": 1.0, "pct_quality_improved": 1.0, "pct_persistent_low": 0.049180327868852458, "persistence": "Not in lowest-access decile", "county": "Mitchell" }, "geometry": { "type": "Polygon", "coordinates": [ [ [ -82.141318505043657, 35.97475219145776 ], [ -82.166653893442728, 35.990746242548028 ], [ -82.161966007241929, 36.016251965085253 ], [ -82.131924504402548, 36.025761577306326 ], [ -82.106584743673295, 36.009760548491698 ], [ -82.111290854947356, 35.984256888179921 ], [ -82.141318505043657, 35.97475219145776 ] ] ] } },
{ "type": "Feature", "properties": { "hex_id": 1523, "n_locations": 34, "access_capacity_2023": 0.30944538243192976, "access_capacity_2026": 0.59949735201966947, "capacity_access_change": 0.29005196958773971, "quality_access_2023": 0.30944538243192976, "quality_access_2026": 0.5452102134354222, "quality_access_change": 0.23576483100349246, "mean_providers_2023": 2.5, "mean_providers_2026": 4.4705882352941178, "pct_capacity_improved": 1.0, "pct_quality_improved": 1.0, "pct_persistent_low": 0.0, "persistence": "Not in lowest-access decile", "county": null }, "geometry": { "type": "Polygon", "coordinates": [ [ [ -82.260232718843071, 35.167764532326331 ], [ -82.28532619833058, 35.183744232255883 ], [ -82.280727193468437, 35.209271955210937 ], [ -82.251016849370615, 35.218817994094607 ], [ -82.225919043735573, 35.202831518290857 ], [ -82.230535905303185, 35.177305782380927 ], [ -82.260232718843071, 35.167764532326331 ] ] ] } },
{ "type": "Feature", "properties": { "hex_id": 1524, "n_locations": 15, "access_capacity_2023": 0.40604149668510958, "access_capacity_2026": 0.68680546580936064, "capacity_access_change": 0.28076396912425111, "quality_access_2023": 0.3831639976689582, "quality_access_2026": 0.61584829421855558, "quality_access_change": 0.23268429654959738, "mean_providers_2023": 13.133333333333333, "mean_providers_2026": 17.333333333333332, "pct_capacity_improved": 1.0, "pct_quality_improved": 1.0, "pct_persistent_low": 0.2, "persistence": "Not in lowest-access decile", "county": "Polk" }, "geometry": { "type": "Polygon", "coordinates": [ [ [ -82.246404309384531, 35.244343526782991 ], [ -82.27151998880079, 35.260325010595317 ], [ -82.266911782908608, 35.285850351773668 ], [ -82.237170003669348, 35.295392217632546 ], [ -82.212049994739161, 35.279403938976955 ], [ -82.216676091507509, 35.253880592217676 ], [ -82.246404309384531, 35.244343526782991 ] ] ] } },
{ "type": "Feature", "properties": { "hex_id": 1528, "n_locations": 41, "access_capacity_2023": 0.21663118209501708, "access_capacity_2026": 0.28853382740107419, "capacity_access_change": 0.071902645306057153, "quality_access_2023": 0.17429788091899781, "quality_access_2026": 0.26378399592919211, "quality_access_change": 0.089486115010194323, "mean_providers_2023": 9.0487804878048781, "mean_providers_2026": 11.121951219512194, "pct_capacity_improved": 1.0, "pct_quality_improved": 0.90243902439024393, "pct_persistent_low": 0.36585365853658536, "persistence": "Not in lowest-access decile", "county": "McDowell" }, "geometry": { "type": "Polygon", "coordinates": [ [ [ -82.190813163663123, 35.55058932135595 ], [ -82.216018019539916, 35.566578249122109 ], [ -82.211372733998644, 35.592094458182373 ], [ -82.181504560957904, 35.601619718209385 ], [ -82.156295362165935, 35.585623919165229 ], [ -82.160958676226556, 35.56010973431956 ], [ -82.190813163663123, 35.55058932135595 ] ] ] } },
{ "type": "Feature", "properties": { "hex_id": 1529, "n_locations": 43, "access_capacity_2023": 0.56678041418183145, "access_capacity_2026": 0.79406693486846636, "capacity_access_change": 0.22728652068663488, "quality_access_2023": 0.49864485631467464, "quality_access_2026": 0.69589011889976626, "quality_access_change": 0.19724526258509162, "mean_providers_2023": 22.465116279069768, "mean_providers_2026": 28.674418604651162, "pct_capacity_improved": 1.0, "pct_quality_improved": 1.0, "pct_persistent_low": 0.0, "persistence": "Not in lowest-access decile", "county": "McDowell" }, "geometry": { "type": "Polygon", "coordinates": [ [ [ -82.176845585155462, 35.627133817306955 ], [ -82.202072829783319, 35.64312468360972 ], [ -82.197418204901183, 35.668638708822421 ], [ -82.167518269103596, 35.678159838949455 ], [ -82.14228667822681, 35.662162082118343 ], [ -82.14695936628091, 35.636650088645169 ], [ -82.176845585155462, 35.627133817306955 ] ] ] } },
{ "type": "Feature", "properties": { "hex_id": 1532, "n_locations": 30, "access_capacity_2023": 0.64226182961745459, "access_capacity_2026": 0.71379526249365566, "capacity_access_change": 0.071533432876200981, "quality_access_2023": 0.52764633327392796, "quality_access_2026": 0.52458254857919906, "quality_access_change": -0.0030637846947288716, "mean_providers_2023": 9.2, "mean_providers_2026": 11.733333333333333, "pct_capacity_improved": 1.0, "pct_quality_improved": 0.46666666666666667, "pct_persistent_low": 0.033333333333333333, "persistence": "Not in lowest-access decile", "county": "Mitchell" }, "geometry": { "type": "Polygon", "coordinates": [ [ [ -82.134774008439706, 35.856728526163764 ], [ -82.160068647894661, 35.872725395637801 ], [ -82.155385836593737, 35.898233108773653 ], [ -82.125390214969059, 35.907741900919369 ], [ -82.100091219305128, 35.891738082818684 ], [ -82.104792198321931, 35.866232424182932 ], [ -82.134774008439706, 35.856728526163764 ] ] ] } },
{ "type": "Feature", "properties": { "hex_id": 1533, "n_locations": 40, "access_capacity_2023": 0.49996071961877703, "access_capacity_2026": 0.59055529367077753, "capacity_access_change": 0.090594574052000526, "quality_access_2023": 0.42233740023382949, "quality_access_2026": 0.48066107879474446, "quality_access_change": 0.058323678560914957, "mean_providers_2023": 6.15, "mean_providers_2026": 8.9, "pct_capacity_improved": 1.0, "pct_quality_improved": 1.0, "pct_persistent_low": 0.025, "persistence": "Not in lowest-access decile", "county": "Mitchell" }, "geometry": { "type": "Polygon", "coordinates": [ [ [ -82.120693587429756, 35.9332475688608 ], [ -82.146010768321929, 35.949246502220063 ], [ -82.141318505043657, 35.97475219145776 ], [ -82.111290854947356, 35.984256888179921 ], [ -82.085969314540264, 35.968250986710594 ], [ -82.090679780578938, 35.942747359622416 ], [ -82.120693587429756, 35.9332475688608 ] ] ] } },
{ "type": "Feature", "properties": { "hex_id": 1534, "n_locations": 10, "access_capacity_2023": 0.170875, "access_capacity_2026": 0.21549875476314895, "capacity_access_change": 0.044623754763148935, "quality_access_2023": 0.170875, "quality_access_2026": 0.21549875476314895, "quality_access_change": 0.044623754763148941, "mean_providers_2023": 1.9, "mean_providers_2026": 2.9, "pct_capacity_improved": 1.0, "pct_quality_improved": 1.0, "pct_persistent_low": 0.1, "persistence": "Moved out of lowest-access decile", "county": "Mitchell" }, "geometry": { "type": "Polygon", "coordinates": [ [ [ -82.106584743673295, 36.009760548491698 ], [ -82.131924504402548, 36.025761577306326 ], [ -82.127222760707156, 36.051265282865202 ], [ -82.097163015200664, 36.060765892781212 ], [ -82.07181889165777, 36.044757876313874 ], [ -82.076538873256951, 36.019256240585811 ], [ -82.106584743673295, 36.009760548491698 ] ] ] } },
{ "type": "Feature", "properties": { "hex_id": 1544, "n_locations": 53, "access_capacity_2023": 0.37466139648573138, "access_capacity_2026": 0.70057241440184093, "capacity_access_change": 0.32591101791610955, "quality_access_2023": 0.36755061039321718, "quality_access_2026": 0.63604840154297648, "quality_access_change": 0.2684977911497593, "mean_providers_2023": 6.3018867924528275, "mean_providers_2026": 9.3773584905660385, "pct_capacity_improved": 1.0, "pct_quality_improved": 1.0, "pct_persistent_low": 0.0, "persistence": "Not in lowest-access decile", "county": "Polk" }, "geometry": { "type": "Polygon", "coordinates": [ [ [ -82.225919043735573, 35.202831518290857 ], [ -82.251016849370615, 35.218817994094607 ], [ -82.246404309384531, 35.244343526782991 ], [ -82.216676091507509, 35.253880592217676 ], [ -82.191573968869861, 35.237887330908315 ], [ -82.196204378057857, 35.2123637925759 ], [ -82.225919043735573, 35.202831518290857 ] ] ] } },
{ "type": "Feature", "properties": { "hex_id": 1545, "n_locations": 11, "access_capacity_2023": 0.12098485637335081, "access_capacity_2026": 0.19514788736183453, "capacity_access_change": 0.074163030988483716, "quality_access_2023": 0.12098485637335081, "quality_access_2026": 0.18497839583641079, "quality_access_change": 0.063993539463059995, "mean_providers_2023": 2.0909090909090908, "mean_providers_2026": 3.4545454545454546, "pct_capacity_improved": 1.0, "pct_quality_improved": 1.0, "pct_persistent_low": 0.63636363636363635, "persistence": "Persistently lowest-access", "county": "Polk" }, "geometry": { "type": "Polygon", "coordinates": [ [ [ -82.212049994739161, 35.279403938976955 ], [ -82.237170003669348, 35.295392217632546 ], [ -82.232548231830904, 35.320915384548904 ], [ -82.202788544593915, 35.330448273966745 ], [ -82.17766421533085, 35.314453190809438 ], [ -82.182303890571632, 35.288932025650816 ], [ -82.212049994739161, 35.279403938976955 ] ] ] } },
{ "type": "Feature", "properties": { "hex_id": 1546, "n_locations": 33, "access_capacity_2023": 0.16667840651371274, "access_capacity_2026": 0.17187720105825752, "capacity_access_change": 0.005198794544544764, "quality_access_2023": 0.16667840651371274, "quality_access_2026": 0.17187720105825752, "quality_access_change": 0.0051987945445447674, "mean_providers_2023": 1.9393939393939394, "mean_providers_2026": 2.4848484848484849, "pct_capacity_improved": 1.0, "pct_quality_improved": 0.54545454545454541, "pct_persistent_low": 0.060606060606060608, "persistence": "Not in lowest-access decile", "county": "Polk" }, "geometry": { "type": "Polygon", "coordinates": [ [ [ -82.19815318508499, 35.355969270958482 ], [ -82.223295434888882, 35.371959383276078 ], [ -82.218664403651815, 35.397480223860974 ], [ -82.188873181834168, 35.407008945862692 ], [ -82.163726608373608, 35.391012009991897 ], [ -82.168375577309234, 35.365493178596289 ], [ -82.19815318508499, 35.355969270958482 ] ] ] } },
{ "type": "Feature", "properties": { "hex_id": 1547, "n_locations": 12, "access_capacity_2023": 0.054945054945054944, "access_capacity_2026": 0.0510204081632653, "capacity_access_change": -0.0039246467817896412, "quality_access_2023": 0.054945054945054944, "quality_access_2026": 0.051020408163265307, "quality_access_change": -0.0039246467817896412, "mean_providers_2023": 0.83333333333333326, "mean_providers_2026": 0.83333333333333326, "pct_capacity_improved": 0.0, "pct_quality_improved": 0.0, "pct_persistent_low": 1.0, "persistence": "Persistently lowest-access", "county": "Rutherford" }, "geometry": { "type": "Polygon", "coordinates": [ [ [ -82.184228531935986, 35.432527632555377 ], [ -82.20939306028157, 35.448519609432481 ], [ -82.20475274199066, 35.474038163212398 ], [ -82.174929920172971, 35.483562726396649 ], [ -82.14976106485355, 35.467563906858672 ], [ -82.154419355235333, 35.442047369729814 ], [ -82.184228531935986, 35.432527632555377 ] ] ] } },
{ "type": "Feature", "properties": { "hex_id": 1548, "n_locations": 11, "access_capacity_2023": 0.022208456194170452, "access_capacity_2026": 0.027333358473994873, "capacity_access_change": 0.0051249022798244221, "quality_access_2023": 0.011943628586748843, "quality_access_2026": 0.025399775514078359, "quality_access_change": 0.013456146927329514, "mean_providers_2023": 1.4545454545454546, "mean_providers_2026": 1.5454545454545454, "pct_capacity_improved": 1.0, "pct_quality_improved": 0.63636363636363635, "pct_persistent_low": 1.0, "persistence": "Persistently lowest-access", "county": "McDowell" }, "geometry": { "type": "Polygon", "coordinates": [ [ [ -82.170275952127511, 35.509079142344874 ], [ -82.195462796772489, 35.525073014767742 ], [ -82.190813163663123, 35.55058932135595 ], [ -82.160958676226556, 35.56010973431956 ], [ -82.135767501297281, 35.544109000071813 ], [ -82.140435140986327, 35.518594717626691 ], [ -82.170275952127511, 35.509079142344874 ] ] ] } },
{ "type": "Feature", "properties": { "hex_id": 1549, "n_locations": 86, "access_capacity_2023": 0.43668156683251369, "access_capacity_2026": 0.63641267888351238, "capacity_access_change": 0.19973111205099869, "quality_access_2023": 0.37943515842321235, "quality_access_2026": 0.56026758844164248, "quality_access_change": 0.18083243001843011, "mean_providers_2023": 18.674418604651159, "mean_providers_2026": 24.174418604651159, "pct_capacity_improved": 1.0, "pct_quality_improved": 1.0, "pct_persistent_low": 0.0, "persistence": "Not in lowest-access decile", "county": "McDowell" }, "geometry": { "type": "Polygon", "coordinates": [ [ [ -82.156295362165935, 35.585623919165229 ], [ -82.181504560957904, 35.601619718209385 ], [ -82.176845585155462, 35.627133817306955 ], [ -82.14695936628091, 35.636650088645169 ], [ -82.121745833900988, 35.620647408555186 ], [ -82.126422850868693, 35.59513534112326 ], [ -82.156295362165935, 35.585623919165229 ] ] ] } },
{ "type": "Feature", "properties": { "hex_id": 1550, "n_locations": 13, "access_capacity_2023": 0.53852239147122727, "access_capacity_2026": 0.79440044665227438, "capacity_access_change": 0.25587805518104711, "quality_access_2023": 0.48382081649367126, "quality_access_2026": 0.70852042303555962, "quality_access_change": 0.22469960654188836, "mean_providers_2023": 20.076923076923077, "mean_providers_2026": 24.846153846153847, "pct_capacity_improved": 1.0, "pct_quality_improved": 1.0, "pct_persistent_low": 0.0, "persistence": "Not in lowest-access decile", "county": "McDowell" }, "geometry": { "type": "Polygon", "coordinates": [ [ [ -82.14228667822681, 35.662162082118343 ], [ -82.167518269103596, 35.678159838949455 ], [ -82.162849922622954, 35.703671770346602 ], [ -82.132931906290253, 35.713183908653001 ], [ -82.107695978528739, 35.697179251497786 ], [ -82.112382400857442, 35.671669359319722 ], [ -82.14228667822681, 35.662162082118343 ] ] ] } },
{ "type": "Feature", "properties": { "hex_id": 1552, "n_locations": 30, "access_capacity_2023": 0.098177959813826876, "access_capacity_2026": 0.14310293542594971, "capacity_access_change": 0.044924975612122824, "quality_access_2023": 0.070070627231560545, "quality_access_2026": 0.11426304760424369, "quality_access_change": 0.044192420372683137, "mean_providers_2023": 2.166666666666667, "mean_providers_2026": 3.666666666666667, "pct_capacity_improved": 1.0, "pct_quality_improved": 0.93333333333333335, "pct_persistent_low": 0.6333333333333333, "persistence": "Persistently lowest-access", "county": "Mitchell" }, "geometry": { "type": "Polygon", "coordinates": [ [ [ -82.114184691454938, 35.815219044169261 ], [ -82.139461180676889, 35.831220810436299 ], [ -82.134774008439706, 35.856728526163764 ], [ -82.104792198321931, 35.866232424182932 ], [ -82.079511365642844, 35.850223718861365 ], [ -82.084216683386558, 35.824718057552978 ], [ -82.114184691454938, 35.815219044169261 ] ] ] } },
{ "type": "Feature", "properties": { "hex_id": 1553, "n_locations": 94, "access_capacity_2023": 0.68767223330108085, "access_capacity_2026": 0.80345112340163261, "capacity_access_change": 0.11577889010055177, "quality_access_2023": 0.54824175787563656, "quality_access_2026": 0.61336915899556532, "quality_access_change": 0.065127401119928721, "mean_providers_2023": 9.4787234042553195, "mean_providers_2026": 12.48936170212766, "pct_capacity_improved": 1.0, "pct_quality_improved": 0.96808510638297873, "pct_persistent_low": 0.0, "persistence": "Not in lowest-access decile", "county": "Mitchell" }, "geometry": { "type": "Polygon", "coordinates": [ [ [ -82.100091219305128, 35.891738082818684 ], [ -82.125390214969059, 35.907741900919369 ], [ -82.120693587429756, 35.9332475688608 ], [ -82.090679780578938, 35.942747359622416 ], [ -82.065376438182369, 35.926736583014389 ], [ -82.070091246204598, 35.90123297713901 ], [ -82.100091219305128, 35.891738082818684 ] ] ] } },
{ "type": "Feature", "properties": { "hex_id": 1565, "n_locations": 99, "access_capacity_2023": 0.44409122063240275, "access_capacity_2026": 0.73749866299019928, "capacity_access_change": 0.29340744235779648, "quality_access_2023": 0.4207542521839735, "quality_access_2026": 0.66587980946102332, "quality_access_change": 0.24512555727704977, "mean_providers_2023": 12.525252525252526, "mean_providers_2026": 17.474747474747474, "pct_capacity_improved": 1.0, "pct_quality_improved": 1.0, "pct_persistent_low": 0.0, "persistence": "Not in lowest-access decile", "county": "Polk" }, "geometry": { "type": "Polygon", "coordinates": [ [ [ -82.191573968869861, 35.237887330908315 ], [ -82.216676091507509, 35.253880592217676 ], [ -82.212049994739161, 35.279403938976955 ], [ -82.182303890571632, 35.288932025650816 ], [ -82.157197460110226, 35.272931969195298 ], [ -82.161841438574811, 35.247410624120889 ], [ -82.191573968869861, 35.237887330908315 ] ] ] } },
{ "type": "Feature", "properties": { "hex_id": 1566, "n_locations": 11, "access_capacity_2023": 0.16367369120843131, "access_capacity_2026": 0.17764685971010694, "capacity_access_change": 0.013973168501675615, "quality_access_2023": 0.16367369120843131, "quality_access_2026": 0.17764685971010691, "quality_access_change": 0.013973168501675619, "mean_providers_2023": 2.0, "mean_providers_2026": 2.8181818181818183, "pct_capacity_improved": 1.0, "pct_quality_improved": 0.81818181818181823, "pct_persistent_low": 0.18181818181818182, "persistence": "Not in lowest-access decile", "county": "Polk" }, "geometry": { "type": "Polygon", "coordinates": [ [ [ -82.17766421533085, 35.314453190809438 ], [ -82.202788544593915, 35.330448273966745 ], [ -82.19815318508499, 35.355969270958482 ], [ -82.168375577309234, 35.365493178596289 ], [ -82.143246936928364, 35.34949128126987 ], [ -82.147900212363666, 35.323972293392472 ], [ -82.17766421533085, 35.314453190809438 ] ] ] } },
{ "type": "Feature", "properties": { "hex_id": 1567, "n_locations": 15, "access_capacity_2023": 0.11222546018872999, "access_capacity_2026": 0.10253589956305123, "capacity_access_change": -0.0096895606256787621, "quality_access_2023": 0.10948862430625164, "quality_access_2026": 0.088428311390625153, "quality_access_change": -0.021060312915626489, "mean_providers_2023": 1.9333333333333333, "mean_providers_2026": 1.6, "pct_capacity_improved": 0.0, "pct_quality_improved": 0.13333333333333333, "pct_persistent_low": 0.8, "persistence": "Persistently lowest-access", "county": "Rutherford" }, "geometry": { "type": "Polygon", "coordinates": [ [ [ -82.163726608373608, 35.391012009991897 ], [ -82.188873181834168, 35.407008945862692 ], [ -82.184228531935986, 35.432527632555377 ], [ -82.154419355235333, 35.442047369729814 ], [ -82.129268467369641, 35.426043600611138 ], [ -82.13393106752018, 35.400526930492376 ], [ -82.163726608373608, 35.391012009991897 ] ] ] } },
{ "type": "Feature", "properties": { "hex_id": 1570, "n_locations": 53, "access_capacity_2023": 0.56521153949689518, "access_capacity_2026": 0.7984987356032287, "capacity_access_change": 0.23328719610633344, "quality_access_2023": 0.5071833825182851, "quality_access_2026": 0.7066717601558109, "quality_access_change": 0.19948837763752586, "mean_providers_2023": 21.226415094339622, "mean_providers_2026": 26.867924528301888, "pct_capacity_improved": 1.0, "pct_quality_improved": 1.0, "pct_persistent_low": 0.0, "persistence": "Not in lowest-access decile", "county": "McDowell" }, "geometry": { "type": "Polygon", "coordinates": [ [ [ -82.121745833900988, 35.620647408555186 ], [ -82.14695936628091, 35.636650088645169 ], [ -82.14228667822681, 35.662162082118343 ], [ -82.112382400857442, 35.671669359319722 ], [ -82.087164544251493, 35.655659788406538 ], [ -82.091855286114495, 35.630149834068511 ], [ -82.121745833900988, 35.620647408555186 ] ] ] } },
{ "type": "Feature", "properties": { "hex_id": 1573, "n_locations": 55, "access_capacity_2023": 0.54892157152531618, "access_capacity_2026": 0.65898411521182354, "capacity_access_change": 0.11006254368650727, "quality_access_2023": 0.43071459195553646, "quality_access_2026": 0.50234074899887349, "quality_access_change": 0.071626157043337094, "mean_providers_2023": 7.7636363636363628, "mean_providers_2026": 10.563636363636364, "pct_capacity_improved": 1.0, "pct_quality_improved": 1.0, "pct_persistent_low": 0.0, "persistence": "Not in lowest-access decile", "county": "Mitchell" }, "geometry": { "type": "Polygon", "coordinates": [ [ [ -82.079511365642844, 35.850223718861365 ], [ -82.104792198321931, 35.866232424182932 ], [ -82.100091219305128, 35.891738082818684 ], [ -82.070091246204598, 35.90123297713901 ], [ -82.044806079542298, 35.885217322901354 ], [ -82.049525216799879, 35.85971372624018 ], [ -82.079511365642844, 35.850223718861365 ] ] ] } },
{ "type": "Feature", "properties": { "hex_id": 1574, "n_locations": 20, "access_capacity_2023": 0.30652610208217168, "access_capacity_2026": 0.3927647274287473, "capacity_access_change": 0.086238625346575601, "quality_access_2023": 0.22250155901050273, "quality_access_2026": 0.29435713305751654, "quality_access_change": 0.071855574047013787, "mean_providers_2023": 4.1, "mean_providers_2026": 6.35, "pct_capacity_improved": 1.0, "pct_quality_improved": 1.0, "pct_persistent_low": 0.15, "persistence": "Not in lowest-access decile", "county": "Mitchell" }, "geometry": { "type": "Polygon", "coordinates": [ [ [ -82.065376438182369, 35.926736583014389 ], [ -82.090679780578938, 35.942747359622416 ], [ -82.085969314540264, 35.968250986710594 ], [ -82.055937309681013, 35.97774177053001 ], [ -82.030629630063444, 35.961724025524298 ], [ -82.035358289349674, 35.936222468086854 ], [ -82.065376438182369, 35.926736583014389 ] ] ] } },
{ "type": "Feature", "properties": { "hex_id": 1575, "n_locations": 14, "access_capacity_2023": 0.17085514130720814, "access_capacity_2026": 0.19052225792223176, "capacity_access_change": 0.019667116615023624, "quality_access_2023": 0.13681333937176768, "quality_access_2026": 0.15268219241440956, "quality_access_change": 0.015868853042641892, "mean_providers_2023": 2.7857142857142856, "mean_providers_2026": 3.4285714285714284, "pct_capacity_improved": 1.0, "pct_quality_improved": 0.9285714285714286, "pct_persistent_low": 0.5, "persistence": "Persistently lowest-access", "county": "Avery" }, "geometry": { "type": "Polygon", "coordinates": [ [ [ -82.051212982849023, 36.003243361097134 ], [ -82.076538873256951, 36.019256240585811 ], [ -82.07181889165777, 36.044757876313874 ], [ -82.041754788108577, 36.054244558194029 ], [ -82.016424557249337, 36.038224690767009 ], [ -82.021162767201517, 36.012725132397435 ], [ -82.051212982849023, 36.003243361097134 ] ] ] } },
{ "type": "Feature", "properties": { "hex_id": 1576, "n_locations": 23, "access_capacity_2023": 0.01109243405227129, "access_capacity_2026": 0.010889629020284503, "capacity_access_change": -0.00020280503198678675, "quality_access_2023": 0.011092434052271291, "quality_access_2026": 0.010889629020284505, "quality_access_change": -0.00020280503198678675, "mean_providers_2023": 0.43478260869565222, "mean_providers_2026": 0.43478260869565222, "pct_capacity_improved": 0.0, "pct_quality_improved": 0.0, "pct_persistent_low": 1.0, "persistence": "Persistently lowest-access", "county": "Avery" }, "geometry": { "type": "Polygon", "coordinates": [ [ [ -82.037020913821934, 36.079744173671834 ], [ -82.062369390626472, 36.095759187730074 ], [ -82.057639864814462, 36.121258872380388 ], [ -82.027543595438573, 36.130741460882625 ], [ -82.002190774959999, 36.114719439285437 ], [ -82.006938564329531, 36.089221839733476 ], [ -82.037020913821934, 36.079744173671834 ] ] ] } },
{ "type": "Feature", "properties": { "hex_id": 1585, "n_locations": 20, "access_capacity_2023": 0.20708520296754343, "access_capacity_2026": 0.42696952129851101, "capacity_access_change": 0.21988431833096758, "quality_access_2023": 0.20585960524071392, "quality_access_2026": 0.3974918815085684, "quality_access_change": 0.19163227626785445, "mean_providers_2023": 3.6, "mean_providers_2026": 6.3, "pct_capacity_improved": 1.0, "pct_quality_improved": 1.0, "pct_persistent_low": 0.0, "persistence": "Not in lowest-access decile", "county": "Polk" }, "geometry": { "type": "Polygon", "coordinates": [ [ [ -82.171120120039561, 35.196365546157615 ], [ -82.196204378057857, 35.2123637925759 ], [ -82.191573968869861, 35.237887330908315 ], [ -82.161841438574811, 35.247410624120889 ], [ -82.136752885210072, 35.231405591901307 ], [ -82.14140115442224, 35.205884055173364 ], [ -82.171120120039561, 35.196365546157615 ] ] ] } },
{ "type": "Feature", "properties": { "hex_id": 1586, "n_locations": 32, "access_capacity_2023": 0.35420385421732042, "access_capacity_2026": 0.5091714016233917, "capacity_access_change": 0.15496754740607124, "quality_access_2023": 0.34282808949328347, "quality_access_2026": 0.4743029362674292, "quality_access_change": 0.13147484677414567, "mean_providers_2023": 7.3125, "mean_providers_2026": 8.15625, "pct_capacity_improved": 1.0, "pct_quality_improved": 1.0, "pct_persistent_low": 0.0, "persistence": "Not in lowest-access decile", "county": "Polk" }, "geometry": { "type": "Polygon", "coordinates": [ [ [ -82.157197460110226, 35.272931969195298 ], [ -82.182303890571632, 35.288932025650816 ], [ -82.17766421533085, 35.314453190809438 ], [ -82.147900212363666, 35.323972293392472 ], [ -82.122789483291413, 35.307965432141152 ], [ -82.127447052720541, 35.282446276014269 ], [ -82.157197460110226, 35.272931969195298 ] ] ] } },
{ "type": "Feature", "properties": { "hex_id": 1587, "n_locations": 33, "access_capacity_2023": 0.16523524764655043, "access_capacity_2026": 0.16234504231783906, "capacity_access_change": -0.0028902053287113492, "quality_access_2023": 0.16500199789437828, "quality_access_2026": 0.16020752895838056, "quality_access_change": -0.0047944689359977095, "mean_providers_2023": 2.0, "mean_providers_2026": 2.2424242424242422, "pct_capacity_improved": 0.0, "pct_quality_improved": 0.24242424242424243, "pct_persistent_low": 0.090909090909090912, "persistence": "Moved into lowest-access decile", "county": "Polk" }, "geometry": { "type": "Polygon", "coordinates": [ [ [ -82.143246936928364, 35.34949128126987 ], [ -82.168375577309234, 35.365493178596289 ], [ -82.163726608373608, 35.391012009991897 ], [ -82.13393106752018, 35.400526930492376 ], [ -82.108798125270823, 35.384518209320156 ], [ -82.113465022654594, 35.35900139441371 ], [ -82.143246936928364, 35.34949128126987 ] ] ] } },
{ "type": "Feature", "properties": { "hex_id": 1588, "n_locations": 12, "access_capacity_2023": 0.078825537098092369, "access_capacity_2026": 0.074148132235492117, "capacity_access_change": -0.0046774048626002391, "quality_access_2023": 0.077884753400083426, "quality_access_2026": 0.070847361551421878, "quality_access_change": -0.0070373918486615478, "mean_providers_2023": 1.75, "mean_providers_2026": 1.6666666666666667, "pct_capacity_improved": 0.0, "pct_quality_improved": 0.083333333333333329, "pct_persistent_low": 1.0, "persistence": "Persistently lowest-access", "county": "Rutherford" }, "geometry": { "type": "Polygon", "coordinates": [ [ [ -82.129268467369641, 35.426043600611138 ], [ -82.154419355235333, 35.442047369729814 ], [ -82.14976106485355, 35.467563906858672 ], [ -82.1199339207012, 35.477074653821447 ], [ -82.094778727716275, 35.461064041750944 ], [ -82.099454980901911, 35.435549528598884 ], [ -82.129268467369641, 35.426043600611138 ] ] ] } },
{ "type": "Feature", "properties": { "hex_id": 1589, "n_locations": 13, "access_capacity_2023": 0.097474771817842878, "access_capacity_2026": 0.11130997559419673, "capacity_access_change": 0.01383520377635384, "quality_access_2023": 0.091749435295285051, "quality_access_2026": 0.10613491629607869, "quality_access_change": 0.014385481000793642, "mean_providers_2023": 3.8461538461538463, "mean_providers_2026": 4.9230769230769234, "pct_capacity_improved": 1.0, "pct_quality_improved": 0.92307692307692313, "pct_persistent_low": 1.0, "persistence": "Persistently lowest-access", "county": "McDowell" }, "geometry": { "type": "Polygon", "coordinates": [ [ [ -82.115261967981226, 35.502589045705868 ], [ -82.140435140986327, 35.518594717626691 ], [ -82.135767501297281, 35.544109000071813 ], [ -82.105908688233981, 35.553615582039477 ], [ -82.080731206865835, 35.537603048004485 ], [ -82.085416843810748, 35.512090797054206 ], [ -82.115261967981226, 35.502589045705868 ] ] ] } },
{ "type": "Feature", "properties": { "hex_id": 1590, "n_locations": 27, "access_capacity_2023": 0.42125444617125746, "access_capacity_2026": 0.57588596279596882, "capacity_access_change": 0.15463151662471145, "quality_access_2023": 0.38258280011391349, "quality_access_2026": 0.50173200543134611, "quality_access_change": 0.11914920531743259, "mean_providers_2023": 16.555555555555557, "mean_providers_2026": 20.814814814814813, "pct_capacity_improved": 1.0, "pct_quality_improved": 1.0, "pct_persistent_low": 0.0, "persistence": "Not in lowest-access decile", "county": "McDowell" }, "geometry": { "type": "Polygon", "coordinates": [ [ [ -82.101227354980097, 35.579127735300965 ], [ -82.126422850868693, 35.59513534112326 ], [ -82.121745833900988, 35.620647408555186 ], [ -82.091855286114495, 35.630149834068511 ], [ -82.066655478626117, 35.614135346912853 ], [ -82.071350527398366, 35.588625318524429 ], [ -82.101227354980097, 35.579127735300965 ] ] ] } },
{ "type": "Feature", "properties": { "hex_id": 1591, "n_locations": 92, "access_capacity_2023": 0.55819888541311169, "access_capacity_2026": 0.81542707184720331, "capacity_access_change": 0.25722818643409162, "quality_access_2023": 0.51648848008752879, "quality_access_2026": 0.73233127565767475, "quality_access_change": 0.21584279557014599, "mean_providers_2023": 19.934782608695652, "mean_providers_2026": 25.217391304347824, "pct_capacity_improved": 1.0, "pct_quality_improved": 1.0, "pct_persistent_low": 0.010869565217391304, "persistence": "Not in lowest-access decile", "county": "McDowell" }, "geometry": { "type": "Polygon", "coordinates": [ [ [ -82.087164544251493, 35.655659788406538 ], [ -82.112382400857442, 35.671669359319722 ], [ -82.107695978528739, 35.697179251497786 ], [ -82.077773630005908, 35.706677529095863 ], [ -82.052551458570633, 35.690661057572754 ], [ -82.057255947349475, 35.665153212017749 ], [ -82.087164544251493, 35.655659788406538 ] ] ] } },
{ "type": "Feature", "properties": { "hex_id": 1592, "n_locations": 13, "access_capacity_2023": 0.47474636695335282, "access_capacity_2026": 0.66505360785629075, "capacity_access_change": 0.19030724090293794, "quality_access_2023": 0.46089749359959742, "quality_access_2026": 0.59711647781553334, "quality_access_change": 0.13621898421593592, "mean_providers_2023": 15.76923076923077, "mean_providers_2026": 20.076923076923077, "pct_capacity_improved": 1.0, "pct_quality_improved": 0.84615384615384615, "pct_persistent_low": 0.076923076923076927, "persistence": "Not in lowest-access decile", "county": "McDowell" }, "geometry": { "type": "Polygon", "coordinates": [ [ [ -82.073073451347227, 35.732185324299024 ], [ -82.098313706594368, 35.748196891583653 ], [ -82.093617850711013, 35.773704648356954 ], [ -82.063663635236864, 35.78319878657728 ], [ -82.038419061938086, 35.767180299348503 ], [ -82.043133019014604, 35.741674596808885 ], [ -82.073073451347227, 35.732185324299024 ] ] ] } },
{ "type": "Feature", "properties": { "hex_id": 1593, "n_locations": 28, "access_capacity_2023": 0.35064764358497857, "access_capacity_2026": 0.48682678922265393, "capacity_access_change": 0.13617914563767536, "quality_access_2023": 0.29345326283815226, "quality_access_2026": 0.4122374364319904, "quality_access_change": 0.11878417359383817, "mean_providers_2023": 10.142857142857142, "mean_providers_2026": 13.392857142857142, "pct_capacity_improved": 1.0, "pct_quality_improved": 1.0, "pct_persistent_low": 0.035714285714285712, "persistence": "Not in lowest-access decile", "county": "McDowell" }, "geometry": { "type": "Polygon", "coordinates": [ [ [ -82.058953991484131, 35.808704462524425 ], [ -82.084216683386558, 35.824718057552978 ], [ -82.079511365642844, 35.850223718861365 ], [ -82.049525216799879, 35.85971372624018 ], [ -82.024258203630893, 35.843693191875133 ], [ -82.028981657408423, 35.818189592442266 ], [ -82.058953991484131, 35.808704462524425 ] ] ] } },
{ "type": "Feature", "properties": { "hex_id": 1594, "n_locations": 118, "access_capacity_2023": 0.70513340010076253, "access_capacity_2026": 0.84161652580198221, "capacity_access_change": 0.13648312570121968, "quality_access_2023": 0.57038022281064815, "quality_access_2026": 0.64967154838028229, "quality_access_change": 0.079291325569634183, "mean_providers_2023": 9.2203389830508478, "mean_providers_2026": 12.271186440677965, "pct_capacity_improved": 1.0, "pct_quality_improved": 0.98305084745762716, "pct_persistent_low": 0.0, "persistence": "Not in lowest-access decile", "county": "Mitchell" }, "geometry": { "type": "Polygon", "coordinates": [ [ [ -82.044806079542298, 35.885217322901354 ], [ -82.070091246204598, 35.90123297713901 ], [ -82.065376438182369, 35.926736583014389 ], [ -82.035358289349674, 35.936222468086854 ], [ -82.010068798213325, 35.920199855061618 ], [ -82.014801777208106, 35.894698318735223 ], [ -82.044806079542298, 35.885217322901354 ] ] ] } },
{ "type": "Feature", "properties": { "hex_id": 1596, "n_locations": 25, "access_capacity_2023": 0.31496748129657803, "access_capacity_2026": 0.35006802876780513, "capacity_access_change": 0.035100547471227053, "quality_access_2023": 0.2797768239950178, "quality_access_2026": 0.29725359320154082, "quality_access_change": 0.017476769206523003, "mean_providers_2023": 6.28, "mean_providers_2026": 6.72, "pct_capacity_improved": 1.0, "pct_quality_improved": 0.52, "pct_persistent_low": 0.32, "persistence": "Not in lowest-access decile", "county": "Avery" }, "geometry": { "type": "Polygon", "coordinates": [ [ [ -82.016424557249337, 36.038224690767009 ], [ -82.041754788108577, 36.054244558194029 ], [ -82.037020913821934, 36.079744173671834 ], [ -82.006938564329531, 36.089221839733476 ], [ -81.981604002604058, 36.073194974439254 ], [ -81.986356118036269, 36.047697443952742 ], [ -82.016424557249337, 36.038224690767009 ] ] ] } },
{ "type": "Feature", "properties": { "hex_id": 1597, "n_locations": 33, "access_capacity_2023": 0.48977206187276345, "access_capacity_2026": 0.47698736306837702, "capacity_access_change": -0.012784698804386424, "quality_access_2023": 0.43648949569664408, "quality_access_2026": 0.42690109168927565, "quality_access_change": -0.0095884040073683924, "mean_providers_2023": 6.4242424242424239, "mean_providers_2026": 6.7878787878787881, "pct_capacity_improved": 0.0, "pct_quality_improved": 0.36363636363636365, "pct_persistent_low": 0.0, "persistence": "Not in lowest-access decile", "county": "Avery" }, "geometry": { "type": "Polygon", "coordinates": [ [ [ -82.002190774959999, 36.114719439285437 ], [ -82.027543595438573, 36.130741460882625 ], [ -82.022800144938216, 36.156239141584969 ], [ -81.992685594364971, 36.165712710941094 ], [ -81.967328439835654, 36.149683671847171 ], [ -81.972090166716598, 36.124188083905374 ], [ -82.002190774959999, 36.114719439285437 ] ] ] } },
{ "type": "Feature", "properties": { "hex_id": 1606, "n_locations": 50, "access_capacity_2023": 0.33815157986069594, "access_capacity_2026": 0.51353237469648016, "capacity_access_change": 0.1753807948357842, "quality_access_2023": 0.32558038795998007, "quality_access_2026": 0.47486202945356082, "quality_access_change": 0.14928164149358072, "mean_providers_2023": 7.7, "mean_providers_2026": 9.74, "pct_capacity_improved": 1.0, "pct_quality_improved": 1.0, "pct_persistent_low": 0.0, "persistence": "Not in lowest-access decile", "county": "Polk" }, "geometry": { "type": "Polygon", "coordinates": [ [ [ -82.136752885210072, 35.231405591901307 ], [ -82.161841438574811, 35.247410624120889 ], [ -82.157197460110226, 35.272931969195298 ], [ -82.127447052720541, 35.282446276014269 ], [ -82.102354213220039, 35.266434448361693 ], [ -82.107016064169073, 35.240915112228784 ], [ -82.136752885210072, 35.231405591901307 ] ] ] } },
{ "type": "Feature", "properties": { "hex_id": 1607, "n_locations": 14, "access_capacity_2023": 0.3440049335989081, "access_capacity_2026": 0.40193233379929744, "capacity_access_change": 0.057927400200389292, "quality_access_2023": 0.31402507494797738, "quality_access_2026": 0.33861843719426143, "quality_access_change": 0.024593362246284067, "mean_providers_2023": 13.571428571428571, "mean_providers_2026": 11.142857142857142, "pct_capacity_improved": 1.0, "pct_quality_improved": 0.7857142857142857, "pct_persistent_low": 0.071428571428571425, "persistence": "Not in lowest-access decile", "county": "Polk" }, "geometry": { "type": "Polygon", "coordinates": [ [ [ -82.122789483291413, 35.307965432141152 ], [ -82.147900212363666, 35.323972293392472 ], [ -82.143246936928364, 35.34949128126987 ], [ -82.113465022654594, 35.35900139441371 ], [ -82.088350004218526, 35.342987718707967 ], [ -82.09302118633201, 35.317470747227333 ], [ -82.122789483291413, 35.307965432141152 ] ] ] } },
{ "type": "Feature", "properties": { "hex_id": 1609, "n_locations": 15, "access_capacity_2023": 0.053174091187969501, "access_capacity_2026": 0.070917702420345063, "capacity_access_change": 0.017743611232375563, "quality_access_2023": 0.05218198672593391, "quality_access_2026": 0.061874895251758606, "quality_access_change": 0.0096929085258246964, "mean_providers_2023": 2.0, "mean_providers_2026": 2.8666666666666667, "pct_capacity_improved": 1.0, "pct_quality_improved": 0.8666666666666667, "pct_persistent_low": 1.0, "persistence": "Persistently lowest-access", "county": "Rutherford" }, "geometry": { "type": "Polygon", "coordinates": [ [ [ -82.094778727716275, 35.461064041750944 ], [ -82.1199339207012, 35.477074653821447 ], [ -82.115261967981226, 35.502589045705868 ], [ -82.085416843810748, 35.512090797054206 ], [ -82.060257355026877, 35.496073332318865 ], [ -82.064947283099912, 35.470560971832292 ], [ -82.094778727716275, 35.461064041750944 ] ] ] } },
{ "type": "Feature", "properties": { "hex_id": 1610, "n_locations": 26, "access_capacity_2023": 0.2362823120963447, "access_capacity_2026": 0.33290541942712165, "capacity_access_change": 0.096623107330776947, "quality_access_2023": 0.2208511598113847, "quality_access_2026": 0.29806611767247565, "quality_access_change": 0.077214957861090949, "mean_providers_2023": 10.461538461538462, "mean_providers_2026": 13.73076923076923, "pct_capacity_improved": 1.0, "pct_quality_improved": 1.0, "pct_persistent_low": 0.19230769230769232, "persistence": "Not in lowest-access decile", "county": "McDowell" }, "geometry": { "type": "Polygon", "coordinates": [ [ [ -82.080731206865835, 35.537603048004485 ], [ -82.105908688233981, 35.553615582039477 ], [ -82.101227354980097, 35.579127735300965 ], [ -82.071350527398366, 35.588625318524429 ], [ -82.04616874702441, 35.572605912634664 ], [ -82.050868090113156, 35.547095798317343 ], [ -82.080731206865835, 35.537603048004485 ] ] ] } },
{ "type": "Feature", "properties": { "hex_id": 1611, "n_locations": 122, "access_capacity_2023": 0.62311225714857144, "access_capacity_2026": 0.8471267868962401, "capacity_access_change": 0.22401452974766861, "quality_access_2023": 0.58224722162128073, "quality_access_2026": 0.75356690968720119, "quality_access_change": 0.17131968806592046, "mean_providers_2023": 21.918032786885245, "mean_providers_2026": 27.155737704918032, "pct_capacity_improved": 1.0, "pct_quality_improved": 1.0, "pct_persistent_low": 0.0, "persistence": "Not in lowest-access decile", "county": "McDowell" }, "geometry": { "type": "Polygon", "coordinates": [ [ [ -82.066655478626117, 35.614135346912853 ], [ -82.091855286114495, 35.630149834068511 ], [ -82.087164544251493, 35.655659788406538 ], [ -82.057255947349475, 35.665153212017749 ], [ -82.032051837655644, 35.649131833760421 ], [ -82.036760623932054, 35.623623925943654 ], [ -82.066655478626117, 35.614135346912853 ] ] ] } },
{ "type": "Feature", "properties": { "hex_id": 1612, "n_locations": 104, "access_capacity_2023": 0.65333858715270754, "access_capacity_2026": 0.9155570389129648, "capacity_access_change": 0.26221845176025721, "quality_access_2023": 0.62040263951084595, "quality_access_2026": 0.82239055031113917, "quality_access_change": 0.20198791080029319, "mean_providers_2023": 19.557692307692307, "mean_providers_2026": 24.490384615384617, "pct_capacity_improved": 1.0, "pct_quality_improved": 1.0, "pct_persistent_low": 0.0096153846153846159, "persistence": "Not in lowest-access decile", "county": "McDowell" }, "geometry": { "type": "Polygon", "coordinates": [ [ [ -82.052551458570633, 35.690661057572754 ], [ -82.077773630005908, 35.706677529095863 ], [ -82.073073451347227, 35.732185324299024 ], [ -82.043133019014604, 35.741674596808885 ], [ -82.017906542181564, 35.725651214879726 ], [ -82.022624799929247, 35.700145473805975 ], [ -82.052551458570633, 35.690661057572754 ] ] ] } },
{ "type": "Feature", "properties": { "hex_id": 1613, "n_locations": 19, "access_capacity_2023": 0.37439952237875879, "access_capacity_2026": 0.54709496922676182, "capacity_access_change": 0.17269544684800306, "quality_access_2023": 0.35577738375284157, "quality_access_2026": 0.48695904301890863, "quality_access_change": 0.13118165926606704, "mean_providers_2023": 14.0, "mean_providers_2026": 19.210526315789473, "pct_capacity_improved": 1.0, "pct_quality_improved": 1.0, "pct_persistent_low": 0.0, "persistence": "Not in lowest-access decile", "county": "McDowell" }, "geometry": { "type": "Polygon", "coordinates": [ [ [ -82.038419061938086, 35.767180299348503 ], [ -82.063663635236864, 35.78319878657728 ], [ -82.058953991484131, 35.808704462524425 ], [ -82.028981657408423, 35.818189592442266 ], [ -82.003732775527055, 35.802164175445114 ], [ -82.008460533141815, 35.776660561266745 ], [ -82.038419061938086, 35.767180299348503 ] ] ] } },
{ "type": "Feature", "properties": { "hex_id": 1614, "n_locations": 22, "access_capacity_2023": 0.28004472833123051, "access_capacity_2026": 0.38588291085596593, "capacity_access_change": 0.1058381825247354, "quality_access_2023": 0.20301021516419859, "quality_access_2026": 0.28771527966354132, "quality_access_change": 0.084705064499342744, "mean_providers_2023": 5.0, "mean_providers_2026": 7.545454545454545, "pct_capacity_improved": 1.0, "pct_quality_improved": 1.0, "pct_persistent_low": 0.0, "persistence": "Not in lowest-access decile", "county": "McDowell" }, "geometry": { "type": "Polygon", "coordinates": [ [ [ -82.024258203630893, 35.843693191875133 ], [ -82.049525216799879, 35.85971372624018 ], [ -82.044806079542298, 35.885217322901354 ], [ -82.014801777208106, 35.894698318735223 ], [ -81.989530452279197, 35.87867083518109 ], [ -81.994267738269656, 35.853169307959533 ], [ -82.024258203630893, 35.843693191875133 ] ] ] } },
{ "type": "Feature", "properties": { "hex_id": 1615, "n_locations": 24, "access_capacity_2023": 0.71311516307787071, "access_capacity_2026": 0.8370569085406363, "capacity_access_change": 0.12394174546276561, "quality_access_2023": 0.58952155326738598, "quality_access_2026": 0.64594286406033941, "quality_access_change": 0.056421310792953337, "mean_providers_2023": 9.2916666666666661, "mean_providers_2026": 11.958333333333334, "pct_capacity_improved": 1.0, "pct_quality_improved": 1.0, "pct_persistent_low": 0.0, "persistence": "Not in lowest-access decile", "county": "Avery" }, "geometry": { "type": "Polygon", "coordinates": [ [ [ -82.010068798213325, 35.920199855061618 ], [ -82.035358289349674, 35.936222468086854 ], [ -82.030629630063444, 35.961724025524298 ], [ -82.00059329275166, 35.971200895781095 ], [ -81.975299486685728, 35.955171314087337 ], [ -81.980046329673769, 35.92967183379195 ], [ -82.010068798213325, 35.920199855061618 ] ] ] } },
{ "type": "Feature", "properties": { "hex_id": 1616, "n_locations": 20, "access_capacity_2023": 0.44924535779029412, "access_capacity_2026": 0.49282614386172902, "capacity_access_change": 0.043580786071434924, "quality_access_2023": 0.4147765034350408, "quality_access_2026": 0.43491768924590019, "quality_access_change": 0.020141185810859427, "mean_providers_2023": 7.5, "mean_providers_2026": 8.15, "pct_capacity_improved": 1.0, "pct_quality_improved": 0.65, "pct_persistent_low": 0.0, "persistence": "Not in lowest-access decile", "county": "Avery" }, "geometry": { "type": "Polygon", "coordinates": [ [ [ -81.995850759909985, 35.996700409094153 ], [ -82.021162767201517, 36.012725132397435 ], [ -82.016424557249337, 36.038224690767009 ], [ -81.986356118036269, 36.047697443952742 ], [ -81.961039792653267, 36.03166573244215 ], [ -81.965796221374688, 36.006168258949053 ], [ -81.995850759909985, 35.996700409094153 ] ] ] } },
{ "type": "Feature", "properties": { "hex_id": 1617, "n_locations": 20, "access_capacity_2023": 0.28021348631154858, "access_capacity_2026": 0.28982997932730703, "capacity_access_change": 0.0096164930157584746, "quality_access_2023": 0.25786943106644389, "quality_access_2026": 0.25515092646592902, "quality_access_change": -0.0027185046005148514, "mean_providers_2023": 5.7, "mean_providers_2026": 5.8, "pct_capacity_improved": 1.0, "pct_quality_improved": 0.1, "pct_persistent_low": 0.1, "persistence": "Not in lowest-access decile", "county": "Avery" }, "geometry": { "type": "Polygon", "coordinates": [ [ [ -81.981604002604058, 36.073194974439254 ], [ -82.006938564329531, 36.089221839733476 ], [ -82.002190774959999, 36.114719439285437 ], [ -81.972090166716598, 36.124188083905374 ], [ -81.946751283745598, 36.10815421080536 ], [ -81.951517327050666, 36.082658703896342 ], [ -81.981604002604058, 36.073194974439254 ] ] ] } },
{ "type": "Feature", "properties": { "hex_id": 1618, "n_locations": 33, "access_capacity_2023": 0.35274513912993816, "access_capacity_2026": 0.38785627256459454, "capacity_access_change": 0.035111133434656397, "quality_access_2023": 0.31091226239178676, "quality_access_2026": 0.34799432172905831, "quality_access_change": 0.037082059337271558, "mean_providers_2023": 4.9393939393939394, "mean_providers_2026": 5.5757575757575761, "pct_capacity_improved": 1.0, "pct_quality_improved": 0.60606060606060608, "pct_persistent_low": 0.090909090909090912, "persistence": "Not in lowest-access decile", "county": "Avery" }, "geometry": { "type": "Polygon", "coordinates": [ [ [ -81.967328439835654, 36.149683671847171 ], [ -81.992685594364971, 36.165712710941094 ], [ -81.987928196712048, 36.191208392021231 ], [ -81.957795352103091, 36.200672936580148 ], [ -81.932433873182134, 36.184636870021734 ], [ -81.937209560036095, 36.159143289383429 ], [ -81.967328439835654, 36.149683671847171 ] ] ] } },
{ "type": "Feature", "properties": { "hex_id": 1626, "n_locations": 29, "access_capacity_2023": 0.17604680908854006, "access_capacity_2026": 0.33453183996616254, "capacity_access_change": 0.15848503087762245, "quality_access_2023": 0.17604680908854006, "quality_access_2026": 0.3075300866055547, "quality_access_change": 0.13148327751701461, "mean_providers_2023": 2.6551724137931032, "mean_providers_2026": 4.5862068965517242, "pct_capacity_improved": 1.0, "pct_quality_improved": 1.0, "pct_persistent_low": 0.034482758620689655, "persistence": "Not in lowest-access decile", "county": "Polk" }, "geometry": { "type": "Polygon", "coordinates": [ [ [ -82.116330456483212, 35.189874044716611 ], [ -82.14140115442224, 35.205884055173364 ], [ -82.136752885210072, 35.231405591901307 ], [ -82.107016064169073, 35.240915112228784 ], [ -82.081941092537562, 35.224898315691092 ], [ -82.086607212564388, 35.199378787806644 ], [ -82.116330456483212, 35.189874044716611 ] ] ] } },
{ "type": "Feature", "properties": { "hex_id": 1627, "n_locations": 32, "access_capacity_2023": 0.46545679327501949, "access_capacity_2026": 0.60882303106010449, "capacity_access_change": 0.143366237785085, "quality_access_2023": 0.43257814466339245, "quality_access_2026": 0.56075606478152595, "quality_access_change": 0.12817792011813353, "mean_providers_2023": 16.25, "mean_providers_2026": 15.59375, "pct_capacity_improved": 1.0, "pct_quality_improved": 0.9375, "pct_persistent_low": 0.0, "persistence": "Not in lowest-access decile", "county": "Polk" }, "geometry": { "type": "Polygon", "coordinates": [ [ [ -82.102354213220039, 35.266434448361693 ], [ -82.127447052720541, 35.282446276014269 ], [ -82.122789483291413, 35.307965432141152 ], [ -82.09302118633201, 35.317470747227333 ], [ -82.06792406994046, 35.301452114500883 ], [ -82.072599524312068, 35.275934974670577 ], [ -82.102354213220039, 35.266434448361693 ] ] ] } },
{ "type": "Feature", "properties": { "hex_id": 1629, "n_locations": 38, "access_capacity_2023": 0.14435191525071683, "access_capacity_2026": 0.12858535156617248, "capacity_access_change": -0.01576656368454437, "quality_access_2023": 0.13282227229284563, "quality_access_2026": 0.093202163298849977, "quality_access_change": -0.039620108993995644, "mean_providers_2023": 6.7368421052631575, "mean_providers_2026": 4.1842105263157894, "pct_capacity_improved": 0.0, "pct_quality_improved": 0.0, "pct_persistent_low": 0.52631578947368418, "persistence": "Persistently lowest-access", "county": "Rutherford" }, "geometry": { "type": "Polygon", "coordinates": [ [ [ -82.074317746067663, 35.419533973895135 ], [ -82.099454980901911, 35.435549528598884 ], [ -82.094778727716275, 35.461064041750944 ], [ -82.064947283099912, 35.470560971832292 ], [ -82.03980576499869, 35.45453857390207 ], [ -82.044499971669069, 35.429026092043145 ], [ -82.074317746067663, 35.419533973895135 ] ] ] } },
{ "type": "Feature", "properties": { "hex_id": 1631, "n_locations": 35, "access_capacity_2023": 0.41613063202525713, "access_capacity_2026": 0.55654083677332755, "capacity_access_change": 0.14041020474807039, "quality_access_2023": 0.39137809665457834, "quality_access_2026": 0.48310770388061774, "quality_access_change": 0.0917296072260394, "mean_providers_2023": 16.257142857142856, "mean_providers_2026": 19.714285714285715, "pct_capacity_improved": 1.0, "pct_quality_improved": 1.0, "pct_persistent_low": 0.0, "persistence": "Not in lowest-access decile", "county": "McDowell" }, "geometry": { "type": "Polygon", "coordinates": [ [ [ -82.04616874702441, 35.572605912634664 ], [ -82.071350527398366, 35.588625318524429 ], [ -82.066655478626117, 35.614135346912853 ], [ -82.036760623932054, 35.623623925943654 ], [ -82.011574553944115, 35.607597638449342 ], [ -82.016287625127816, 35.582089656472775 ], [ -82.04616874702441, 35.572605912634664 ] ] ] } },
{ "type": "Feature", "properties": { "hex_id": 1632, "n_locations": 290, "access_capacity_2023": 0.75289899758353707, "access_capacity_2026": 1.0009190421768375, "capacity_access_change": 0.24802004459330035, "quality_access_2023": 0.71530108441788753, "quality_access_2026": 0.87368242333654877, "quality_access_change": 0.15838133891866121, "mean_providers_2023": 21.486206896551725, "mean_providers_2026": 26.431034482758619, "pct_capacity_improved": 1.0, "pct_quality_improved": 1.0, "pct_persistent_low": 0.0, "persistence": "Not in lowest-access decile", "county": "McDowell" }, "geometry": { "type": "Polygon", "coordinates": [ [ [ -82.032051837655644, 35.649131833760421 ], [ -82.057255947349475, 35.665153212017749 ], [ -82.052551458570633, 35.690661057572754 ], [ -82.022624799929247, 35.700145473805975 ], [ -81.997416397459048, 35.68411719466939 ], [ -82.002138943257748, 35.658611403131871 ], [ -82.032051837655644, 35.649131833760421 ] ] ] } },
{ "type": "Feature", "properties": { "hex_id": 1633, "n_locations": 17, "access_capacity_2023": 0.38435236281221075, "access_capacity_2026": 0.51000145881506043, "capacity_access_change": 0.12564909600284971, "quality_access_2023": 0.37162655795144794, "quality_access_2026": 0.45074264179288165, "quality_access_change": 0.079116083841433746, "mean_providers_2023": 14.705882352941176, "mean_providers_2026": 18.117647058823529, "pct_capacity_improved": 1.0, "pct_quality_improved": 0.88235294117647056, "pct_persistent_low": 0.11764705882352941, "persistence": "Not in lowest-access decile", "county": "McDowell" }, "geometry": { "type": "Polygon", "coordinates": [ [ [ -82.017906542181564, 35.725651214879726 ], [ -82.043133019014604, 35.741674596808885 ], [ -82.038419061938086, 35.767180299348503 ], [ -82.008460533141815, 35.776660561266745 ], [ -81.98322976037754, 35.760630259125989 ], [ -81.987961809179438, 35.735126618240685 ], [ -82.017906542181564, 35.725651214879726 ] ] ] } },
{ "type": "Feature", "properties": { "hex_id": 1634, "n_locations": 11, "access_capacity_2023": 0.19805987777897652, "access_capacity_2026": 0.31199524871433881, "capacity_access_change": 0.11393537093536228, "quality_access_2023": 0.19477372154730488, "quality_access_2026": 0.29363875080367546, "quality_access_change": 0.098865029256370585, "mean_providers_2023": 8.3636363636363633, "mean_providers_2026": 11.090909090909092, "pct_capacity_improved": 1.0, "pct_quality_improved": 0.90909090909090906, "pct_persistent_low": 0.18181818181818182, "persistence": "Not in lowest-access decile", "county": "McDowell" }, "geometry": { "type": "Polygon", "coordinates": [ [ [ -82.003732775527055, 35.802164175445114 ], [ -82.028981657408423, 35.818189592442266 ], [ -82.024258203630893, 35.843693191875133 ], [ -81.994267738269656, 35.853169307959533 ], [ -81.969014557309805, 35.837136951360314 ], [ -81.973756137615766, 35.811635421249953 ], [ -82.003732775527055, 35.802164175445114 ] ] ] } },
{ "type": "Feature", "properties": { "hex_id": 1635, "n_locations": 17, "access_capacity_2023": 0.16254312565750903, "access_capacity_2026": 0.18034551483388106, "capacity_access_change": 0.017802389176372033, "quality_access_2023": 0.10769782109586289, "quality_access_2026": 0.13066445214747077, "quality_access_change": 0.022966631051607872, "mean_providers_2023": 2.2352941176470589, "mean_providers_2026": 3.2941176470588234, "pct_capacity_improved": 1.0, "pct_quality_improved": 0.82352941176470584, "pct_persistent_low": 0.35294117647058826, "persistence": "Not in lowest-access decile", "county": "Mitchell" }, "geometry": { "type": "Polygon", "coordinates": [ [ [ -81.989530452279197, 35.87867083518109 ], [ -82.014801777208106, 35.894698318735223 ], [ -82.010068798213325, 35.920199855061618 ], [ -81.980046329673769, 35.92967183379195 ], [ -81.954770702526901, 35.913637391186711 ], [ -81.95952184295102, 35.888137931882611 ], [ -81.989530452279197, 35.87867083518109 ] ] ] } },
{ "type": "Feature", "properties": { "hex_id": 1636, "n_locations": 18, "access_capacity_2023": 0.6437977592173344, "access_capacity_2026": 0.75504688973766243, "capacity_access_change": 0.11124913052032803, "quality_access_2023": 0.56618143471254578, "quality_access_2026": 0.64359433973945424, "quality_access_change": 0.077412905026908466, "mean_providers_2023": 9.2777777777777786, "mean_providers_2026": 11.444444444444445, "pct_capacity_improved": 1.0, "pct_quality_improved": 1.0, "pct_persistent_low": 0.0, "persistence": "Not in lowest-access decile", "county": "Avery" }, "geometry": { "type": "Polygon", "coordinates": [ [ [ -81.975299486685728, 35.955171314087337 ], [ -82.00059329275166, 35.971200895781095 ], [ -81.995850759909985, 35.996700409094153 ], [ -81.965796221374688, 36.006168258949053 ], [ -81.940498109959108, 35.990131698696082 ], [ -81.945258839229254, 35.964634270137033 ], [ -81.975299486685728, 35.955171314087337 ] ] ] } },
{ "type": "Feature", "properties": { "hex_id": 1637, "n_locations": 34, "access_capacity_2023": 0.54599370021594107, "access_capacity_2026": 0.63444129440636365, "capacity_access_change": 0.088447594190422654, "quality_access_2023": 0.51116734539664155, "quality_access_2026": 0.56972065720169951, "quality_access_change": 0.058553311805057982, "mean_providers_2023": 7.7941176470588234, "mean_providers_2026": 8.8235294117647065, "pct_capacity_improved": 1.0, "pct_quality_improved": 1.0, "pct_persistent_low": 0.0, "persistence": "Not in lowest-access decile", "county": "Avery" }, "geometry": { "type": "Polygon", "coordinates": [ [ [ -81.961039792653267, 36.03166573244215 ], [ -81.986356118036269, 36.047697443952742 ], [ -81.981604002604058, 36.073194974439254 ], [ -81.951517327050666, 36.082658703896342 ], [ -81.926196693194242, 36.066619994259007 ], [ -81.930967040152652, 36.041124556290178 ], [ -81.961039792653267, 36.03166573244215 ] ] ] } },
{ "type": "Feature", "properties": { "hex_id": 1638, "n_locations": 27, "access_capacity_2023": 0.55893371906551403, "access_capacity_2026": 0.6136001145877199, "capacity_access_change": 0.054666395522205882, "quality_access_2023": 0.50309809116591819, "quality_access_2026": 0.55028142695829052, "quality_access_change": 0.047183335792372286, "mean_providers_2023": 7.2222222222222223, "mean_providers_2026": 8.1851851851851851, "pct_capacity_improved": 1.0, "pct_quality_improved": 0.81481481481481477, "pct_persistent_low": 0.0, "persistence": "Not in lowest-access decile", "county": "Avery" }, "geometry": { "type": "Polygon", "coordinates": [ [ [ -81.946751283745598, 36.10815421080536 ], [ -81.972090166716598, 36.124188083905374 ], [ -81.967328439835654, 36.149683671847171 ], [ -81.937209560036095, 36.159143289383429 ], [ -81.911866365475973, 36.14310239852913 ], [ -81.916646359079763, 36.117608910901062 ], [ -81.946751283745598, 36.10815421080536 ] ] ] } },
{ "type": "Feature", "properties": { "hex_id": 1647, "n_locations": 39, "access_capacity_2023": 0.25989719352579799, "access_capacity_2026": 0.4508056523795857, "capacity_access_change": 0.19090845885378768, "quality_access_2023": 0.24651804697258062, "quality_access_2026": 0.41673561883946597, "quality_access_change": 0.17021757186688538, "mean_providers_2023": 6.6410256410256405, "mean_providers_2026": 8.7435897435897427, "pct_capacity_improved": 1.0, "pct_quality_improved": 1.0, "pct_persistent_low": 0.12820512820512819, "persistence": "Not in lowest-access decile", "county": "Polk" }, "geometry": { "type": "Polygon", "coordinates": [ [ [ -82.081941092537562, 35.224898315691092 ], [ -82.107016064169073, 35.240915112228784 ], [ -82.102354213220039, 35.266434448361693 ], [ -82.072599524312068, 35.275934974670577 ], [ -82.047520288230473, 35.259911382428996 ], [ -82.052200002420435, 35.234394062484959 ], [ -82.081941092537562, 35.224898315691092 ] ] ] } },
{ "type": "Feature", "properties": { "hex_id": 1649, "n_locations": 26, "access_capacity_2023": 0.25148839087652386, "access_capacity_2026": 0.21207834525674626, "capacity_access_change": -0.039410045619777602, "quality_access_2023": 0.23604156974725526, "quality_access_2026": 0.1658580001035008, "quality_access_change": -0.070183569643754468, "mean_providers_2023": 11.807692307692308, "mean_providers_2026": 7.1538461538461542, "pct_capacity_improved": 0.0, "pct_quality_improved": 0.0, "pct_persistent_low": 0.076923076923076927, "persistence": "Not in lowest-access decile", "county": "Rutherford" }, "geometry": { "type": "Polygon", "coordinates": [ [ [ -82.053878988667151, 35.377998827830538 ], [ -82.078998287185811, 35.394019327658462 ], [ -82.074317746067663, 35.419533973895135 ], [ -82.044499971669069, 35.429026092043145 ], [ -82.019376402383386, 35.412998758416222 ], [ -82.024074875152422, 35.387486143360398 ], [ -82.053878988667151, 35.377998827830538 ] ] ] } },
{ "type": "Feature", "properties": { "hex_id": 1650, "n_locations": 16, "access_capacity_2023": 0.13783152436983367, "access_capacity_2026": 0.13376432454926074, "capacity_access_change": -0.0040671998205729261, "quality_access_2023": 0.12795329554073981, "quality_access_2026": 0.09949465191666669, "quality_access_change": -0.028458643624073111, "mean_providers_2023": 6.25, "mean_providers_2026": 3.75, "pct_capacity_improved": 0.0, "pct_quality_improved": 0.25, "pct_persistent_low": 0.5, "persistence": "Persistently lowest-access", "county": "Rutherford" }, "geometry": { "type": "Polygon", "coordinates": [ [ [ -82.03980576499869, 35.45453857390207 ], [ -82.064947283099912, 35.470560971832292 ], [ -82.060257355026877, 35.496073332318865 ], [ -82.03040793972994, 35.505561259081823 ], [ -82.005262147714106, 35.489532008221005 ], [ -82.009970041786616, 35.464021686456896 ], [ -82.03980576499869, 35.45453857390207 ] ] ] } },
{ "type": "Feature", "properties": { "hex_id": 1651, "n_locations": 10, "access_capacity_2023": 0.24738531290075708, "access_capacity_2026": 0.34838666029923759, "capacity_access_change": 0.10100134739848055, "quality_access_2023": 0.23281245256334215, "quality_access_2026": 0.2816645731385391, "quality_access_change": 0.048852120575196979, "mean_providers_2023": 9.5, "mean_providers_2026": 11.4, "pct_capacity_improved": 1.0, "pct_quality_improved": 0.9, "pct_persistent_low": 0.2, "persistence": "Not in lowest-access decile", "county": "McDowell" }, "geometry": { "type": "Polygon", "coordinates": [ [ [ -82.025704314885147, 35.531071471194927 ], [ -82.050868090113156, 35.547095798317343 ], [ -82.04616874702441, 35.572605912634664 ], [ -82.016287625127816, 35.582089656472775 ], [ -81.991119572845079, 35.566058457231698 ], [ -81.995836916378082, 35.540550389209081 ], [ -82.025704314885147, 35.531071471194927 ] ] ] } },
{ "type": "Feature", "properties": { "hex_id": 1652, "n_locations": 96, "access_capacity_2023": 0.66136388808031055, "access_capacity_2026": 0.90384274571355194, "capacity_access_change": 0.24247885763324153, "quality_access_2023": 0.6264628706718034, "quality_access_2026": 0.77724846212645071, "quality_access_change": 0.15078559145464737, "mean_providers_2023": 22.458333333333336, "mean_providers_2026": 27.739583333333336, "pct_capacity_improved": 1.0, "pct_quality_improved": 1.0, "pct_persistent_low": 0.0, "persistence": "Not in lowest-access decile", "county": "McDowell" }, "geometry": { "type": "Polygon", "coordinates": [ [ [ -82.011574553944115, 35.607597638449342 ], [ -82.036760623932054, 35.623623925943654 ], [ -82.032051837655644, 35.649131833760421 ], [ -82.002138943257748, 35.658611403131871 ], [ -81.976948593082454, 35.64257822427377 ], [ -81.981675414344423, 35.617072370354933 ], [ -82.011574553944115, 35.607597638449342 ] ] ] } },
{ "type": "Feature", "properties": { "hex_id": 1653, "n_locations": 196, "access_capacity_2023": 0.67617223878555555, "access_capacity_2026": 0.86903147604987918, "capacity_access_change": 0.19285923726432358, "quality_access_2023": 0.64796103992363641, "quality_access_2026": 0.76335278796532235, "quality_access_change": 0.11539174804168588, "mean_providers_2023": 19.066326530612244, "mean_providers_2026": 23.918367346938776, "pct_capacity_improved": 1.0, "pct_quality_improved": 1.0, "pct_persistent_low": 0.0, "persistence": "Not in lowest-access decile", "county": "McDowell" }, "geometry": { "type": "Polygon", "coordinates": [ [ [ -81.997416397459048, 35.68411719466939 ], [ -82.022624799929247, 35.700145473805975 ], [ -82.017906542181564, 35.725651214879726 ], [ -81.987961809179438, 35.735126618240685 ], [ -81.962749123396861, 35.719091428437807 ], [ -81.967485450768308, 35.693587748896221 ], [ -81.997416397459048, 35.68411719466939 ] ] ] } },
{ "type": "Feature", "properties": { "hex_id": 1655, "n_locations": 18, "access_capacity_2023": 0.17570670296997215, "access_capacity_2026": 0.19627324183383082, "capacity_access_change": 0.02056653886385866, "quality_access_2023": 0.17531226269949879, "quality_access_2026": 0.18988456948094334, "quality_access_change": 0.014572306781444529, "mean_providers_2023": 4.9444444444444446, "mean_providers_2026": 5.5, "pct_capacity_improved": 1.0, "pct_quality_improved": 0.3888888888888889, "pct_persistent_low": 0.3888888888888889, "persistence": "Not in lowest-access decile", "county": "McDowell" }, "geometry": { "type": "Polygon", "coordinates": [ [ [ -81.969014557309805, 35.837136951360314 ], [ -81.994267738269656, 35.853169307959533 ], [ -81.989530452279197, 35.87867083518109 ], [ -81.95952184295102, 35.888137931882611 ], [ -81.934264372452034, 35.872098625837964 ], [ -81.939019797634714, 35.846599175511329 ], [ -81.969014557309805, 35.837136951360314 ] ] ] } },
{ "type": "Feature", "properties": { "hex_id": 1657, "n_locations": 35, "access_capacity_2023": 0.7019574792525396, "access_capacity_2026": 0.77647829107625888, "capacity_access_change": 0.07452081182371928, "quality_access_2023": 0.65597471924170714, "quality_access_2026": 0.69615136948036405, "quality_access_change": 0.040176650238656908, "mean_providers_2023": 8.5714285714285712, "mean_providers_2026": 9.4, "pct_capacity_improved": 1.0, "pct_quality_improved": 0.82857142857142863, "pct_persistent_low": 0.0, "persistence": "Not in lowest-access decile", "county": "Avery" }, "geometry": { "type": "Polygon", "coordinates": [ [ [ -81.940498109959108, 35.990131698696082 ], [ -81.965796221374688, 36.006168258949053 ], [ -81.961039792653267, 36.03166573244215 ], [ -81.930967040152652, 36.041124556290178 ], [ -81.905664633002814, 36.02508100757769 ], [ -81.910439270876765, 35.999585626469212 ], [ -81.940498109959108, 35.990131698696082 ] ] ] } },
{ "type": "Feature", "properties": { "hex_id": 1658, "n_locations": 93, "access_capacity_2023": 0.71043827730041442, "access_capacity_2026": 0.8536084621652591, "capacity_access_change": 0.14317018486484465, "quality_access_2023": 0.64495828701508495, "quality_access_2026": 0.77461317847956368, "quality_access_change": 0.12965489146447881, "mean_providers_2023": 8.7526881720430101, "mean_providers_2026": 9.7096774193548381, "pct_capacity_improved": 1.0, "pct_quality_improved": 0.989247311827957, "pct_persistent_low": 0.0, "persistence": "Not in lowest-access decile", "county": "Avery" }, "geometry": { "type": "Polygon", "coordinates": [ [ [ -81.926196693194242, 36.066619994259007 ], [ -81.951517327050666, 36.082658703896342 ], [ -81.946751283745598, 36.10815421080536 ], [ -81.916646359079763, 36.117608910901062 ], [ -81.891321426403664, 36.101563193207724 ], [ -81.896105713989201, 36.076069786476538 ], [ -81.926196693194242, 36.066619994259007 ] ] ] } },
{ "type": "Feature", "properties": { "hex_id": 1659, "n_locations": 19, "access_capacity_2023": 0.34187518964191982, "access_capacity_2026": 0.35678154485638658, "capacity_access_change": 0.014906355214466756, "quality_access_2023": 0.29510687339518488, "quality_access_2026": 0.33467452638460771, "quality_access_change": 0.03956765298942283, "mean_providers_2023": 4.5789473684210522, "mean_providers_2026": 4.8947368421052628, "pct_capacity_improved": 1.0, "pct_quality_improved": 1.0, "pct_persistent_low": 0.0, "persistence": "Not in lowest-access decile", "county": "Avery" }, "geometry": { "type": "Polygon", "coordinates": [ [ [ -81.911866365475973, 36.14310239852913 ], [ -81.937209560036095, 36.159143289383429 ], [ -81.932433873182134, 36.184636870021734 ], [ -81.902296709023872, 36.194087454813626 ], [ -81.876949212566871, 36.178039536246899 ], [ -81.881743178928289, 36.152548063611938 ], [ -81.911866365475973, 36.14310239852913 ] ] ] } },
{ "type": "Feature", "properties": { "hex_id": 1667, "n_locations": 30, "access_capacity_2023": 0.048172928461142565, "access_capacity_2026": 0.10453793441977167, "capacity_access_change": 0.056365005958629123, "quality_access_2023": 0.048172928461142565, "quality_access_2026": 0.09987691747061915, "quality_access_change": 0.051703989009476592, "mean_providers_2023": 1.0, "mean_providers_2026": 2.0666666666666669, "pct_capacity_improved": 1.0, "pct_quality_improved": 0.73333333333333328, "pct_persistent_low": 0.83333333333333337, "persistence": "Persistently lowest-access", "county": "Polk" }, "geometry": { "type": "Polygon", "coordinates": [ [ [ -82.061550087133199, 35.183357019892931 ], [ -82.086607212564388, 35.199378787806644 ], [ -82.081941092537562, 35.224898315691092 ], [ -82.052200002420435, 35.234394062484959 ], [ -82.027138624948407, 35.21836550822659 ], [ -82.031822586548671, 35.19284799641563 ], [ -82.061550087133199, 35.183357019892931 ] ] ] } },
{ "type": "Feature", "properties": { "hex_id": 1668, "n_locations": 14, "access_capacity_2023": 0.33535854828517347, "access_capacity_2026": 0.37884079909395801, "capacity_access_change": 0.043482250808784588, "quality_access_2023": 0.30907768852045203, "quality_access_2026": 0.33909474549110763, "quality_access_change": 0.030017056970655584, "mean_providers_2023": 14.857142857142858, "mean_providers_2026": 12.642857142857142, "pct_capacity_improved": 1.0, "pct_quality_improved": 0.5714285714285714, "pct_persistent_low": 0.35714285714285715, "persistence": "Not in lowest-access decile", "county": "Polk" }, "geometry": { "type": "Polygon", "coordinates": [ [ [ -82.047520288230473, 35.259911382428996 ], [ -82.072599524312068, 35.275934974670577 ], [ -82.06792406994046, 35.301452114500883 ], [ -82.038151500724567, 35.310943641442833 ], [ -82.013068009469364, 35.294913243865388 ], [ -82.017761339505796, 35.269398127587223 ], [ -82.047520288230473, 35.259911382428996 ] ] ] } },
{ "type": "Feature", "properties": { "hex_id": 1669, "n_locations": 25, "access_capacity_2023": 0.29308930364524005, "access_capacity_2026": 0.22884559139549346, "capacity_access_change": -0.064243712249746565, "quality_access_2023": 0.26826663312858617, "quality_access_2026": 0.1853352913345292, "quality_access_change": -0.082931341794056937, "mean_providers_2023": 13.24, "mean_providers_2026": 8.52, "pct_capacity_improved": 0.0, "pct_quality_improved": 0.0, "pct_persistent_low": 0.08, "persistence": "Not in lowest-access decile", "county": "Rutherford" }, "geometry": { "type": "Polygon", "coordinates": [ [ [ -82.033462421212917, 35.336458589253773 ], [ -82.05856380521665, 35.352484036703842 ], [ -82.053878988667151, 35.377998827830538 ], [ -82.024074875152422, 35.387486143360398 ], [ -81.998969232849632, 35.371453871527883 ], [ -82.003671959250539, 35.345941111462061 ], [ -82.033462421212917, 35.336458589253773 ] ] ] } },
{ "type": "Feature", "properties": { "hex_id": 1670, "n_locations": 45, "access_capacity_2023": 0.22571133043772923, "access_capacity_2026": 0.22545565346930785, "capacity_access_change": -0.000255676968421385, "quality_access_2023": 0.20988773080153783, "quality_access_2026": 0.17071273688860339, "quality_access_change": -0.039174993912934455, "mean_providers_2023": 9.9333333333333318, "mean_providers_2026": 7.0, "pct_capacity_improved": 0.0, "pct_quality_improved": 0.088888888888888892, "pct_persistent_low": 0.35555555555555557, "persistence": "Not in lowest-access decile", "county": "Rutherford" }, "geometry": { "type": "Polygon", "coordinates": [ [ [ -82.019376402383386, 35.412998758416222 ], [ -82.044499971669069, 35.429026092043145 ], [ -82.03980576499869, 35.45453857390207 ], [ -82.009970041786616, 35.464021686456896 ], [ -81.984842211083816, 35.447987509344919 ], [ -81.989554361887812, 35.422477066086167 ], [ -82.019376402383386, 35.412998758416222 ] ] ] } },
{ "type": "Feature", "properties": { "hex_id": 1672, "n_locations": 61, "access_capacity_2023": 0.49625192908457699, "access_capacity_2026": 0.68589456087111178, "capacity_access_change": 0.18964263178653476, "quality_access_2023": 0.46690157544152766, "quality_access_2026": 0.5684532849540852, "quality_access_change": 0.10155170951255758, "mean_providers_2023": 19.475409836065573, "mean_providers_2026": 23.590163934426229, "pct_capacity_improved": 1.0, "pct_quality_improved": 0.95081967213114749, "pct_persistent_low": 0.032786885245901641, "persistence": "Not in lowest-access decile", "county": "McDowell" }, "geometry": { "type": "Polygon", "coordinates": [ [ [ -81.991119572845079, 35.566058457231698 ], [ -82.016287625127816, 35.582089656472775 ], [ -82.011574553944115, 35.607597638449342 ], [ -81.981675414344423, 35.617072370354933 ], [ -81.956503094431042, 35.601034289254365 ], [ -81.961234178600847, 35.575528361048526 ], [ -81.991119572845079, 35.566058457231698 ] ] ] } },
{ "type": "Feature", "properties": { "hex_id": 1673, "n_locations": 108, "access_capacity_2023": 0.74009874939842824, "access_capacity_2026": 1.0043123835440222, "capacity_access_change": 0.26421363414559401, "quality_access_2023": 0.69599626720932584, "quality_access_2026": 0.86902382524114841, "quality_access_change": 0.17302755803182265, "mean_providers_2023": 25.055555555555557, "mean_providers_2026": 31.425925925925927, "pct_capacity_improved": 1.0, "pct_quality_improved": 1.0, "pct_persistent_low": 0.0, "persistence": "Not in lowest-access decile", "county": "McDowell" }, "geometry": { "type": "Polygon", "coordinates": [ [ [ -81.976948593082454, 35.64257822427377 ], [ -82.002138943257748, 35.658611403131871 ], [ -81.997416397459048, 35.68411719466939 ], [ -81.967485450768308, 35.693587748896221 ], [ -81.942290829867105, 35.677547668905916 ], [ -81.947031423222938, 35.652043938770781 ], [ -81.976948593082454, 35.64257822427377 ] ] ] } },
{ "type": "Feature", "properties": { "hex_id": 1676, "n_locations": 25, "access_capacity_2023": 0.23535253600439876, "access_capacity_2026": 0.23233308128222266, "capacity_access_change": -0.0030194547221760988, "quality_access_2023": 0.23535253600439876, "quality_access_2026": 0.2139158150951723, "quality_access_change": -0.021436720909226447, "mean_providers_2023": 5.08, "mean_providers_2026": 4.96, "pct_capacity_improved": 0.0, "pct_quality_improved": 0.24, "pct_persistent_low": 0.08, "persistence": "Not in lowest-access decile", "county": "McDowell" }, "geometry": { "type": "Polygon", "coordinates": [ [ [ -81.934264372452034, 35.872098625837964 ], [ -81.95952184295102, 35.888137931882611 ], [ -81.954770702526901, 35.913637391186711 ], [ -81.924743936552929, 35.923095462937283 ], [ -81.899482186089415, 35.907049197594468 ], [ -81.904251478366945, 35.88155182277638 ], [ -81.934264372452034, 35.872098625837964 ] ] ] } },
{ "type": "Feature", "properties": { "hex_id": 1678, "n_locations": 55, "access_capacity_2023": 0.86512321027297856, "access_capacity_2026": 1.0203325328301536, "capacity_access_change": 0.15520932255717496, "quality_access_2023": 0.79748550973354704, "quality_access_2026": 0.92793740450404139, "quality_access_change": 0.13045189477049429, "mean_providers_2023": 9.5090909090909097, "mean_providers_2026": 10.527272727272727, "pct_capacity_improved": 1.0, "pct_quality_improved": 0.96363636363636362, "pct_persistent_low": 0.0, "persistence": "Not in lowest-access decile", "county": "Avery" }, "geometry": { "type": "Polygon", "coordinates": [ [ [ -81.905664633002814, 36.02508100757769 ], [ -81.930967040152652, 36.041124556290178 ], [ -81.926196693194242, 36.066619994259007 ], [ -81.896105713989201, 36.076069786476538 ], [ -81.870799020756081, 36.060019239394471 ], [ -81.875587589588335, 36.034525901459908 ], [ -81.905664633002814, 36.02508100757769 ] ] ] } },
{ "type": "Feature", "properties": { "hex_id": 1679, "n_locations": 28, "access_capacity_2023": 0.44381101474076179, "access_capacity_2026": 0.50260542761926286, "capacity_access_change": 0.058794412878501075, "quality_access_2023": 0.38425295660699155, "quality_access_2026": 0.45930089169430549, "quality_access_change": 0.075047935087313944, "mean_providers_2023": 5.75, "mean_providers_2026": 6.4642857142857144, "pct_capacity_improved": 1.0, "pct_quality_improved": 1.0, "pct_persistent_low": 0.0, "persistence": "Not in lowest-access decile", "county": "Avery" }, "geometry": { "type": "Polygon", "coordinates": [ [ [ -81.891321426403664, 36.101563193207724 ], [ -81.916646359079763, 36.117608910901062 ], [ -81.911866365475973, 36.14310239852913 ], [ -81.881743178928289, 36.152548063611938 ], [ -81.856413957121973, 36.136495327923797 ], [ -81.861212207757745, 36.111003948152529 ], [ -81.891321426403664, 36.101563193207724 ] ] ] } },
{ "type": "Feature", "properties": { "hex_id": 1688, "n_locations": 12, "access_capacity_2023": 0.07337929723882318, "access_capacity_2026": 0.079773974782551799, "capacity_access_change": 0.0063946775437286234, "quality_access_2023": 0.064574873055718671, "quality_access_2026": 0.079773974782551799, "quality_access_change": 0.015199101726833131, "mean_providers_2023": 3.166666666666667, "mean_providers_2026": 3.3333333333333335, "pct_capacity_improved": 1.0, "pct_quality_improved": 0.83333333333333337, "pct_persistent_low": 1.0, "persistence": "Persistently lowest-access", "county": "Polk" }, "geometry": { "type": "Polygon", "coordinates": [ [ [ -82.027138624948407, 35.21836550822659 ], [ -82.052200002420435, 35.234394062484959 ], [ -82.047520288230473, 35.259911382428996 ], [ -82.017761339505796, 35.269398127587223 ], [ -81.99269571926699, 35.253362777370093 ], [ -81.997393287422597, 35.227847480852851 ], [ -82.027138624948407, 35.21836550822659 ] ] ] } },
{ "type": "Feature", "properties": { "hex_id": 1689, "n_locations": 13, "access_capacity_2023": 0.41593065055267875, "access_capacity_2026": 0.38989331564763291, "capacity_access_change": -0.026037334905045839, "quality_access_2023": 0.37998080384654775, "quality_access_2026": 0.33711494392630686, "quality_access_change": -0.042865859920240869, "mean_providers_2023": 19.076923076923077, "mean_providers_2026": 15.461538461538462, "pct_capacity_improved": 0.0, "pct_quality_improved": 0.0, "pct_persistent_low": 0.0, "persistence": "Not in lowest-access decile", "county": "Rutherford" }, "geometry": { "type": "Polygon", "coordinates": [ [ [ -82.013068009469364, 35.294913243865388 ], [ -82.038151500724567, 35.310943641442833 ], [ -82.033462421212917, 35.336458589253773 ], [ -82.003671959250539, 35.345941111462061 ], [ -81.978584222132397, 35.329903898907943 ], [ -81.983291189730309, 35.304390982030348 ], [ -82.013068009469364, 35.294913243865388 ] ] ] } },
{ "type": "Feature", "properties": { "hex_id": 1690, "n_locations": 35, "access_capacity_2023": 0.43752265916018163, "access_capacity_2026": 0.40765986964228679, "capacity_access_change": -0.029862789517894867, "quality_access_2023": 0.39245923349716461, "quality_access_2026": 0.31915590286950152, "quality_access_change": -0.073303330627663074, "mean_providers_2023": 18.771428571428572, "mean_providers_2026": 14.257142857142856, "pct_capacity_improved": 0.0, "pct_quality_improved": 0.0, "pct_persistent_low": 0.057142857142857141, "persistence": "Not in lowest-access decile", "county": "Rutherford" }, "geometry": { "type": "Polygon", "coordinates": [ [ [ -81.998969232849632, 35.371453871527883 ], [ -82.024074875152422, 35.387486143360398 ], [ -82.019376402383386, 35.412998758416222 ], [ -81.989554361887812, 35.422477066086167 ], [ -81.964444470633381, 35.40643796020322 ], [ -81.969160865704637, 35.38092738361771 ], [ -81.998969232849632, 35.371453871527883 ] ] ] } },
{ "type": "Feature", "properties": { "hex_id": 1691, "n_locations": 39, "access_capacity_2023": 0.28478348418419497, "access_capacity_2026": 0.28876000282268449, "capacity_access_change": 0.0039765186384894844, "quality_access_2023": 0.26492792093534895, "quality_access_2026": 0.20749386679113507, "quality_access_change": -0.057434054144213882, "mean_providers_2023": 13.282051282051283, "mean_providers_2026": 10.179487179487179, "pct_capacity_improved": 1.0, "pct_quality_improved": 0.02564102564102564, "pct_persistent_low": 0.076923076923076927, "persistence": "Not in lowest-access decile", "county": "Rutherford" }, "geometry": { "type": "Polygon", "coordinates": [ [ [ -81.984842211083816, 35.447987509344919 ], [ -82.009970041786616, 35.464021686456896 ], [ -82.005262147714106, 35.489532008221005 ], [ -81.975408463191087, 35.499006109761318 ], [ -81.950276380455549, 35.482965079469245 ], [ -81.955002231141876, 35.457456803742794 ], [ -81.984842211083816, 35.447987509344919 ] ] ] } },
{ "type": "Feature", "properties": { "hex_id": 1693, "n_locations": 33, "access_capacity_2023": 0.36829540848509074, "access_capacity_2026": 0.54785303811585528, "capacity_access_change": 0.17955762963076463, "quality_access_2023": 0.34919003539722437, "quality_access_2026": 0.4519337161905907, "quality_access_change": 0.10274368079336631, "mean_providers_2023": 14.90909090909091, "mean_providers_2026": 19.18181818181818, "pct_capacity_improved": 1.0, "pct_quality_improved": 0.81818181818181823, "pct_persistent_low": 0.18181818181818182, "persistence": "Not in lowest-access decile", "county": "McDowell" }, "geometry": { "type": "Polygon", "coordinates": [ [ [ -81.956503094431042, 35.601034289254365 ], [ -81.981675414344423, 35.617072370354933 ], [ -81.976948593082454, 35.64257822427377 ], [ -81.947031423222938, 35.652043938770781 ], [ -81.921854845137759, 35.63599896606074 ], [ -81.926599691925148, 35.610495173406861 ], [ -81.956503094431042, 35.601034289254365 ] ] ] } },
{ "type": "Feature", "properties": { "hex_id": 1694, "n_locations": 93, "access_capacity_2023": 0.54554028022679169, "access_capacity_2026": 0.72955265362099375, "capacity_access_change": 0.18401237339420204, "quality_access_2023": 0.52574435481107806, "quality_access_2026": 0.64921855791992789, "quality_access_change": 0.12347420310884981, "mean_providers_2023": 21.053763440860209, "mean_providers_2026": 26.967741935483872, "pct_capacity_improved": 1.0, "pct_quality_improved": 0.989247311827957, "pct_persistent_low": 0.0, "persistence": "Not in lowest-access decile", "county": "McDowell" }, "geometry": { "type": "Polygon", "coordinates": [ [ [ -81.942290829867105, 35.677547668905916 ], [ -81.967485450768308, 35.693587748896221 ], [ -81.962749123396861, 35.719091428437807 ], [ -81.932800111826865, 35.728552962016444 ], [ -81.907601229696112, 35.712505971116059 ], [ -81.91235561719364, 35.687004360499785 ], [ -81.942290829867105, 35.677547668905916 ] ] ] } },
{ "type": "Feature", "properties": { "hex_id": 1698, "n_locations": 18, "access_capacity_2023": 0.54263779068767526, "access_capacity_2026": 0.65080447004306896, "capacity_access_change": 0.10816667935539366, "quality_access_2023": 0.5083358468654916, "quality_access_2026": 0.58615421093676678, "quality_access_change": 0.077818364071275181, "mean_providers_2023": 7.166666666666667, "mean_providers_2026": 8.1666666666666661, "pct_capacity_improved": 1.0, "pct_quality_improved": 1.0, "pct_persistent_low": 0.0, "persistence": "Not in lowest-access decile", "county": "Avery" }, "geometry": { "type": "Polygon", "coordinates": [ [ [ -81.885155068061152, 35.983537236136954 ], [ -81.910439270876765, 35.999585626469212 ], [ -81.905664633002814, 36.02508100757769 ], [ -81.875587589588335, 36.034525901459908 ], [ -81.850299113392992, 36.01847052243253 ], [ -81.855091950769847, 35.992977241207214 ], [ -81.885155068061152, 35.983537236136954 ] ] ] } },
{ "type": "Feature", "properties": { "hex_id": 1699, "n_locations": 19, "access_capacity_2023": 0.72305449052779391, "access_capacity_2026": 0.89739318774865984, "capacity_access_change": 0.17433869722086587, "quality_access_2023": 0.64977252643071104, "quality_access_2026": 0.81609447643933142, "quality_access_change": 0.16632195000862041, "mean_providers_2023": 8.7368421052631575, "mean_providers_2026": 9.7894736842105257, "pct_capacity_improved": 1.0, "pct_quality_improved": 1.0, "pct_persistent_low": 0.0, "persistence": "Not in lowest-access decile", "county": "Avery" }, "geometry": { "type": "Polygon", "coordinates": [ [ [ -81.870799020756081, 36.060019239394471 ], [ -81.896105713989201, 36.076069786476538 ], [ -81.891321426403664, 36.101563193207724 ], [ -81.861212207757745, 36.111003948152529 ], [ -81.835901238128045, 36.094946392781139 ], [ -81.840703760305999, 36.06945509375273 ], [ -81.870799020756081, 36.060019239394471 ] ] ] } },
{ "type": "Feature", "properties": { "hex_id": 1700, "n_locations": 32, "access_capacity_2023": 0.361795235272244, "access_capacity_2026": 0.39784375885597112, "capacity_access_change": 0.036048523583727114, "quality_access_2023": 0.3153262931698686, "quality_access_2026": 0.38377305882000201, "quality_access_change": 0.068446765650133398, "mean_providers_2023": 3.78125, "mean_providers_2026": 4.21875, "pct_capacity_improved": 1.0, "pct_quality_improved": 1.0, "pct_persistent_low": 0.0625, "persistence": "Not in lowest-access decile", "county": "Avery" }, "geometry": { "type": "Polygon", "coordinates": [ [ [ -81.856413957121973, 36.136495327923797 ], [ -81.881743178928289, 36.152548063611938 ], [ -81.876949212566871, 36.178039536246899 ], [ -81.846807751370662, 36.187476160646554 ], [ -81.821474250159426, 36.171416397014838 ], [ -81.826286486301569, 36.145927039934826 ], [ -81.856413957121973, 36.136495327923797 ] ] ] } },
{ "type": "Feature", "properties": { "hex_id": 1708, "n_locations": 33, "access_capacity_2023": 0.041951245171145991, "access_capacity_2026": 0.043543940660213505, "capacity_access_change": 0.0015926954890675235, "quality_access_2023": 0.041859032382186086, "quality_access_2026": 0.043543940660213512, "quality_access_change": 0.0016849082780274242, "mean_providers_2023": 1.4242424242424243, "mean_providers_2026": 1.6060606060606062, "pct_capacity_improved": 1.0, "pct_quality_improved": 0.21212121212121213, "pct_persistent_low": 1.0, "persistence": "Persistently lowest-access", "county": "Polk" }, "geometry": { "type": "Polygon", "coordinates": [ [ [ -82.006779046019957, 35.176814477631517 ], [ -82.031822586548671, 35.19284799641563 ], [ -82.027138624948407, 35.21836550822659 ], [ -81.997393287422597, 35.227847480852851 ], [ -81.972345516502287, 35.211807175476437 ], [ -81.977047310403151, 35.186291686959542 ], [ -82.006779046019957, 35.176814477631517 ] ] ] } },
{ "type": "Feature", "properties": { "hex_id": 1709, "n_locations": 19, "access_capacity_2023": 0.42872446041276985, "access_capacity_2026": 0.48824835347342588, "capacity_access_change": 0.059523893060656037, "quality_access_2023": 0.38683008781220851, "quality_access_2026": 0.42384438225476384, "quality_access_change": 0.037014294442555364, "mean_providers_2023": 19.421052631578949, "mean_providers_2026": 17.263157894736842, "pct_capacity_improved": 1.0, "pct_quality_improved": 0.42105263157894735, "pct_persistent_low": 0.10526315789473684, "persistence": "Not in lowest-access decile", "county": "Rutherford" }, "geometry": { "type": "Polygon", "coordinates": [ [ [ -81.99269571926699, 35.253362777370093 ], [ -82.017761339505796, 35.269398127587223 ], [ -82.013068009469364, 35.294913243865388 ], [ -81.983291189730309, 35.304390982030348 ], [ -81.958221336032935, 35.28834882623137 ], [ -81.962932532424745, 35.262835740751449 ], [ -81.99269571926699, 35.253362777370093 ] ] ] } },
{ "type": "Feature", "properties": { "hex_id": 1710, "n_locations": 163, "access_capacity_2023": 0.60845264134223198, "access_capacity_2026": 0.53812115444618469, "capacity_access_change": -0.070331486896047318, "quality_access_2023": 0.55557028514408435, "quality_access_2026": 0.44860492319853185, "quality_access_change": -0.10696536194555259, "mean_providers_2023": 23.20245398773006, "mean_providers_2026": 18.141104294478531, "pct_capacity_improved": 0.0, "pct_quality_improved": 0.0, "pct_persistent_low": 0.0, "persistence": "Not in lowest-access decile", "county": "Rutherford" }, "geometry": { "type": "Polygon", "coordinates": [ [ [ -81.978584222132397, 35.329903898907943 ], [ -82.003671959250539, 35.345941111462061 ], [ -81.998969232849632, 35.371453871527883 ], [ -81.969160865704637, 35.38092738361771 ], [ -81.944068892068486, 35.364883346436812 ], [ -81.94878951897465, 35.339372624703842 ], [ -81.978584222132397, 35.329903898907943 ] ] ] } },
{ "type": "Feature", "properties": { "hex_id": 1711, "n_locations": 41, "access_capacity_2023": 0.38582480317014717, "access_capacity_2026": 0.3664621551762331, "capacity_access_change": -0.01936264799391408, "quality_access_2023": 0.35404404945350859, "quality_access_2026": 0.27796208894069735, "quality_access_change": -0.076081960512811214, "mean_providers_2023": 16.487804878048781, "mean_providers_2026": 12.048780487804878, "pct_capacity_improved": 0.0, "pct_quality_improved": 0.0, "pct_persistent_low": 0.0, "persistence": "Not in lowest-access decile", "county": "Rutherford" }, "geometry": { "type": "Polygon", "coordinates": [ [ [ -81.964444470633381, 35.40643796020322 ], [ -81.989554361887812, 35.422477066086167 ], [ -81.984842211083816, 35.447987509344919 ], [ -81.955002231141876, 35.457456803742794 ], [ -81.929888100317712, 35.441410854132499 ], [ -81.934618185872182, 35.415902456771413 ], [ -81.964444470633381, 35.40643796020322 ] ] ] } },
{ "type": "Feature", "properties": { "hex_id": 1714, "n_locations": 125, "access_capacity_2023": 0.45596751370875166, "access_capacity_2026": 0.66655956497633972, "capacity_access_change": 0.21059205126758807, "quality_access_2023": 0.43032566899169827, "quality_access_2026": 0.57331139540758569, "quality_access_change": 0.14298572641588742, "mean_providers_2023": 21.488, "mean_providers_2026": 28.072, "pct_capacity_improved": 1.0, "pct_quality_improved": 1.0, "pct_persistent_low": 0.0, "persistence": "Not in lowest-access decile", "county": "McDowell" }, "geometry": { "type": "Polygon", "coordinates": [ [ [ -81.921854845137759, 35.63599896606074 ], [ -81.947031423222938, 35.652043938770781 ], [ -81.942290829867105, 35.677547668905916 ], [ -81.91235561719364, 35.687004360499785 ], [ -81.887174790430407, 35.670952486420909 ], [ -81.891933421848321, 35.64545082506347 ], [ -81.921854845137759, 35.63599896606074 ] ] ] } },
{ "type": "Feature", "properties": { "hex_id": 1715, "n_locations": 16, "access_capacity_2023": 0.32241832044251756, "access_capacity_2026": 0.39197548162844265, "capacity_access_change": 0.069557161185925059, "quality_access_2023": 0.31673890411013383, "quality_access_2026": 0.3367775963257747, "quality_access_change": 0.020038692215640884, "mean_providers_2023": 13.5625, "mean_providers_2026": 16.875, "pct_capacity_improved": 1.0, "pct_quality_improved": 0.75, "pct_persistent_low": 0.125, "persistence": "Not in lowest-access decile", "county": "McDowell" }, "geometry": { "type": "Polygon", "coordinates": [ [ [ -81.907601229696112, 35.712505971116059 ], [ -81.932800111826865, 35.728552962016444 ], [ -81.928049980799855, 35.754054533836424 ], [ -81.89808289176672, 35.76350704124475 ], [ -81.87287975793781, 35.74745312964707 ], [ -81.877647961657232, 35.721953634293925 ], [ -81.907601229696112, 35.712505971116059 ] ] ] } },
{ "type": "Feature", "properties": { "hex_id": 1720, "n_locations": 11, "access_capacity_2023": 0.61349623141228327, "access_capacity_2026": 0.69681940111547414, "capacity_access_change": 0.083323169703190897, "quality_access_2023": 0.54992531502686504, "quality_access_2026": 0.65062183695241815, "quality_access_change": 0.10069652192555306, "mean_providers_2023": 7.6363636363636367, "mean_providers_2026": 8.6363636363636367, "pct_capacity_improved": 1.0, "pct_quality_improved": 1.0, "pct_persistent_low": 0.0, "persistence": "Not in lowest-access decile", "county": "Avery" }, "geometry": { "type": "Polygon", "coordinates": [ [ [ -81.835901238128045, 36.094946392781139 ], [ -81.861212207757745, 36.111003948152529 ], [ -81.856413957121973, 36.136495327923797 ], [ -81.826286486301569, 36.145927039934826 ], [ -81.800971249997772, 36.129862466344775 ], [ -81.805787747941665, 36.104373201963767 ], [ -81.835901238128045, 36.094946392781139 ] ] ] } },
{ "type": "Feature", "properties": { "hex_id": 1729, "n_locations": 19, "access_capacity_2023": 0.16100768149208391, "access_capacity_2026": 0.14033615720103149, "capacity_access_change": -0.020671524291052436, "quality_access_2023": 0.13840628503054059, "quality_access_2026": 0.13182600093860616, "quality_access_change": -0.0065802840919344267, "mean_providers_2023": 8.6315789473684212, "mean_providers_2026": 6.6842105263157894, "pct_capacity_improved": 0.0, "pct_quality_improved": 0.57894736842105265, "pct_persistent_low": 0.57894736842105265, "persistence": "Persistently lowest-access", "county": "Polk" }, "geometry": { "type": "Polygon", "coordinates": [ [ [ -81.972345516502287, 35.211807175476437 ], [ -81.997393287422597, 35.227847480852851 ], [ -81.99269571926699, 35.253362777370093 ], [ -81.962932532424745, 35.262835740751449 ], [ -81.937880540418504, 35.246788639177353 ], [ -81.942595953232853, 35.22127537331577 ], [ -81.972345516502287, 35.211807175476437 ] ] ] } },
{ "type": "Feature", "properties": { "hex_id": 1730, "n_locations": 73, "access_capacity_2023": 0.61030055835073471, "access_capacity_2026": 0.58372253805603747, "capacity_access_change": -0.026578020294697281, "quality_access_2023": 0.54957083331295853, "quality_access_2026": 0.50625316834996215, "quality_access_change": -0.043317664962996334, "mean_providers_2023": 23.698630136986303, "mean_providers_2026": 19.753424657534246, "pct_capacity_improved": 0.0, "pct_quality_improved": 0.068493150684931503, "pct_persistent_low": 0.0, "persistence": "Not in lowest-access decile", "county": "Rutherford" }, "geometry": { "type": "Polygon", "coordinates": [ [ [ -81.958221336032935, 35.28834882623137 ], [ -81.983291189730309, 35.304390982030348 ], [ -81.978584222132397, 35.329903898907943 ], [ -81.94878951897465, 35.339372624703842 ], [ -81.923715441161065, 35.323323653691013 ], [ -81.928440287501587, 35.297812775001105 ], [ -81.958221336032935, 35.28834882623137 ] ] ] } },
{ "type": "Feature", "properties": { "hex_id": 1731, "n_locations": 113, "access_capacity_2023": 0.57057591669924057, "access_capacity_2026": 0.52025972829273592, "capacity_access_change": -0.050316188406504585, "quality_access_2023": 0.52019481592716998, "quality_access_2026": 0.42655227675183471, "quality_access_change": -0.093642539175335299, "mean_providers_2023": 21.371681415929203, "mean_providers_2026": 16.823008849557521, "pct_capacity_improved": 0.0, "pct_quality_improved": 0.0, "pct_persistent_low": 0.0, "persistence": "Not in lowest-access decile", "county": "Rutherford" }, "geometry": { "type": "Polygon", "coordinates": [ [ [ -81.944068892068486, 35.364883346436812 ], [ -81.969160865704637, 35.38092738361771 ], [ -81.964444470633381, 35.40643796020322 ], [ -81.934618185872182, 35.415902456771413 ], [ -81.909521985097328, 35.399851585305001 ], [ -81.914256293090219, 35.374343054469655 ], [ -81.944068892068486, 35.364883346436812 ] ] ] } },
{ "type": "Feature", "properties": { "hex_id": 1732, "n_locations": 16, "access_capacity_2023": 0.27961809595612425, "access_capacity_2026": 0.28572051750158911, "capacity_access_change": 0.0061024215454648645, "quality_access_2023": 0.25475568944526733, "quality_access_2026": 0.2275764593187358, "quality_access_change": -0.027179230126531541, "mean_providers_2023": 14.1875, "mean_providers_2026": 10.625, "pct_capacity_improved": 1.0, "pct_quality_improved": 0.4375, "pct_persistent_low": 0.0, "persistence": "Not in lowest-access decile", "county": "Rutherford" }, "geometry": { "type": "Polygon", "coordinates": [ [ [ -81.929888100317712, 35.441410854132499 ], [ -81.955002231141876, 35.457456803742794 ], [ -81.950276380455549, 35.482965079469245 ], [ -81.920418448604337, 35.49242535516462 ], [ -81.895300087626765, 35.476372552140894 ], [ -81.900043885509263, 35.450866329757794 ], [ -81.929888100317712, 35.441410854132499 ] ] ] } },
{ "type": "Feature", "properties": { "hex_id": 1733, "n_locations": 12, "access_capacity_2023": 0.0, "access_capacity_2026": 0.0, "capacity_access_change": 0.0, "quality_access_2023": 0.0, "quality_access_2026": 0.0, "quality_access_change": 0.0, "mean_providers_2023": 0.0, "mean_providers_2026": 0.0, "pct_capacity_improved": 0.0, "pct_quality_improved": 0.0, "pct_persistent_low": 1.0, "persistence": "Persistently lowest-access", "county": "McDowell" }, "geometry": { "type": "Polygon", "coordinates": [ [ [ -81.915678876156363, 35.51793146761436 ], [ -81.940815201505643, 35.533979360790752 ], [ -81.936079866951204, 35.559485375177502 ], [ -81.906190222323985, 35.568941438351928 ], [ -81.881049663814551, 35.552886672577799 ], [ -81.885802979935505, 35.527382719158439 ], [ -81.915678876156363, 35.51793146761436 ] ] ] } },
{ "type": "Feature", "properties": { "hex_id": 1734, "n_locations": 38, "access_capacity_2023": 0.20358644861541325, "access_capacity_2026": 0.28377593516557204, "capacity_access_change": 0.080189486550158784, "quality_access_2023": 0.19831018928026747, "quality_access_2026": 0.2278155152654357, "quality_access_change": 0.029505325985168234, "mean_providers_2023": 9.6052631578947363, "mean_providers_2026": 12.578947368421051, "pct_capacity_improved": 1.0, "pct_quality_improved": 0.68421052631578949, "pct_persistent_low": 0.23684210526315788, "persistence": "Not in lowest-access decile", "county": "McDowell" }, "geometry": { "type": "Polygon", "coordinates": [ [ [ -81.901441134625614, 35.59444530543783 ], [ -81.926599691925148, 35.610495173406861 ], [ -81.921854845137759, 35.63599896606074 ], [ -81.891933421848321, 35.64545082506347 ], [ -81.866770628389943, 35.629394065255497 ], [ -81.871533491210357, 35.60389234122416 ], [ -81.901441134625614, 35.59444530543783 ] ] ] } },
{ "type": "Feature", "properties": { "hex_id": 1735, "n_locations": 58, "access_capacity_2023": 0.50350162281941058, "access_capacity_2026": 0.68435356253153568, "capacity_access_change": 0.18085193971212515, "quality_access_2023": 0.47950361294800753, "quality_access_2026": 0.60001875666602589, "quality_access_change": 0.12051514371801836, "mean_providers_2023": 24.586206896551722, "mean_providers_2026": 31.206896551724135, "pct_capacity_improved": 1.0, "pct_quality_improved": 1.0, "pct_persistent_low": 0.0, "persistence": "Not in lowest-access decile", "county": "McDowell" }, "geometry": { "type": "Polygon", "coordinates": [ [ [ -81.887174790430407, 35.670952486420909 ], [ -81.91235561719364, 35.687004360499785 ], [ -81.907601229696112, 35.712505971116059 ], [ -81.877647961657232, 35.721953634293925 ], [ -81.852462895744608, 35.705894849077566 ], [ -81.857235333838219, 35.680395314770124 ], [ -81.887174790430407, 35.670952486420909 ] ] ] } },
{ "type": "Feature", "properties": { "hex_id": 1750, "n_locations": 63, "access_capacity_2023": 0.44489999381875672, "access_capacity_2026": 0.41938102590139653, "capacity_access_change": -0.02551896791736016, "quality_access_2023": 0.39894818205257321, "quality_access_2026": 0.36202729245525467, "quality_access_change": -0.036920889597318519, "mean_providers_2023": 20.714285714285715, "mean_providers_2026": 16.746031746031747, "pct_capacity_improved": 0.0, "pct_quality_improved": 0.047619047619047616, "pct_persistent_low": 0.0, "persistence": "Not in lowest-access decile", "county": "Rutherford" }, "geometry": { "type": "Polygon", "coordinates": [ [ [ -81.937880540418504, 35.246788639177353 ], [ -81.962932532424745, 35.262835740751449 ], [ -81.958221336032935, 35.28834882623137 ], [ -81.928440287501587, 35.297812775001105 ], [ -81.903384083749245, 35.281758867615252 ], [ -81.908113137155368, 35.256247820170444 ], [ -81.937880540418504, 35.246788639177353 ] ] ] } },
{ "type": "Feature", "properties": { "hex_id": 1751, "n_locations": 254, "access_capacity_2023": 0.72534241230663965, "access_capacity_2026": 0.67531349128578011, "capacity_access_change": -0.050028921020859554, "quality_access_2023": 0.65866003676256457, "quality_access_2026": 0.57433675898940606, "quality_access_change": -0.084323277773158511, "mean_providers_2023": 23.681102362204726, "mean_providers_2026": 18.830708661417322, "pct_capacity_improved": 0.0, "pct_quality_improved": 0.035433070866141732, "pct_persistent_low": 0.0, "persistence": "Not in lowest-access decile", "county": "Rutherford" }, "geometry": { "type": "Polygon", "coordinates": [ [ [ -81.923715441161065, 35.323323653691013 ], [ -81.94878951897465, 35.339372624703842 ], [ -81.944068892068486, 35.364883346436812 ], [ -81.914256293090219, 35.374343054469655 ], [ -81.889178000537143, 35.358287258602083 ], [ -81.893916518570549, 35.332778582464208 ], [ -81.923715441161065, 35.323323653691013 ] ] ] } },
{ "type": "Feature", "properties": { "hex_id": 1752, "n_locations": 29, "access_capacity_2023": 0.42926320861885636, "access_capacity_2026": 0.38891397985941262, "capacity_access_change": -0.040349228759443696, "quality_access_2023": 0.38394238520171958, "quality_access_2026": 0.30342253110684769, "quality_access_change": -0.080519854094871904, "mean_providers_2023": 18.758620689655171, "mean_providers_2026": 14.0, "pct_capacity_improved": 0.0, "pct_quality_improved": 0.0, "pct_persistent_low": 0.034482758620689655, "persistence": "Not in lowest-access decile", "county": "Rutherford" }, "geometry": { "type": "Polygon", "coordinates": [ [ [ -81.909521985097328, 35.399851585305001 ], [ -81.934618185872182, 35.415902456771413 ], [ -81.929888100317712, 35.441410854132499 ], [ -81.900043885509263, 35.450866329757794 ], [ -81.874943467009402, 35.434808614337733 ], [ -81.879691477899328, 35.40930227016252 ], [ -81.909521985097328, 35.399851585305001 ] ] ] } },
{ "type": "Feature", "properties": { "hex_id": 1754, "n_locations": 24, "access_capacity_2023": 0.066725378730622009, "access_capacity_2026": 0.10444621661305155, "capacity_access_change": 0.037720837882429553, "quality_access_2023": 0.064780301114485073, "quality_access_2026": 0.07972793616299638, "quality_access_change": 0.014947635048511314, "mean_providers_2023": 3.875, "mean_providers_2026": 5.0833333333333339, "pct_capacity_improved": 1.0, "pct_quality_improved": 0.45833333333333331, "pct_persistent_low": 0.70833333333333337, "persistence": "Persistently lowest-access", "county": "McDowell" }, "geometry": { "type": "Polygon", "coordinates": [ [ [ -81.881049663814551, 35.552886672577799 ], [ -81.906190222323985, 35.568941438351928 ], [ -81.901441134625614, 35.59444530543783 ], [ -81.871533491210357, 35.60389234122416 ], [ -81.846388709029156, 35.587830693129732 ], [ -81.851155790766384, 35.562328894503587 ], [ -81.881049663814551, 35.552886672577799 ] ] ] } },
{ "type": "Feature", "properties": { "hex_id": 1755, "n_locations": 69, "access_capacity_2023": 0.3490818178506947, "access_capacity_2026": 0.47882970916998285, "capacity_access_change": 0.12974789131928816, "quality_access_2023": 0.33004770453723536, "quality_access_2026": 0.40794146810546189, "quality_access_change": 0.07789376356822654, "mean_providers_2023": 18.304347826086957, "mean_providers_2026": 23.695652173913043, "pct_capacity_improved": 1.0, "pct_quality_improved": 0.98550724637681164, "pct_persistent_low": 0.014492753623188406, "persistence": "Not in lowest-access decile", "county": "McDowell" }, "geometry": { "type": "Polygon", "coordinates": [ [ [ -81.866770628389943, 35.629394065255497 ], [ -81.891933421848321, 35.64545082506347 ], [ -81.887174790430407, 35.670952486420909 ], [ -81.857235333838219, 35.680395314770124 ], [ -81.832068313746944, 35.664331653373104 ], [ -81.836844973699641, 35.638832068159175 ], [ -81.866770628389943, 35.629394065255497 ] ] ] } },
{ "type": "Feature", "properties": { "hex_id": 1756, "n_locations": 18, "access_capacity_2023": 0.29736484122328233, "access_capacity_2026": 0.44109293665280308, "capacity_access_change": 0.14372809542952078, "quality_access_2023": 0.27290278577500954, "quality_access_2026": 0.39834313724641257, "quality_access_change": 0.12544035147140306, "mean_providers_2023": 16.277777777777779, "mean_providers_2026": 21.555555555555557, "pct_capacity_improved": 1.0, "pct_quality_improved": 1.0, "pct_persistent_low": 0.0, "persistence": "Not in lowest-access decile", "county": "Burke" }, "geometry": { "type": "Polygon", "coordinates": [ [ [ -81.852462895744608, 35.705894849077566 ], [ -81.877647961657232, 35.721953634293925 ], [ -81.87287975793781, 35.74745312964707 ], [ -81.842908421984731, 35.756891758877593 ], [ -81.817719126486452, 35.740826052745781 ], [ -81.822505393333159, 35.71532864125119 ], [ -81.852462895744608, 35.705894849077566 ] ] ] } },
{ "type": "Feature", "properties": { "hex_id": 1757, "n_locations": 10, "access_capacity_2023": 0.19159088226444698, "access_capacity_2026": 0.2878524650241453, "capacity_access_change": 0.096261582759698344, "quality_access_2023": 0.15988846246410301, "quality_access_2026": 0.26470868438756073, "quality_access_change": 0.10482022192345769, "mean_providers_2023": 10.4, "mean_providers_2026": 14.1, "pct_capacity_improved": 1.0, "pct_quality_improved": 1.0, "pct_persistent_low": 0.0, "persistence": "Not in lowest-access decile", "county": "Burke" }, "geometry": { "type": "Polygon", "coordinates": [ [ [ -81.838126379930955, 35.78238914321426 ], [ -81.863333755891546, 35.798449985305723 ], [ -81.858555951175305, 35.823947354468878 ], [ -81.828552669475243, 35.833381792896425 ], [ -81.803341060984636, 35.817314010505292 ], [ -81.808136963517669, 35.791818732947505 ], [ -81.838126379930955, 35.78238914321426 ] ] ] } },
{ "type": "Feature", "properties": { "hex_id": 1770, "n_locations": 20, "access_capacity_2023": 0.24987253439151483, "access_capacity_2026": 0.24424586873899296, "capacity_access_change": -0.0056266656525218719, "quality_access_2023": 0.22551305348566625, "quality_access_2026": 0.22191201790921522, "quality_access_change": -0.0036010355764510239, "mean_providers_2023": 12.5, "mean_providers_2026": 10.75, "pct_capacity_improved": 0.0, "pct_quality_improved": 0.45, "pct_persistent_low": 0.3, "persistence": "Not in lowest-access decile", "county": "Rutherford" }, "geometry": { "type": "Polygon", "coordinates": [ [ [ -81.91756180122232, 35.205223323429088 ], [ -81.942595953232853, 35.22127537331577 ], [ -81.937880540418504, 35.246788639177353 ], [ -81.908113137155368, 35.256247820170444 ], [ -81.88307478573725, 35.240188973863262 ], [ -81.887808033871764, 35.214677745876607 ], [ -81.91756180122232, 35.205223323429088 ] ] ] } },
{ "type": "Feature", "properties": { "hex_id": 1771, "n_locations": 142, "access_capacity_2023": 0.72989501697792969, "access_capacity_2026": 0.69931135710631243, "capacity_access_change": -0.030583659871617212, "quality_access_2023": 0.65776408934216568, "quality_access_2026": 0.6115357397811978, "quality_access_change": -0.046228349560967982, "mean_providers_2023": 25.007042253521128, "mean_providers_2026": 20.47887323943662, "pct_capacity_improved": 0.0, "pct_quality_improved": 0.042253521126760563, "pct_persistent_low": 0.0, "persistence": "Not in lowest-access decile", "county": "Rutherford" }, "geometry": { "type": "Polygon", "coordinates": [ [ [ -81.903384083749245, 35.281758867615252 ], [ -81.928440287501587, 35.297812775001105 ], [ -81.923715441161065, 35.323323653691013 ], [ -81.893916518570549, 35.332778582464208 ], [ -81.868856112446167, 35.316717859643518 ], [ -81.873598828153959, 35.291209026386234 ], [ -81.903384083749245, 35.281758867615252 ] ] ] } },
{ "type": "Feature", "properties": { "hex_id": 1772, "n_locations": 50, "access_capacity_2023": 0.53695822850325914, "access_capacity_2026": 0.47604484090598964, "capacity_access_change": -0.060913387597269532, "quality_access_2023": 0.48649081150009971, "quality_access_2026": 0.40153357508447152, "quality_access_change": -0.084957236415628176, "mean_providers_2023": 22.08, "mean_providers_2026": 16.48, "pct_capacity_improved": 0.0, "pct_quality_improved": 0.0, "pct_persistent_low": 0.0, "persistence": "Not in lowest-access decile", "county": "Rutherford" }, "geometry": { "type": "Polygon", "coordinates": [ [ [ -81.889178000537143, 35.358287258602083 ], [ -81.914256293090219, 35.374343054469655 ], [ -81.909521985097328, 35.399851585305001 ], [ -81.879691477899328, 35.40930227016252 ], [ -81.854608980017829, 35.393239639790231 ], [ -81.85936119151998, 35.367733161975643 ], [ -81.889178000537143, 35.358287258602083 ] ] ] } },
{ "type": "Feature", "properties": { "hex_id": 1773, "n_locations": 25, "access_capacity_2023": 0.28232046434155084, "access_capacity_2026": 0.25147659139833778, "capacity_access_change": -0.030843872943213071, "quality_access_2023": 0.25730498239035737, "quality_access_2026": 0.19459509574295328, "quality_access_change": -0.062709886647404109, "mean_providers_2023": 14.64, "mean_providers_2026": 10.36, "pct_capacity_improved": 0.0, "pct_quality_improved": 0.0, "pct_persistent_low": 0.24, "persistence": "Not in lowest-access decile", "county": "Rutherford" }, "geometry": { "type": "Polygon", "coordinates": [ [ [ -81.874943467009402, 35.434808614337733 ], [ -81.900043885509263, 35.450866329757794 ], [ -81.895300087626765, 35.476372552140894 ], [ -81.865437930342651, 35.485819001383653 ], [ -81.840333303566069, 35.46975443233304 ], [ -81.845095039195144, 35.444250270589571 ], [ -81.874943467009402, 35.434808614337733 ] ] ] } },
{ "type": "Feature", "properties": { "hex_id": 1775, "n_locations": 24, "access_capacity_2023": 0.1131816595526407, "access_capacity_2026": 0.20135123801236166, "capacity_access_change": 0.088169578459720954, "quality_access_2023": 0.10831245715952076, "quality_access_2026": 0.16471236485080237, "quality_access_change": 0.056399907691281614, "mean_providers_2023": 8.3333333333333339, "mean_providers_2026": 11.75, "pct_capacity_improved": 1.0, "pct_quality_improved": 0.95833333333333337, "pct_persistent_low": 0.41666666666666669, "persistence": "Persistently lowest-access", "county": "McDowell" }, "geometry": { "type": "Polygon", "coordinates": [ [ [ -81.846388709029156, 35.587830693129732 ], [ -81.871533491210357, 35.60389234122416 ], [ -81.866770628389943, 35.629394065255497 ], [ -81.836844973699641, 35.638832068159175 ], [ -81.811695977369823, 35.622763528012676 ], [ -81.81647684669872, 35.597263879951718 ], [ -81.846388709029156, 35.587830693129732 ] ] ] } },
{ "type": "Feature", "properties": { "hex_id": 1776, "n_locations": 64, "access_capacity_2023": 0.67945906639164322, "access_capacity_2026": 0.91233346192839193, "capacity_access_change": 0.23287439553674869, "quality_access_2023": 0.62554237785019062, "quality_access_2026": 0.80025912664810372, "quality_access_change": 0.17471674879791313, "mean_providers_2023": 35.75, "mean_providers_2026": 43.703125, "pct_capacity_improved": 1.0, "pct_quality_improved": 1.0, "pct_persistent_low": 0.0, "persistence": "Not in lowest-access decile", "county": "Burke" }, "geometry": { "type": "Polygon", "coordinates": [ [ [ -81.832068313746944, 35.664331653373104 ], [ -81.857235333838219, 35.680395314770124 ], [ -81.852462895744608, 35.705894849077566 ], [ -81.822505393333159, 35.71532864125119 ], [ -81.797334156169924, 35.699258068505657 ], [ -81.80212463529729, 35.673760617881094 ], [ -81.832068313746944, 35.664331653373104 ] ] ] } },
{ "type": "Feature", "properties": { "hex_id": 1777, "n_locations": 49, "access_capacity_2023": 0.27727203723681015, "access_capacity_2026": 0.39274619108621844, "capacity_access_change": 0.11547415384940829, "quality_access_2023": 0.24245198606700624, "quality_access_2026": 0.36162802740099165, "quality_access_change": 0.11917604133398539, "mean_providers_2023": 15.714285714285714, "mean_providers_2026": 19.693877551020407, "pct_capacity_improved": 1.0, "pct_quality_improved": 1.0, "pct_persistent_low": 0.0, "persistence": "Not in lowest-access decile", "county": "Burke" }, "geometry": { "type": "Polygon", "coordinates": [ [ [ -81.817719126486452, 35.740826052745781 ], [ -81.842908421984731, 35.756891758877593 ], [ -81.838126379930955, 35.78238914321426 ], [ -81.808136963517669, 35.791818732947505 ], [ -81.782943448032555, 35.775746096113068 ], [ -81.787743565742062, 35.750250803203159 ], [ -81.817719126486452, 35.740826052745781 ] ] ] } },
{ "type": "Feature", "properties": { "hex_id": 1778, "n_locations": 18, "access_capacity_2023": 0.20293869342352214, "access_capacity_2026": 0.30342623104525707, "capacity_access_change": 0.1004875376217349, "quality_access_2023": 0.17306042224556747, "quality_access_2026": 0.27899542813282102, "quality_access_change": 0.10593500588725355, "mean_providers_2023": 11.555555555555555, "mean_providers_2026": 14.611111111111111, "pct_capacity_improved": 1.0, "pct_quality_improved": 1.0, "pct_persistent_low": 0.16666666666666666, "persistence": "Not in lowest-access decile", "county": "Burke" }, "geometry": { "type": "Polygon", "coordinates": [ [ [ -81.803341060984636, 35.817314010505292 ], [ -81.828552669475243, 35.833381792896425 ], [ -81.823760994660475, 35.858877067106164 ], [ -81.793739597762126, 35.86830246268633 ], [ -81.768523766378451, 35.852227730180168 ], [ -81.773333551567973, 35.826734555172976 ], [ -81.803341060984636, 35.817314010505292 ] ] ] } },
{ "type": "Feature", "properties": { "hex_id": 1790, "n_locations": 16, "access_capacity_2023": 0.087763341861001348, "access_capacity_2026": 0.083494677991266517, "capacity_access_change": -0.0042686638697348222, "quality_access_2023": 0.074263217120372274, "quality_access_2026": 0.07852252206445666, "quality_access_change": 0.0042593049440843873, "mean_providers_2023": 5.25, "mean_providers_2026": 4.875, "pct_capacity_improved": 0.0, "pct_quality_improved": 0.4375, "pct_persistent_low": 0.875, "persistence": "Persistently lowest-access", "county": "Rutherford" }, "geometry": { "type": "Polygon", "coordinates": [ [ [ -81.89726508444339, 35.163652864673679 ], [ -81.922281418119383, 35.179709865417557 ], [ -81.91756180122232, 35.205223323429088 ], [ -81.887808033871764, 35.214677745876607 ], [ -81.862787513095071, 35.198613958092729 ], [ -81.867524943652413, 35.173102537788473 ], [ -81.89726508444339, 35.163652864673679 ] ] ] } },
{ "type": "Feature", "properties": { "hex_id": 1791, "n_locations": 47, "access_capacity_2023": 0.53655671559548213, "access_capacity_2026": 0.50985702984277648, "capacity_access_change": -0.026699685752705645, "quality_access_2023": 0.48041985950090121, "quality_access_2026": 0.44417244596318323, "quality_access_change": -0.036247413537717953, "mean_providers_2023": 22.276595744680851, "mean_providers_2026": 18.404255319148938, "pct_capacity_improved": 0.0, "pct_quality_improved": 0.0, "pct_persistent_low": 0.0, "persistence": "Not in lowest-access decile", "county": "Rutherford" }, "geometry": { "type": "Polygon", "coordinates": [ [ [ -81.88307478573725, 35.240188973863262 ], [ -81.908113137155368, 35.256247820170444 ], [ -81.903384083749245, 35.281758867615252 ], [ -81.873598828153959, 35.291209026386234 ], [ -81.848556286699619, 35.275143374053322 ], [ -81.853303187747287, 35.249634371870968 ], [ -81.88307478573725, 35.240188973863262 ] ] ] } },
{ "type": "Feature", "properties": { "hex_id": 1792, "n_locations": 415, "access_capacity_2023": 0.69014125192641362, "access_capacity_2026": 0.64119073667728965, "capacity_access_change": -0.048950515249123895, "quality_access_2023": 0.62201067240772412, "quality_access_2026": 0.55741261915499329, "quality_access_change": -0.064598053252730783, "mean_providers_2023": 25.260240963855424, "mean_providers_2026": 20.308433734939758, "pct_capacity_improved": 0.0, "pct_quality_improved": 0.016867469879518072, "pct_persistent_low": 0.0, "persistence": "Not in lowest-access decile", "county": "Rutherford" }, "geometry": { "type": "Polygon", "coordinates": [ [ [ -81.868856112446167, 35.316717859643518 ], [ -81.893916518570549, 35.332778582464208 ], [ -81.889178000537143, 35.358287258602083 ], [ -81.85936119151998, 35.367733161975643 ], [ -81.834296592431954, 35.351665614088148 ], [ -81.8390529921829, 35.326158990798412 ], [ -81.868856112446167, 35.316717859643518 ] ] ] } },
{ "type": "Feature", "properties": { "hex_id": 1793, "n_locations": 21, "access_capacity_2023": 0.32693877299824264, "access_capacity_2026": 0.28841268003212539, "capacity_access_change": -0.038526092966117267, "quality_access_2023": 0.29769777958859689, "quality_access_2026": 0.23181362005267564, "quality_access_change": -0.06588415953592125, "mean_providers_2023": 16.476190476190474, "mean_providers_2026": 12.666666666666666, "pct_capacity_improved": 0.0, "pct_quality_improved": 0.0, "pct_persistent_low": 0.047619047619047616, "persistence": "Not in lowest-access decile", "county": "Rutherford" }, "geometry": { "type": "Polygon", "coordinates": [ [ [ -81.854608980017829, 35.393239639790231 ], [ -81.879691477899328, 35.40930227016252 ], [ -81.874943467009402, 35.434808614337733 ], [ -81.845095039195144, 35.444250270589571 ], [ -81.820008345430736, 35.428180796053596 ], [ -81.824774272209226, 35.402676512342879 ], [ -81.854608980017829, 35.393239639790231 ] ] ] } },
{ "type": "Feature", "properties": { "hex_id": 1796, "n_locations": 85, "access_capacity_2023": 0.2239261914481418, "access_capacity_2026": 0.34688996618914081, "capacity_access_change": 0.12296377474099907, "quality_access_2023": 0.19517137240127999, "quality_access_2026": 0.30673039123700147, "quality_access_change": 0.11155901883572153, "mean_providers_2023": 15.682352941176466, "mean_providers_2026": 20.329411764705888, "pct_capacity_improved": 1.0, "pct_quality_improved": 1.0, "pct_persistent_low": 0.2, "persistence": "Not in lowest-access decile", "county": "Burke" }, "geometry": { "type": "Polygon", "coordinates": [ [ [ -81.811695977369823, 35.622763528012676 ], [ -81.836844973699641, 35.638832068159175 ], [ -81.832068313746944, 35.664331653373104 ], [ -81.80212463529729, 35.673760617881094 ], [ -81.776971434376961, 35.657685175941651 ], [ -81.781766113304926, 35.632187674227147 ], [ -81.811695977369823, 35.622763528012676 ] ] ] } },
{ "type": "Feature", "properties": { "hex_id": 1797, "n_locations": 144, "access_capacity_2023": 0.55441757278556381, "access_capacity_2026": 0.79467719606845955, "capacity_access_change": 0.24025962328289574, "quality_access_2023": 0.50052326115539014, "quality_access_2026": 0.7010921458218774, "quality_access_change": 0.20056888466648726, "mean_providers_2023": 29.333333333333332, "mean_providers_2026": 36.201388888888886, "pct_capacity_improved": 1.0, "pct_quality_improved": 1.0, "pct_persistent_low": 0.0, "persistence": "Not in lowest-access decile", "county": "Burke" }, "geometry": { "type": "Polygon", "coordinates": [ [ [ -81.797334156169924, 35.699258068505657 ], [ -81.822505393333159, 35.71532864125119 ], [ -81.817719126486452, 35.740826052745781 ], [ -81.787743565742062, 35.750250803203159 ], [ -81.762568121102831, 35.734173309340463 ], [ -81.767372441479452, 35.708677989086496 ], [ -81.797334156169924, 35.699258068505657 ] ] ] } },
{ "type": "Feature", "properties": { "hex_id": 1798, "n_locations": 98, "access_capacity_2023": 0.33184037468342831, "access_capacity_2026": 0.49030427858936104, "capacity_access_change": 0.15846390390593276, "quality_access_2023": 0.29438985214943786, "quality_access_2026": 0.45778921643564058, "quality_access_change": 0.16339936428620272, "mean_providers_2023": 17.693877551020407, "mean_providers_2026": 21.5, "pct_capacity_improved": 1.0, "pct_quality_improved": 1.0, "pct_persistent_low": 0.0, "persistence": "Not in lowest-access decile", "county": "Burke" }, "geometry": { "type": "Polygon", "coordinates": [ [ [ -81.782943448032555, 35.775746096113068 ], [ -81.808136963517669, 35.791818732947505 ], [ -81.803341060984636, 35.817314010505292 ], [ -81.773333551567973, 35.826734555172976 ], [ -81.748135825730088, 35.810654977839292 ], [ -81.752949816444399, 35.785161799295082 ], [ -81.782943448032555, 35.775746096113068 ] ] ] } },
{ "type": "Feature", "properties": { "hex_id": 1811, "n_locations": 28, "access_capacity_2023": 0.43829187024532879, "access_capacity_2026": 0.44021986592691487, "capacity_access_change": 0.0019279956815861012, "quality_access_2023": 0.4003699054977754, "quality_access_2026": 0.38355069677410725, "quality_access_change": -0.016819208723668176, "mean_providers_2023": 20.464285714285715, "mean_providers_2026": 17.392857142857142, "pct_capacity_improved": 1.0, "pct_quality_improved": 0.39285714285714285, "pct_persistent_low": 0.0, "persistence": "Not in lowest-access decile", "county": "Rutherford" }, "geometry": { "type": "Polygon", "coordinates": [ [ [ -81.862787513095071, 35.198613958092729 ], [ -81.887808033871764, 35.214677745876607 ], [ -81.88307478573725, 35.240188973863262 ], [ -81.853303187747287, 35.249634371870968 ], [ -81.828278489238642, 35.233563787459715 ], [ -81.833029563323294, 35.208054604557951 ], [ -81.862787513095071, 35.198613958092729 ] ] ] } },
{ "type": "Feature", "properties": { "hex_id": 1812, "n_locations": 167, "access_capacity_2023": 0.62912954848401925, "access_capacity_2026": 0.59884078711979183, "capacity_access_change": -0.030288761364227489, "quality_access_2023": 0.56206893840493233, "quality_access_2026": 0.5127154215053078, "quality_access_change": -0.049353516899624576, "mean_providers_2023": 24.994011976047904, "mean_providers_2026": 20.281437125748504, "pct_capacity_improved": 0.0, "pct_quality_improved": 0.0059880239520958087, "pct_persistent_low": 0.0, "persistence": "Not in lowest-access decile", "county": "Rutherford" }, "geometry": { "type": "Polygon", "coordinates": [ [ [ -81.848556286699619, 35.275143374053322 ], [ -81.873598828153959, 35.291209026386234 ], [ -81.868856112446167, 35.316717859643518 ], [ -81.8390529921829, 35.326158990798412 ], [ -81.814006270098034, 35.310086522825685 ], [ -81.818766845766035, 35.284579742236453 ], [ -81.848556286699619, 35.275143374053322 ] ] ] } },
{ "type": "Feature", "properties": { "hex_id": 1813, "n_locations": 53, "access_capacity_2023": 0.41063792640060937, "access_capacity_2026": 0.39536894892869262, "capacity_access_change": -0.015268977471916729, "quality_access_2023": 0.36813239220931893, "quality_access_2026": 0.33165672836817689, "quality_access_change": -0.036475663841142064, "mean_providers_2023": 19.981132075471699, "mean_providers_2026": 16.679245283018865, "pct_capacity_improved": 0.0, "pct_quality_improved": 0.075471698113207544, "pct_persistent_low": 0.0, "persistence": "Not in lowest-access decile", "county": "Rutherford" }, "geometry": { "type": "Polygon", "coordinates": [ [ [ -81.834296592431954, 35.351665614088148 ], [ -81.85936119151998, 35.367733161975643 ], [ -81.854608980017829, 35.393239639790231 ], [ -81.824774272209226, 35.402676512342879 ], [ -81.799705489600356, 35.386602129747651 ], [ -81.804475595167602, 35.361097712214836 ], [ -81.834296592431954, 35.351665614088148 ] ] ] } },
{ "type": "Feature", "properties": { "hex_id": 1814, "n_locations": 43, "access_capacity_2023": 0.11571456778703533, "access_capacity_2026": 0.11695022776706282, "capacity_access_change": 0.0012356599800275039, "quality_access_2023": 0.10589385180725638, "quality_access_2026": 0.081840634844922405, "quality_access_change": -0.024053216962333982, "mean_providers_2023": 5.7674418604651185, "mean_providers_2026": 5.1162790697674403, "pct_capacity_improved": 1.0, "pct_quality_improved": 0.34883720930232559, "pct_persistent_low": 0.69767441860465118, "persistence": "Persistently lowest-access", "county": "Rutherford" }, "geometry": { "type": "Polygon", "coordinates": [ [ [ -81.820008345430736, 35.428180796053596 ], [ -81.845095039195144, 35.444250270589571 ], [ -81.840333303566069, 35.46975443233304 ], [ -81.810466942741726, 35.4791870545303 ], [ -81.785376062574514, 35.463110726162824 ], [ -81.790155726468669, 35.4376086323457 ], [ -81.820008345430736, 35.428180796053596 ] ] ] } },
{ "type": "Feature", "properties": { "hex_id": 1816, "n_locations": 15, "access_capacity_2023": 0.10515083845130135, "access_capacity_2026": 0.20266097179268491, "capacity_access_change": 0.097510133341383545, "quality_access_2023": 0.086306653223935728, "quality_access_2026": 0.18685214270237574, "quality_access_change": 0.10054548947844003, "mean_providers_2023": 9.2, "mean_providers_2026": 12.2, "pct_capacity_improved": 1.0, "pct_quality_improved": 0.8666666666666667, "pct_persistent_low": 0.46666666666666667, "persistence": "Persistently lowest-access", "county": "Burke" }, "geometry": { "type": "Polygon", "coordinates": [ [ [ -81.791345852105437, 35.581190458480229 ], [ -81.81647684669872, 35.597263879951718 ], [ -81.811695977369823, 35.622763528012676 ], [ -81.781766113304926, 35.632187674227147 ], [ -81.75663092657048, 35.616107360506817 ], [ -81.761429792851189, 35.590609795754645 ], [ -81.791345852105437, 35.581190458480229 ] ] ] } },
{ "type": "Feature", "properties": { "hex_id": 1817, "n_locations": 99, "access_capacity_2023": 0.3851774062358797, "access_capacity_2026": 0.55994327660173748, "capacity_access_change": 0.1747658703658577, "quality_access_2023": 0.34186355698437931, "quality_access_2026": 0.50211996001599368, "quality_access_change": 0.16025640303161431, "mean_providers_2023": 23.383838383838381, "mean_providers_2026": 28.80808080808081, "pct_capacity_improved": 1.0, "pct_quality_improved": 1.0, "pct_persistent_low": 0.0, "persistence": "Not in lowest-access decile", "county": "Burke" }, "geometry": { "type": "Polygon", "coordinates": [ [ [ -81.776971434376961, 35.657685175941651 ], [ -81.80212463529729, 35.673760617881094 ], [ -81.797334156169924, 35.699258068505657 ], [ -81.767372441479452, 35.708677989086496 ], [ -81.742215045561721, 35.692595635603972 ], [ -81.747023556128326, 35.667100276026432 ], [ -81.776971434376961, 35.657685175941651 ] ] ] } },
{ "type": "Feature", "properties": { "hex_id": 1818, "n_locations": 87, "access_capacity_2023": 0.47660222264109886, "access_capacity_2026": 0.67068414182188685, "capacity_access_change": 0.19408191918078799, "quality_access_2023": 0.41777532351590413, "quality_access_2026": 0.61624046972590485, "quality_access_change": 0.19846514621000078, "mean_providers_2023": 21.942528735632184, "mean_providers_2026": 26.919540229885058, "pct_capacity_improved": 1.0, "pct_quality_improved": 1.0, "pct_persistent_low": 0.0, "persistence": "Not in lowest-access decile", "county": "Burke" }, "geometry": { "type": "Polygon", "coordinates": [ [ [ -81.762568121102831, 35.734173309340463 ], [ -81.787743565742062, 35.750250803203159 ], [ -81.782943448032555, 35.775746096113068 ], [ -81.752949816444399, 35.785161799295082 ], [ -81.727770173960323, 35.769077374537297 ], [ -81.73258835769299, 35.743584180444415 ], [ -81.762568121102831, 35.734173309340463 ] ] ] } },
{ "type": "Feature", "properties": { "hex_id": 1819, "n_locations": 10, "access_capacity_2023": 0.20862133104815331, "access_capacity_2026": 0.3091410410038623, "capacity_access_change": 0.10051970995570896, "quality_access_2023": 0.17669075311530369, "quality_access_2026": 0.2843300158573806, "quality_access_change": 0.10763926274207689, "mean_providers_2023": 12.3, "mean_providers_2026": 15.2, "pct_capacity_improved": 1.0, "pct_quality_improved": 1.0, "pct_persistent_low": 0.1, "persistence": "Not in lowest-access decile", "county": "Burke" }, "geometry": { "type": "Polygon", "coordinates": [ [ [ -81.748135825730088, 35.810654977839292 ], [ -81.773333551567973, 35.826734555172976 ], [ -81.768523766378451, 35.852227730180168 ], [ -81.738498151418128, 35.861639224195464 ], [ -81.713296224896851, 35.84555269655651 ], [ -81.718124110790271, 35.820061628168347 ], [ -81.748135825730088, 35.810654977839292 ] ] ] } },
{ "type": "Feature", "properties": { "hex_id": 1831, "n_locations": 13, "access_capacity_2023": 0.26696360630638066, "access_capacity_2026": 0.23946421118546166, "capacity_access_change": -0.027499395120919014, "quality_access_2023": 0.23882561428713348, "quality_access_2026": 0.2167274862123994, "quality_access_change": -0.02209812807473405, "mean_providers_2023": 13.384615384615385, "mean_providers_2026": 11.384615384615385, "pct_capacity_improved": 0.0, "pct_quality_improved": 0.15384615384615385, "pct_persistent_low": 0.23076923076923078, "persistence": "Not in lowest-access decile", "county": null }, "geometry": { "type": "Polygon", "coordinates": [ [ [ -81.842522231858567, 35.157033805965391 ], [ -81.867524943652413, 35.173102537788473 ], [ -81.862787513095071, 35.198613958092729 ], [ -81.833029563323294, 35.208054604557951 ], [ -81.80802268607026, 35.191979085495007 ], [ -81.81277792092051, 35.166469710090688 ], [ -81.842522231858567, 35.157033805965391 ] ] ] } },
{ "type": "Feature", "properties": { "hex_id": 1832, "n_locations": 126, "access_capacity_2023": 0.40410587550590804, "access_capacity_2026": 0.39474372365969101, "capacity_access_change": -0.0093621518462170348, "quality_access_2023": 0.36305409877367217, "quality_access_2026": 0.34824606348783638, "quality_access_change": -0.014808035285835743, "mean_providers_2023": 18.873015873015873, "mean_providers_2026": 16.293650793650791, "pct_capacity_improved": 0.0, "pct_quality_improved": 0.1111111111111111, "pct_persistent_low": 0.0, "persistence": "Not in lowest-access decile", "county": "Rutherford" }, "geometry": { "type": "Polygon", "coordinates": [ [ [ -81.828278489238642, 35.233563787459715 ], [ -81.853303187747287, 35.249634371870968 ], [ -81.848556286699619, 35.275143374053322 ], [ -81.818766845766035, 35.284579742236453 ], [ -81.793737978928377, 35.268502351601498 ], [ -81.7985027182133, 35.242995401899677 ], [ -81.828278489238642, 35.233563787459715 ] ] ] } },
{ "type": "Feature", "properties": { "hex_id": 1833, "n_locations": 96, "access_capacity_2023": 0.54776344366118257, "access_capacity_2026": 0.5161145934308744, "capacity_access_change": -0.031648850230308126, "quality_access_2023": 0.49671967733220862, "quality_access_2026": 0.46192971348829498, "quality_access_change": -0.03478996384391364, "mean_providers_2023": 23.708333333333332, "mean_providers_2026": 18.75, "pct_capacity_improved": 0.0, "pct_quality_improved": 0.041666666666666664, "pct_persistent_low": 0.0, "persistence": "Not in lowest-access decile", "county": "Rutherford" }, "geometry": { "type": "Polygon", "coordinates": [ [ [ -81.814006270098034, 35.310086522825685 ], [ -81.8390529921829, 35.326158990798412 ], [ -81.834296592431954, 35.351665614088148 ], [ -81.804475595167602, 35.361097712214836 ], [ -81.779424701892225, 35.345018418979329 ], [ -81.784198973919302, 35.31951385578126 ], [ -81.814006270098034, 35.310086522825685 ] ] ] } },
{ "type": "Feature", "properties": { "hex_id": 1834, "n_locations": 39, "access_capacity_2023": 0.27128617924807785, "access_capacity_2026": 0.26754018912040828, "capacity_access_change": -0.0037459901276695913, "quality_access_2023": 0.23881531882086779, "quality_access_2026": 0.21067522660249607, "quality_access_change": -0.028140092218371701, "mean_providers_2023": 13.692307692307692, "mean_providers_2026": 12.256410256410257, "pct_capacity_improved": 0.0, "pct_quality_improved": 0.05128205128205128, "pct_persistent_low": 0.05128205128205128, "persistence": "Not in lowest-access decile", "county": "Rutherford" }, "geometry": { "type": "Polygon", "coordinates": [ [ [ -81.799705489600356, 35.386602129747651 ], [ -81.824774272209226, 35.402676512342879 ], [ -81.820008345430736, 35.428180796053596 ], [ -81.790155726468669, 35.4376086323457 ], [ -81.765082769816246, 35.421527405392908 ], [ -81.769866603004601, 35.396025189415703 ], [ -81.799705489600356, 35.386602129747651 ] ] ] } },
{ "type": "Feature", "properties": { "hex_id": 1835, "n_locations": 14, "access_capacity_2023": 0.056951188734285244, "access_capacity_2026": 0.059277225726969196, "capacity_access_change": 0.0023260369926839438, "quality_access_2023": 0.051747071394818447, "quality_access_2026": 0.056361172707823391, "quality_access_change": 0.0046141013130049438, "mean_providers_2023": 2.5714285714285712, "mean_providers_2026": 2.5, "pct_capacity_improved": 1.0, "pct_quality_improved": 0.9285714285714286, "pct_persistent_low": 1.0, "persistence": "Persistently lowest-access", "county": "Rutherford" }, "geometry": { "type": "Polygon", "coordinates": [ [ [ -81.785376062574514, 35.463110726162824 ], [ -81.810466942741726, 35.4791870545303 ], [ -81.805691460499574, 35.504689038061137 ], [ -81.775807154274062, 35.514112620736903 ], [ -81.750712097218795, 35.49802942886096 ], [ -81.755505520099746, 35.472529520736508 ], [ -81.785376062574514, 35.463110726162824 ] ] ] } },
{ "type": "Feature", "properties": { "hex_id": 1837, "n_locations": 55, "access_capacity_2023": 0.31041586150979844, "access_capacity_2026": 0.46567208435877544, "capacity_access_change": 0.15525622284897697, "quality_access_2023": 0.26871865199109096, "quality_access_2026": 0.42704338831539274, "quality_access_change": 0.15832473632430172, "mean_providers_2023": 20.054545454545455, "mean_providers_2026": 24.781818181818181, "pct_capacity_improved": 1.0, "pct_quality_improved": 0.98181818181818181, "pct_persistent_low": 0.036363636363636362, "persistence": "Not in lowest-access decile", "county": "Burke" }, "geometry": { "type": "Polygon", "coordinates": [ [ [ -81.75663092657048, 35.616107360506817 ], [ -81.781766113304926, 35.632187674227147 ], [ -81.776971434376961, 35.657685175941651 ], [ -81.747023556128326, 35.667100276026432 ], [ -81.721884186842871, 35.651013060325603 ], [ -81.726696875154502, 35.625517649457109 ], [ -81.75663092657048, 35.616107360506817 ] ] ] } },
{ "type": "Feature", "properties": { "hex_id": 1838, "n_locations": 151, "access_capacity_2023": 0.68092827893068386, "access_capacity_2026": 0.9590917277340536, "capacity_access_change": 0.27816344880336963, "quality_access_2023": 0.60521693675247135, "quality_access_2026": 0.85026264294185105, "quality_access_change": 0.24504570618937974, "mean_providers_2023": 32.337748344370866, "mean_providers_2026": 39.801324503311257, "pct_capacity_improved": 1.0, "pct_quality_improved": 1.0, "pct_persistent_low": 0.0, "persistence": "Not in lowest-access decile", "county": "Burke" }, "geometry": { "type": "Polygon", "coordinates": [ [ [ -81.742215045561721, 35.692595635603972 ], [ -81.767372441479452, 35.708677989086496 ], [ -81.762568121102831, 35.734173309340463 ], [ -81.73258835769299, 35.743584180444415 ], [ -81.707426776406052, 35.72749490565942 ], [ -81.712249140682914, 35.702001684018519 ], [ -81.742215045561721, 35.692595635603972 ] ] ] } },
{ "type": "Feature", "properties": { "hex_id": 1839, "n_locations": 90, "access_capacity_2023": 0.39343864640645326, "access_capacity_2026": 0.53725098770464719, "capacity_access_change": 0.14381234129819395, "quality_access_2023": 0.3404980895391797, "quality_access_2026": 0.49618743872914944, "quality_access_change": 0.15568934918996979, "mean_providers_2023": 19.044444444444441, "mean_providers_2026": 22.677777777777777, "pct_capacity_improved": 1.0, "pct_quality_improved": 1.0, "pct_persistent_low": 0.0, "persistence": "Not in lowest-access decile", "county": "Burke" }, "geometry": { "type": "Polygon", "coordinates": [ [ [ -81.727770173960323, 35.769077374537297 ], [ -81.752949816444399, 35.785161799295082 ], [ -81.748135825730088, 35.810654977839292 ], [ -81.718124110790271, 35.820061628168347 ], [ -81.692940280127743, 35.803970262728257 ], [ -81.697772349355475, 35.778479190596016 ], [ -81.727770173960323, 35.769077374537297 ] ] ] } },
{ "type": "Feature", "properties": { "hex_id": 1852, "n_locations": 46, "access_capacity_2023": 0.20831471297216375, "access_capacity_2026": 0.20884782770838348, "capacity_access_change": 0.00053311473621973915, "quality_access_2023": 0.18257971570751305, "quality_access_2026": 0.1845148266305861, "quality_access_change": 0.0019351109230730463, "mean_providers_2023": 10.934782608695652, "mean_providers_2026": 10.478260869565217, "pct_capacity_improved": 1.0, "pct_quality_improved": 0.52173913043478259, "pct_persistent_low": 0.10869565217391304, "persistence": "Not in lowest-access decile", "county": "Rutherford" }, "geometry": { "type": "Polygon", "coordinates": [ [ [ -81.80802268607026, 35.191979085495007 ], [ -81.833029563323294, 35.208054604557951 ], [ -81.828278489238642, 35.233563787459715 ], [ -81.7985027182133, 35.242995401899677 ], [ -81.773491684901273, 35.226913086018328 ], [ -81.778260575534503, 35.201405955402116 ], [ -81.80802268607026, 35.191979085495007 ] ] ] } },
{ "type": "Feature", "properties": { "hex_id": 1853, "n_locations": 110, "access_capacity_2023": 0.47070126519614996, "access_capacity_2026": 0.44240577345246673, "capacity_access_change": -0.028295491743683229, "quality_access_2023": 0.42496396072899945, "quality_access_2026": 0.38748057616431303, "quality_access_change": -0.037483384564686389, "mean_providers_2023": 20.854545454545455, "mean_providers_2026": 17.545454545454547, "pct_capacity_improved": 0.0, "pct_quality_improved": 0.0, "pct_persistent_low": 0.0, "persistence": "Not in lowest-access decile", "county": "Rutherford" }, "geometry": { "type": "Polygon", "coordinates": [ [ [ -81.793737978928377, 35.268502351601498 ], [ -81.818766845766035, 35.284579742236453 ], [ -81.814006270098034, 35.310086522825685 ], [ -81.784198973919302, 35.31951385578126 ], [ -81.759165948189846, 35.303429649317543 ], [ -81.763944374379449, 35.277924928622376 ], [ -81.793737978928377, 35.268502351601498 ] ] ] } },
{ "type": "Feature", "properties": { "hex_id": 1854, "n_locations": 70, "access_capacity_2023": 0.26174577820055617, "access_capacity_2026": 0.25868169994484091, "capacity_access_change": -0.003064078255715284, "quality_access_2023": 0.23752857831342991, "quality_access_2026": 0.22616273175765142, "quality_access_change": -0.011365846555778512, "mean_providers_2023": 11.157142857142857, "mean_providers_2026": 10.5, "pct_capacity_improved": 0.0, "pct_quality_improved": 0.17142857142857143, "pct_persistent_low": 0.014285714285714285, "persistence": "Not in lowest-access decile", "county": "Rutherford" }, "geometry": { "type": "Polygon", "coordinates": [ [ [ -81.779424701892225, 35.345018418979329 ], [ -81.804475595167602, 35.361097712214836 ], [ -81.799705489600356, 35.386602129747651 ], [ -81.769866603004601, 35.396025189415703 ], [ -81.744811548013161, 35.379939061285612 ], [ -81.749599538169647, 35.354436711286141 ], [ -81.779424701892225, 35.345018418979329 ] ] ] } },
{ "type": "Feature", "properties": { "hex_id": 1856, "n_locations": 11, "access_capacity_2023": 0.039166097060833904, "access_capacity_2026": 0.040622557081853201, "capacity_access_change": 0.0014564600210192943, "quality_access_2023": 0.036869446343130552, "quality_access_2026": 0.038598189696661081, "quality_access_change": 0.001728743353530523, "mean_providers_2023": 1.5454545454545454, "mean_providers_2026": 1.4545454545454546, "pct_capacity_improved": 1.0, "pct_quality_improved": 0.81818181818181823, "pct_persistent_low": 1.0, "persistence": "Persistently lowest-access", "county": "Rutherford" }, "geometry": { "type": "Polygon", "coordinates": [ [ [ -81.750712097218795, 35.49802942886096 ], [ -81.775807154274062, 35.514112620736903 ], [ -81.771017903513041, 35.539612430264945 ], [ -81.741115639498162, 35.549026967933806 ], [ -81.71601641510432, 35.532936902863376 ], [ -81.720823618874974, 35.507439176240183 ], [ -81.750712097218795, 35.49802942886096 ] ] ] } },
{ "type": "Feature", "properties": { "hex_id": 1858, "n_locations": 147, "access_capacity_2023": 0.43093880285953834, "access_capacity_2026": 0.59622639963708313, "capacity_access_change": 0.1652875967775447, "quality_access_2023": 0.38107581275205177, "quality_access_2026": 0.54727305441415219, "quality_access_change": 0.16619724166210043, "mean_providers_2023": 24.945578231292512, "mean_providers_2026": 29.435374149659854, "pct_capacity_improved": 1.0, "pct_quality_improved": 0.99319727891156462, "pct_persistent_low": 0.054421768707482991, "persistence": "Not in lowest-access decile", "county": "Burke" }, "geometry": { "type": "Polygon", "coordinates": [ [ [ -81.721884186842871, 35.651013060325603 ], [ -81.747023556128326, 35.667100276026432 ], [ -81.742215045561721, 35.692595635603972 ], [ -81.712249140682914, 35.702001684018519 ], [ -81.687105598471703, 35.685907556596263 ], [ -81.691932130850816, 35.660414295420367 ], [ -81.721884186842871, 35.651013060325603 ] ] ] } },
{ "type": "Feature", "properties": { "hex_id": 1859, "n_locations": 620, "access_capacity_2023": 0.72265423338051427, "access_capacity_2026": 0.92715271906559704, "capacity_access_change": 0.20449848568508289, "quality_access_2023": 0.63666057844449364, "quality_access_2026": 0.84329620725757037, "quality_access_change": 0.20663562881307662, "mean_providers_2023": 30.488709677419347, "mean_providers_2026": 35.732258064516117, "pct_capacity_improved": 1.0, "pct_quality_improved": 1.0, "pct_persistent_low": 0.0, "persistence": "Not in lowest-access decile", "county": "Burke" }, "geometry": { "type": "Polygon", "coordinates": [ [ [ -81.707426776406052, 35.72749490565942 ], [ -81.73258835769299, 35.743584180444415 ], [ -81.727770173960323, 35.769077374537297 ], [ -81.697772349355475, 35.778479190596016 ], [ -81.672606592362712, 35.762382984739993 ], [ -81.677442832453622, 35.736891896844675 ], [ -81.707426776406052, 35.72749490565942 ] ] ] } },
{ "type": "Feature", "properties": { "hex_id": 1860, "n_locations": 34, "access_capacity_2023": 0.24694846352689756, "access_capacity_2026": 0.29790532067880715, "capacity_access_change": 0.050956857151909576, "quality_access_2023": 0.20954221354075966, "quality_access_2026": 0.27078248825203427, "quality_access_change": 0.061240274711274592, "mean_providers_2023": 13.882352941176471, "mean_providers_2026": 16.323529411764707, "pct_capacity_improved": 1.0, "pct_quality_improved": 1.0, "pct_persistent_low": 0.0, "persistence": "Not in lowest-access decile", "county": "Burke" }, "geometry": { "type": "Polygon", "coordinates": [ [ [ -81.692940280127743, 35.803970262728257 ], [ -81.718124110790271, 35.820061628168347 ], [ -81.713296224896851, 35.84555269655651 ], [ -81.68326641410043, 35.854950288436591 ], [ -81.658078404961159, 35.838851972517645 ], [ -81.662924381855248, 35.813363018155037 ], [ -81.692940280127743, 35.803970262728257 ] ] ] } },
{ "type": "Feature", "properties": { "hex_id": 1872, "n_locations": 15, "access_capacity_2023": 0.079091820148979336, "access_capacity_2026": 0.093808895962400329, "capacity_access_change": 0.014717075813420992, "quality_access_2023": 0.076086911055778722, "quality_access_2026": 0.077701712225084568, "quality_access_change": 0.001614801169305847, "mean_providers_2023": 5.0666666666666664, "mean_providers_2026": 5.4, "pct_capacity_improved": 1.0, "pct_quality_improved": 0.46666666666666667, "pct_persistent_low": 1.0, "persistence": "Persistently lowest-access", "county": null }, "geometry": { "type": "Polygon", "coordinates": [ [ [ -81.787788843267265, 35.150389253795751 ], [ -81.81277792092051, 35.166469710090688 ], [ -81.80802268607026, 35.191979085495007 ], [ -81.778260575534503, 35.201405955402116 ], [ -81.753267354060839, 35.185318711683401 ], [ -81.758040383805209, 35.15981138836208 ], [ -81.787788843267265, 35.150389253795751 ] ] ] } },
{ "type": "Feature", "properties": { "hex_id": 1873, "n_locations": 96, "access_capacity_2023": 0.27916467703222858, "access_capacity_2026": 0.26458213344962067, "capacity_access_change": -0.014582543582607913, "quality_access_2023": 0.24769178679735535, "quality_access_2026": 0.23125313777031015, "quality_access_change": -0.016438649027045206, "mean_providers_2023": 14.302083333333334, "mean_providers_2026": 12.84375, "pct_capacity_improved": 0.0, "pct_quality_improved": 0.22916666666666666, "pct_persistent_low": 0.0, "persistence": "Not in lowest-access decile", "county": "Rutherford" }, "geometry": { "type": "Polygon", "coordinates": [ [ [ -81.773491684901273, 35.226913086018328 ], [ -81.7985027182133, 35.242995401899677 ], [ -81.793737978928377, 35.268502351601498 ], [ -81.763944374379449, 35.277924928622376 ], [ -81.738929194442818, 35.261835806335419 ], [ -81.743711762529202, 35.236330916322636 ], [ -81.773491684901273, 35.226913086018328 ] ] ] } },
{ "type": "Feature", "properties": { "hex_id": 1874, "n_locations": 112, "access_capacity_2023": 0.41565319107402504, "access_capacity_2026": 0.37895263768541515, "capacity_access_change": -0.036700553388609856, "quality_access_2023": 0.37541432767553656, "quality_access_2026": 0.34107911398958529, "quality_access_change": -0.034335213685951271, "mean_providers_2023": 18.375, "mean_providers_2026": 15.803571428571427, "pct_capacity_improved": 0.0, "pct_quality_improved": 0.035714285714285712, "pct_persistent_low": 0.0089285714285714281, "persistence": "Not in lowest-access decile", "county": "Rutherford" }, "geometry": { "type": "Polygon", "coordinates": [ [ [ -81.759165948189846, 35.303429649317543 ], [ -81.784198973919302, 35.31951385578126 ], [ -81.779424701892225, 35.345018418979329 ], [ -81.749599538169647, 35.354436711286141 ], [ -81.724562363019984, 35.338345679379735 ], [ -81.729354497850181, 35.312843183507354 ], [ -81.759165948189846, 35.303429649317543 ] ] ] } },
{ "type": "Feature", "properties": { "hex_id": 1875, "n_locations": 22, "access_capacity_2023": 0.11433245297859317, "access_capacity_2026": 0.11484257651236129, "capacity_access_change": 0.0005101235337681213, "quality_access_2023": 0.10534664736944602, "quality_access_2026": 0.10321225611416988, "quality_access_change": -0.0021343912552761368, "mean_providers_2023": 5.7727272727272725, "mean_providers_2026": 5.6363636363636367, "pct_capacity_improved": 1.0, "pct_quality_improved": 0.27272727272727271, "pct_persistent_low": 0.86363636363636365, "persistence": "Persistently lowest-access", "county": "Rutherford" }, "geometry": { "type": "Polygon", "coordinates": [ [ [ -81.744811548013161, 35.379939061285612 ], [ -81.769866603004601, 35.396025189415703 ], [ -81.765082769816246, 35.421527405392908 ], [ -81.735225981561584, 35.430941421153747 ], [ -81.710166774363074, 35.414848448488279 ], [ -81.71496850445088, 35.389348307504207 ], [ -81.744811548013161, 35.379939061285612 ] ] ] } },
{ "type": "Feature", "properties": { "hex_id": 1876, "n_locations": 11, "access_capacity_2023": 0.045266553728389808, "access_capacity_2026": 0.047901528352090182, "capacity_access_change": 0.0026349746237003674, "quality_access_2023": 0.043954181889702182, "quality_access_2026": 0.045516276907723516, "quality_access_change": 0.0015620950180213278, "mean_providers_2023": 2.0909090909090908, "mean_providers_2026": 2.0909090909090908, "pct_capacity_improved": 1.0, "pct_quality_improved": 0.90909090909090906, "pct_persistent_low": 1.0, "persistence": "Persistently lowest-access", "county": "Rutherford" }, "geometry": { "type": "Polygon", "coordinates": [ [ [ -81.730428398915649, 35.456441439767403 ], [ -81.755505520099746, 35.472529520736508 ], [ -81.750712097218795, 35.49802942886096 ], [ -81.720823618874974, 35.507439176240183 ], [ -81.695742342705728, 35.491344231586908 ], [ -81.700553696677474, 35.465846406154114 ], [ -81.730428398915649, 35.456441439767403 ] ] ] } },
{ "type": "Feature", "properties": { "hex_id": 1878, "n_locations": 13, "access_capacity_2023": 0.0074289616798693886, "access_capacity_2026": 0.0073440062606847951, "capacity_access_change": -8.4955419184597721e-05, "quality_access_2023": 0.0074289616798693912, "quality_access_2026": 0.0073440062606847951, "quality_access_change": -8.4955419184598073e-05, "mean_providers_2023": 0.61538461538461542, "mean_providers_2026": 0.53846153846153855, "pct_capacity_improved": 0.0, "pct_quality_improved": 0.076923076923076927, "pct_persistent_low": 1.0, "persistence": "Persistently lowest-access", "county": "Burke" }, "geometry": { "type": "Polygon", "coordinates": [ [ [ -81.701575510447228, 35.609425568932664 ], [ -81.726696875154502, 35.625517649457109 ], [ -81.721884186842871, 35.651013060325603 ], [ -81.691932130850816, 35.660414295420367 ], [ -81.666806605629134, 35.644315312744297 ], [ -81.671637293700684, 35.618822000058479 ], [ -81.701575510447228, 35.609425568932664 ] ] ] } },
{ "type": "Feature", "properties": { "hex_id": 1879, "n_locations": 181, "access_capacity_2023": 0.71693433962489828, "access_capacity_2026": 1.0090382927972479, "capacity_access_change": 0.29210395317234955, "quality_access_2023": 0.63606585389108217, "quality_access_2026": 0.90095383833240628, "quality_access_change": 0.26488798444132411, "mean_providers_2023": 33.607734806629836, "mean_providers_2026": 41.104972375690608, "pct_capacity_improved": 1.0, "pct_quality_improved": 1.0, "pct_persistent_low": 0.0055248618784530384, "persistence": "Not in lowest-access decile", "county": "Burke" }, "geometry": { "type": "Polygon", "coordinates": [ [ [ -81.687105598471703, 35.685907556596263 ], [ -81.712249140682914, 35.702001684018519 ], [ -81.707426776406052, 35.72749490565942 ], [ -81.677442832453622, 35.736891896844675 ], [ -81.652295126977009, 35.720790847951051 ], [ -81.657135525492237, 35.695299732285882 ], [ -81.687105598471703, 35.685907556596263 ] ] ] } },
{ "type": "Feature", "properties": { "hex_id": 1880, "n_locations": 41, "access_capacity_2023": 0.58050157224888799, "access_capacity_2026": 0.73327231810303017, "capacity_access_change": 0.15277074585414219, "quality_access_2023": 0.51048417537440183, "quality_access_2026": 0.66169950070988348, "quality_access_change": 0.15121532533548171, "mean_providers_2023": 25.682926829268293, "mean_providers_2026": 30.048780487804876, "pct_capacity_improved": 1.0, "pct_quality_improved": 1.0, "pct_persistent_low": 0.0, "persistence": "Not in lowest-access decile", "county": "Burke" }, "geometry": { "type": "Polygon", "coordinates": [ [ [ -81.672606592362712, 35.762382984739993 ], [ -81.697772349355475, 35.778479190596016 ], [ -81.692940280127743, 35.803970262728257 ], [ -81.662924381855248, 35.813363018155037 ], [ -81.637754458855312, 35.797259871450045 ], [ -81.642604596896277, 35.771770913118509 ], [ -81.672606592362712, 35.762382984739993 ] ] ] } },
{ "type": "Feature", "properties": { "hex_id": 1881, "n_locations": 23, "access_capacity_2023": 0.20057278285924959, "access_capacity_2026": 0.23595898659212816, "capacity_access_change": 0.035386203732878554, "quality_access_2023": 0.16567206368487211, "quality_access_2026": 0.21160194012981851, "quality_access_change": 0.045929876444946387, "mean_providers_2023": 10.695652173913043, "mean_providers_2026": 12.130434782608695, "pct_capacity_improved": 1.0, "pct_quality_improved": 1.0, "pct_persistent_low": 0.0, "persistence": "Not in lowest-access decile", "county": null }, "geometry": { "type": "Polygon", "coordinates": [ [ [ -81.658078404961159, 35.838851972517645 ], [ -81.68326641410043, 35.854950288436591 ], [ -81.678424610821224, 35.880439250869337 ], [ -81.6483766916663, 35.88982777868582 ], [ -81.623184513787464, 35.87372250248216 ], [ -81.62804442055149, 35.848235661707172 ], [ -81.658078404961159, 35.838851972517645 ] ] ] } },
{ "type": "Feature", "properties": { "hex_id": 1894, "n_locations": 68, "access_capacity_2023": 0.43023580950138973, "access_capacity_2026": 0.42680825993908106, "capacity_access_change": -0.00342754956230863, "quality_access_2023": 0.3861404561411193, "quality_access_2026": 0.37083579790662247, "quality_access_change": -0.015304658234496874, "mean_providers_2023": 19.588235294117645, "mean_providers_2026": 16.985294117647058, "pct_capacity_improved": 0.0, "pct_quality_improved": 0.14705882352941177, "pct_persistent_low": 0.0, "persistence": "Not in lowest-access decile", "county": "Rutherford" }, "geometry": { "type": "Polygon", "coordinates": [ [ [ -81.738929194442818, 35.261835806335419 ], [ -81.763944374379449, 35.277924928622376 ], [ -81.759165948189846, 35.303429649317543 ], [ -81.729354497850181, 35.312843183507354 ], [ -81.704335180757653, 35.296747245218718 ], [ -81.709131447998715, 35.271244591634144 ], [ -81.738929194442818, 35.261835806335419 ] ] ] } },
{ "type": "Feature", "properties": { "hex_id": 1895, "n_locations": 27, "access_capacity_2023": 0.20024825949206279, "access_capacity_2026": 0.19693059706847477, "capacity_access_change": -0.0033176624235880131, "quality_access_2023": 0.17804916808625657, "quality_access_2026": 0.17225819102224665, "quality_access_change": -0.0057909770640098947, "mean_providers_2023": 8.9629629629629637, "mean_providers_2026": 8.481481481481481, "pct_capacity_improved": 0.0, "pct_quality_improved": 0.22222222222222221, "pct_persistent_low": 0.33333333333333331, "persistence": "Not in lowest-access decile", "county": "Rutherford" }, "geometry": { "type": "Polygon", "coordinates": [ [ [ -81.724562363019984, 35.338345679379735 ], [ -81.749599538169647, 35.354436711286141 ], [ -81.744811548013161, 35.379939061285612 ], [ -81.71496850445088, 35.389348307504207 ], [ -81.689927189387092, 35.373250440532424 ], [ -81.694733054625289, 35.347750165308277 ], [ -81.724562363019984, 35.338345679379735 ] ] ] } },
{ "type": "Feature", "properties": { "hex_id": 1896, "n_locations": 14, "access_capacity_2023": 0.077387347609518695, "access_capacity_2026": 0.080061380355572906, "capacity_access_change": 0.0026740327460542104, "quality_access_2023": 0.073778325053127716, "quality_access_2026": 0.073501938883564558, "quality_access_change": -0.00027638616956315935, "mean_providers_2023": 3.7857142857142856, "mean_providers_2026": 3.7857142857142856, "pct_capacity_improved": 1.0, "pct_quality_improved": 0.0, "pct_persistent_low": 1.0, "persistence": "Persistently lowest-access", "county": "Rutherford" }, "geometry": { "type": "Polygon", "coordinates": [ [ [ -81.710166774363074, 35.414848448488279 ], [ -81.735225981561584, 35.430941421153747 ], [ -81.730428398915649, 35.456441439767403 ], [ -81.700553696677474, 35.465846406154114 ], [ -81.675490346815479, 35.449746579303671 ], [ -81.680305838668161, 35.424248643161057 ], [ -81.710166774363074, 35.414848448488279 ] ] ] } },
{ "type": "Feature", "properties": { "hex_id": 1899, "n_locations": 53, "access_capacity_2023": 0.42452048996811387, "access_capacity_2026": 0.57199030956530861, "capacity_access_change": 0.14746981959719474, "quality_access_2023": 0.38115800780334358, "quality_access_2026": 0.5215084777074549, "quality_access_change": 0.14035046990411129, "mean_providers_2023": 24.716981132075471, "mean_providers_2026": 29.433962264150942, "pct_capacity_improved": 1.0, "pct_quality_improved": 0.94339622641509435, "pct_persistent_low": 0.094339622641509441, "persistence": "Not in lowest-access decile", "county": "Burke" }, "geometry": { "type": "Polygon", "coordinates": [ [ [ -81.666806605629134, 35.644315312744297 ], [ -81.691932130850816, 35.660414295420367 ], [ -81.687105598471703, 35.685907556596263 ], [ -81.657135525492237, 35.695299732285882 ], [ -81.632005849413432, 35.679193837726558 ], [ -81.636850393946261, 35.653702682297038 ], [ -81.666806605629134, 35.644315312744297 ] ] ] } },
{ "type": "Feature", "properties": { "hex_id": 1900, "n_locations": 309, "access_capacity_2023": 0.73333927882994299, "access_capacity_2026": 0.92899655010892468, "capacity_access_change": 0.19565727127898166, "quality_access_2023": 0.65009539882354561, "quality_access_2026": 0.83515935211024939, "quality_access_change": 0.18506395328670386, "mean_providers_2023": 31.637540453074433, "mean_providers_2026": 37.01294498381877, "pct_capacity_improved": 1.0, "pct_quality_improved": 1.0, "pct_persistent_low": 0.0, "persistence": "Not in lowest-access decile", "county": "Burke" }, "geometry": { "type": "Polygon", "coordinates": [ [ [ -81.652295126977009, 35.720790847951051 ], [ -81.677442832453622, 35.736891896844675 ], [ -81.672606592362712, 35.762382984739993 ], [ -81.642604596896277, 35.771770913118509 ], [ -81.617452737849788, 35.755662932994298 ], [ -81.622307024601881, 35.730173958667343 ], [ -81.652295126977009, 35.720790847951051 ] ] ] } },
{ "type": "Feature", "properties": { "hex_id": 1901, "n_locations": 72, "access_capacity_2023": 0.34341700461040181, "access_capacity_2026": 0.41664192431067509, "capacity_access_change": 0.073224919700273283, "quality_access_2023": 0.30316492662699052, "quality_access_2026": 0.37511915692626985, "quality_access_change": 0.071954230299279318, "mean_providers_2023": 19.041666666666668, "mean_providers_2026": 21.986111111111111, "pct_capacity_improved": 1.0, "pct_quality_improved": 1.0, "pct_persistent_low": 0.0, "persistence": "Not in lowest-access decile", "county": "Burke" }, "geometry": { "type": "Polygon", "coordinates": [ [ [ -81.637754458855312, 35.797259871450045 ], [ -81.662924381855248, 35.813363018155037 ], [ -81.658078404961159, 35.838851972517645 ], [ -81.62804442055149, 35.848235661707172 ], [ -81.60287034127839, 35.832125564366265 ], [ -81.607734399437561, 35.806638731425906 ], [ -81.637754458855312, 35.797259871450045 ] ] ] } },
{ "type": "Feature", "properties": { "hex_id": 1920, "n_locations": 68, "access_capacity_2023": 0.6065909228041414, "access_capacity_2026": 0.82272296332050521, "capacity_access_change": 0.21613204051636378, "quality_access_2023": 0.54707560492641738, "quality_access_2026": 0.74127861445089493, "quality_access_change": 0.19420300952447755, "mean_providers_2023": 30.441176470588236, "mean_providers_2026": 36.647058823529413, "pct_capacity_improved": 1.0, "pct_quality_improved": 1.0, "pct_persistent_low": 0.058823529411764705, "persistence": "Not in lowest-access decile", "county": "Burke" }, "geometry": { "type": "Polygon", "coordinates": [ [ [ -81.632005849413432, 35.679193837726558 ], [ -81.657135525492237, 35.695299732285882 ], [ -81.652295126977009, 35.720790847951051 ], [ -81.622307024601881, 35.730173958667343 ], [ -81.597173207358352, 35.714061142484049 ], [ -81.602031630417997, 35.688572140147492 ], [ -81.632005849413432, 35.679193837726558 ] ] ] } },
{ "type": "Feature", "properties": { "hex_id": 1921, "n_locations": 95, "access_capacity_2023": 0.49276770615939253, "access_capacity_2026": 0.64400225586124349, "capacity_access_change": 0.15123454970185096, "quality_access_2023": 0.43970176511782177, "quality_access_2026": 0.57231032179948071, "quality_access_change": 0.13260855668165888, "mean_providers_2023": 26.726315789473681, "mean_providers_2026": 30.357894736842109, "pct_capacity_improved": 1.0, "pct_quality_improved": 0.97894736842105268, "pct_persistent_low": 0.010526315789473684, "persistence": "Not in lowest-access decile", "county": "Burke" }, "geometry": { "type": "Polygon", "coordinates": [ [ [ -81.617452737849788, 35.755662932994298 ], [ -81.642604596896277, 35.771770913118509 ], [ -81.637754458855312, 35.797259871450045 ], [ -81.607734399437561, 35.806638731425906 ], [ -81.58257839655208, 35.790523810302716 ], [ -81.58744659367386, 35.765036973150607 ], [ -81.617452737849788, 35.755662932994298 ] ] ] } },
{ "type": "Feature", "properties": { "hex_id": 1940, "n_locations": 16, "access_capacity_2023": 0.18056704861758802, "access_capacity_2026": 0.24651885185432756, "capacity_access_change": 0.065951803236739548, "quality_access_2023": 0.1581911296599989, "quality_access_2026": 0.22675328374585327, "quality_access_change": 0.068562154085854379, "mean_providers_2023": 11.5625, "mean_providers_2026": 14.125, "pct_capacity_improved": 1.0, "pct_quality_improved": 1.0, "pct_persistent_low": 0.4375, "persistence": "Not in lowest-access decile", "county": "Burke" }, "geometry": { "type": "Polygon", "coordinates": [ [ [ -81.611738725182136, 35.637591939437065 ], [ -81.636850393946261, 35.653702682297038 ], [ -81.632005849413432, 35.679193837726558 ], [ -81.602031630417997, 35.688572140147492 ], [ -81.576915832862241, 35.672454485258768 ], [ -81.581778379857937, 35.646965442910684 ], [ -81.611738725182136, 35.637591939437065 ] ] ] } },
{ "type": "Feature", "properties": { "hex_id": 1941, "n_locations": 240, "access_capacity_2023": 0.65616778975267864, "access_capacity_2026": 0.89428732758563267, "capacity_access_change": 0.23811953783295411, "quality_access_2023": 0.59676381322395533, "quality_access_2026": 0.80845768110033078, "quality_access_change": 0.21169386787637554, "mean_providers_2023": 31.725, "mean_providers_2026": 37.775, "pct_capacity_improved": 1.0, "pct_quality_improved": 1.0, "pct_persistent_low": 0.0, "persistence": "Not in lowest-access decile", "county": "Burke" }, "geometry": { "type": "Polygon", "coordinates": [ [ [ -81.597173207358352, 35.714061142484049 ], [ -81.622307024601881, 35.730173958667343 ], [ -81.617452737849788, 35.755662932994298 ], [ -81.58744659367386, 35.765036973150607 ], [ -81.562308644993294, 35.748917225593701 ], [ -81.567180968677292, 35.723430372195942 ], [ -81.597173207358352, 35.714061142484049 ] ] ] } },
{ "type": "Feature", "properties": { "hex_id": 1942, "n_locations": 13, "access_capacity_2023": 0.15519348265161273, "access_capacity_2026": 0.17718977064599539, "capacity_access_change": 0.021996287994382666, "quality_access_2023": 0.14556856490658945, "quality_access_2026": 0.15242800288199426, "quality_access_change": 0.0068594379754047981, "mean_providers_2023": 10.076923076923077, "mean_providers_2026": 10.23076923076923, "pct_capacity_improved": 1.0, "pct_quality_improved": 0.61538461538461542, "pct_persistent_low": 0.53846153846153844, "persistence": "Persistently lowest-access", "county": null }, "geometry": { "type": "Polygon", "coordinates": [ [ [ -81.58257839655208, 35.790523810302716 ], [ -81.607734399437561, 35.806638731425906 ], [ -81.60287034127839, 35.832125564366265 ], [ -81.57283220547518, 35.841495350324934 ], [ -81.54767206851696, 35.825373478425128 ], [ -81.552554198173354, 35.799888774293997 ], [ -81.58257839655208, 35.790523810302716 ] ] ] } },
{ "type": "Feature", "properties": { "hex_id": 1960, "n_locations": 20, "access_capacity_2023": 0.062349567915653291, "access_capacity_2026": 0.10292503704342193, "capacity_access_change": 0.040575469127768639, "quality_access_2023": 0.061405668458170692, "quality_access_2026": 0.10091038502876992, "quality_access_change": 0.03950471657059923, "mean_providers_2023": 3.35, "mean_providers_2026": 4.8, "pct_capacity_improved": 1.0, "pct_quality_improved": 0.85, "pct_persistent_low": 1.0, "persistence": "Persistently lowest-access", "county": "Burke" }, "geometry": { "type": "Polygon", "coordinates": [ [ [ -81.591493719860466, 35.595985138458786 ], [ -81.616587403357869, 35.612100732261027 ], [ -81.611738725182136, 35.637591939437065 ], [ -81.581778379857937, 35.646965442910684 ], [ -81.556680579910036, 35.630842946663378 ], [ -81.561547238502271, 35.605353852314273 ], [ -81.591493719860466, 35.595985138458786 ] ] ] } },
{ "type": "Feature", "properties": { "hex_id": 1961, "n_locations": 21, "access_capacity_2023": 0.44059767880547712, "access_capacity_2026": 0.56643448161562027, "capacity_access_change": 0.12583680281014312, "quality_access_2023": 0.40009598963859527, "quality_access_2026": 0.51207004956501945, "quality_access_change": 0.11197405992642415, "mean_providers_2023": 26.80952380952381, "mean_providers_2026": 30.61904761904762, "pct_capacity_improved": 1.0, "pct_quality_improved": 1.0, "pct_persistent_low": 0.0, "persistence": "Not in lowest-access decile", "county": "Burke" }, "geometry": { "type": "Polygon", "coordinates": [ [ [ -81.576915832862241, 35.672454485258768 ], [ -81.602031630417997, 35.688572140147492 ], [ -81.597173207358352, 35.714061142484049 ], [ -81.567180968677292, 35.723430372195942 ], [ -81.542061052054379, 35.707305795547221 ], [ -81.546937489932361, 35.681818913882225 ], [ -81.576915832862241, 35.672454485258768 ] ] ] } },
{ "type": "Feature", "properties": { "hex_id": 1962, "n_locations": 87, "access_capacity_2023": 0.48460016938271233, "access_capacity_2026": 0.6526631602800973, "capacity_access_change": 0.16806299089738494, "quality_access_2023": 0.44073346339185471, "quality_access_2026": 0.58037259428498966, "quality_access_change": 0.1396391308931349, "mean_providers_2023": 25.494252873563219, "mean_providers_2026": 29.367816091954023, "pct_capacity_improved": 1.0, "pct_quality_improved": 1.0, "pct_persistent_low": 0.022988505747126436, "persistence": "Not in lowest-access decile", "county": "Burke" }, "geometry": { "type": "Polygon", "coordinates": [ [ [ -81.562308644993294, 35.748917225593701 ], [ -81.58744659367386, 35.765036973150607 ], [ -81.58257839655208, 35.790523810302716 ], [ -81.552554198173354, 35.799888774293997 ], [ -81.527412127818778, 35.783762085604444 ], [ -81.532298374256712, 35.75827737700078 ], [ -81.562308644993294, 35.748917225593701 ] ] ] } },
{ "type": "Feature", "properties": { "hex_id": 1980, "n_locations": 18, "access_capacity_2023": 0.032398820233585021, "access_capacity_2026": 0.055458958684154069, "capacity_access_change": 0.023060138450569052, "quality_access_2023": 0.032398820233585021, "quality_access_2026": 0.055458958684154069, "quality_access_change": 0.023060138450569055, "mean_providers_2023": 1.5, "mean_providers_2026": 2.3888888888888888, "pct_capacity_improved": 1.0, "pct_quality_improved": 0.88888888888888884, "pct_persistent_low": 1.0, "persistence": "Persistently lowest-access", "county": "Burke" }, "geometry": { "type": "Polygon", "coordinates": [ [ [ -81.571270799092872, 35.554373420173384 ], [ -81.596346519336407, 35.570493867566043 ], [ -81.591493719860466, 35.595985138458786 ], [ -81.561547238502271, 35.605353852314273 ], [ -81.536467414117467, 35.589226512048576 ], [ -81.54133817199866, 35.563737353721024 ], [ -81.571270799092872, 35.554373420173384 ] ] ] } },
{ "type": "Feature", "properties": { "hex_id": 1981, "n_locations": 45, "access_capacity_2023": 0.22354825789401048, "access_capacity_2026": 0.31088194531077923, "capacity_access_change": 0.087333687416768738, "quality_access_2023": 0.20727495871193036, "quality_access_2026": 0.28681038146410565, "quality_access_change": 0.079535422752175289, "mean_providers_2023": 13.377777777777776, "mean_providers_2026": 15.822222222222223, "pct_capacity_improved": 1.0, "pct_quality_improved": 1.0, "pct_persistent_low": 0.44444444444444442, "persistence": "Not in lowest-access decile", "county": "Burke" }, "geometry": { "type": "Polygon", "coordinates": [ [ [ -81.556680579910036, 35.630842946663378 ], [ -81.581778379857937, 35.646965442910684 ], [ -81.576915832862241, 35.672454485258768 ], [ -81.546937489932361, 35.681818913882225 ], [ -81.521835583255168, 35.665689505476998 ], [ -81.526716122990891, 35.64020258353564 ], [ -81.556680579910036, 35.630842946663378 ] ] ] } },
{ "type": "Feature", "properties": { "hex_id": 1982, "n_locations": 181, "access_capacity_2023": 0.63374271634965396, "access_capacity_2026": 0.91994922206405105, "capacity_access_change": 0.28620650571439715, "quality_access_2023": 0.57576796210546188, "quality_access_2026": 0.84276171584233495, "quality_access_change": 0.26699375373687306, "mean_providers_2023": 30.790055248618785, "mean_providers_2026": 36.856353591160222, "pct_capacity_improved": 1.0, "pct_quality_improved": 1.0, "pct_persistent_low": 0.0, "persistence": "Not in lowest-access decile", "county": "Burke" }, "geometry": { "type": "Polygon", "coordinates": [ [ [ -81.542061052054379, 35.707305795547221 ], [ -81.567180968677292, 35.723430372195942 ], [ -81.562308644993294, 35.748917225593701 ], [ -81.532298374256712, 35.75827737700078 ], [ -81.507174348326373, 35.74214586885163 ], [ -81.512064699180925, 35.716661143734214 ], [ -81.542061052054379, 35.707305795547221 ] ] ] } },
{ "type": "Feature", "properties": { "hex_id": 2001, "n_locations": 30, "access_capacity_2023": 0.15294687023698211, "access_capacity_2026": 0.22327827445260545, "capacity_access_change": 0.070331404215623353, "quality_access_2023": 0.14624840010929552, "quality_access_2026": 0.20777439146728072, "quality_access_change": 0.061525991357985185, "mean_providers_2023": 9.1666666666666679, "mean_providers_2026": 11.266666666666667, "pct_capacity_improved": 1.0, "pct_quality_improved": 1.0, "pct_persistent_low": 0.5, "persistence": "Persistently lowest-access", "county": "Burke" }, "geometry": { "type": "Polygon", "coordinates": [ [ [ -81.536467414117467, 35.589226512048576 ], [ -81.561547238502271, 35.605353852314273 ], [ -81.556680579910036, 35.630842946663378 ], [ -81.526716122990891, 35.64020258353564 ], [ -81.501632204182741, 35.624068340702543 ], [ -81.506516833471906, 35.59858136648797 ], [ -81.536467414117467, 35.589226512048576 ] ] ] } },
{ "type": "Feature", "properties": { "hex_id": 2002, "n_locations": 25, "access_capacity_2023": 0.36498855310109379, "access_capacity_2026": 0.5226439673800507, "capacity_access_change": 0.15765541427895691, "quality_access_2023": 0.33816014417087936, "quality_access_2026": 0.47889331215396741, "quality_access_change": 0.1407331679830881, "mean_providers_2023": 21.2, "mean_providers_2026": 24.6, "pct_capacity_improved": 1.0, "pct_quality_improved": 1.0, "pct_persistent_low": 0.0, "persistence": "Not in lowest-access decile", "county": "Burke" }, "geometry": { "type": "Polygon", "coordinates": [ [ [ -81.521835583255168, 35.665689505476998 ], [ -81.546937489932361, 35.681818913882225 ], [ -81.542061052054379, 35.707305795547221 ], [ -81.512064699180925, 35.716661143734214 ], [ -81.486958695530859, 35.700524813449164 ], [ -81.491853138469111, 35.675040059789154 ], [ -81.521835583255168, 35.665689505476998 ] ] ] } },
{ "type": "Feature", "properties": { "hex_id": 2003, "n_locations": 38, "access_capacity_2023": 0.37502111997123916, "access_capacity_2026": 0.57465462545674217, "capacity_access_change": 0.19963350548550299, "quality_access_2023": 0.34600396180171034, "quality_access_2026": 0.52669280766156878, "quality_access_change": 0.18068884585985845, "mean_providers_2023": 20.184210526315791, "mean_providers_2026": 24.184210526315788, "pct_capacity_improved": 1.0, "pct_quality_improved": 0.97368421052631582, "pct_persistent_low": 0.026315789473684209, "persistence": "Not in lowest-access decile", "county": "Burke" }, "geometry": { "type": "Polygon", "coordinates": [ [ [ -81.507174348326373, 35.74214586885163 ], [ -81.532298374256712, 35.75827737700078 ], [ -81.527412127818778, 35.783762085604444 ], [ -81.49738381266009, 35.793113153092555 ], [ -81.472255687217384, 35.776974703693583 ], [ -81.477159973174778, 35.751492130997491 ], [ -81.507174348326373, 35.74214586885163 ] ] ] } },
{ "type": "Feature", "properties": { "hex_id": 2022, "n_locations": 76, "access_capacity_2023": 0.21993876923576058, "access_capacity_2026": 0.31042786915484977, "capacity_access_change": 0.090489099919089155, "quality_access_2023": 0.20920277728530132, "quality_access_2026": 0.28391146037102699, "quality_access_change": 0.074708683085725675, "mean_providers_2023": 13.960526315789474, "mean_providers_2026": 16.671052631578949, "pct_capacity_improved": 1.0, "pct_quality_improved": 1.0, "pct_persistent_low": 0.11842105263157894, "persistence": "Not in lowest-access decile", "county": "Burke" }, "geometry": { "type": "Polygon", "coordinates": [ [ [ -81.501632204182741, 35.624068340702543 ], [ -81.526716122990891, 35.64020258353564 ], [ -81.521835583255168, 35.665689505476998 ], [ -81.491853138469111, 35.675040059789154 ], [ -81.466765134990723, 35.658898904685259 ], [ -81.47166365771173, 35.633414110466077 ], [ -81.501632204182741, 35.624068340702543 ] ] ] } },
{ "type": "Feature", "properties": { "hex_id": 2023, "n_locations": 151, "access_capacity_2023": 0.47477680994810878, "access_capacity_2026": 0.74616359235893803, "capacity_access_change": 0.27138678241082925, "quality_access_2023": 0.43178035959817501, "quality_access_2026": 0.68259257599773571, "quality_access_change": 0.25081221639956064, "mean_providers_2023": 24.410596026490065, "mean_providers_2026": 28.927152317880793, "pct_capacity_improved": 1.0, "pct_quality_improved": 1.0, "pct_persistent_low": 0.0, "persistence": "Not in lowest-access decile", "county": "Burke" }, "geometry": { "type": "Polygon", "coordinates": [ [ [ -81.486958695530859, 35.700524813449164 ], [ -81.512064699180925, 35.716661143734214 ], [ -81.507174348326373, 35.74214586885163 ], [ -81.477159973174778, 35.751492130997491 ], [ -81.452049882343559, 35.735348869101742 ], [ -81.456958250575283, 35.709866279605883 ], [ -81.486958695530859, 35.700524813449164 ] ] ] } },
{ "type": "Feature", "properties": { "hex_id": 2043, "n_locations": 81, "access_capacity_2023": 0.23227423958139104, "access_capacity_2026": 0.3761146531438474, "capacity_access_change": 0.14384041356245639, "quality_access_2023": 0.21924940167916809, "quality_access_2026": 0.35236310406983035, "quality_access_change": 0.13311370239066223, "mean_providers_2023": 11.493827160493826, "mean_providers_2026": 13.691358024691359, "pct_capacity_improved": 1.0, "pct_quality_improved": 1.0, "pct_persistent_low": 0.037037037037037035, "persistence": "Not in lowest-access decile", "county": "Burke" }, "geometry": { "type": "Polygon", "coordinates": [ [ [ -81.466765134990723, 35.658898904685259 ], [ -81.491853138469111, 35.675040059789154 ], [ -81.486958695530859, 35.700524813449164 ], [ -81.456958250575283, 35.709866279605883 ], [ -81.431866172214967, 35.693718202518859 ], [ -81.436778610423488, 35.668235584187087 ], [ -81.466765134990723, 35.658898904685259 ] ] ] } },
{ "type": "Feature", "properties": { "hex_id": 2044, "n_locations": 169, "access_capacity_2023": 0.27504565391267405, "access_capacity_2026": 0.53776600242865957, "capacity_access_change": 0.26272034851598552, "quality_access_2023": 0.26108491618491836, "quality_access_2026": 0.51109765631852511, "quality_access_change": 0.25001274013360669, "mean_providers_2023": 12.378698224852071, "mean_providers_2026": 14.621301775147927, "pct_capacity_improved": 1.0, "pct_quality_improved": 1.0, "pct_persistent_low": 0.0, "persistence": "Not in lowest-access decile", "county": "Burke" }, "geometry": { "type": "Polygon", "coordinates": [ [ [ -81.452049882343559, 35.735348869101742 ], [ -81.477159973174778, 35.751492130997491 ], [ -81.472255687217384, 35.776974703693583 ], [ -81.442223277456478, 35.786311874175048 ], [ -81.417109109271152, 35.770161670928651 ], [ -81.422031424919226, 35.744681241489261 ], [ -81.452049882343559, 35.735348869101742 ] ] ] } },
{ "type": "Feature", "properties": { "hex_id": 2064, "n_locations": 173, "access_capacity_2023": 0.35066223869835339, "access_capacity_2026": 0.58345101571425095, "capacity_access_change": 0.23278877701589756, "quality_access_2023": 0.32349471593145224, "quality_access_2026": 0.5390927488899161, "quality_access_change": 0.2155980329584638, "mean_providers_2023": 16.936416184971097, "mean_providers_2026": 20.011560693641613, "pct_capacity_improved": 1.0, "pct_quality_improved": 1.0, "pct_persistent_low": 0.0, "persistence": "Not in lowest-access decile", "county": "Burke" }, "geometry": { "type": "Polygon", "coordinates": [ [ [ -81.431866172214967, 35.693718202518859 ], [ -81.456958250575283, 35.709866279605883 ], [ -81.452049882343559, 35.735348869101742 ], [ -81.422031424919226, 35.744681241489261 ], [ -81.396935281500603, 35.728526232697646 ], [ -81.401861657284158, 35.703045786154696 ], [ -81.431866172214967, 35.693718202518859 ] ] ] } },
{ "type": "Feature", "properties": { "hex_id": 2085, "n_locations": 104, "access_capacity_2023": 0.2325884454925001, "access_capacity_2026": 0.50362797170757889, "capacity_access_change": 0.27103952621507882, "quality_access_2023": 0.22230532390765209, "quality_access_2026": 0.47890828316583534, "quality_access_change": 0.25660295925818322, "mean_providers_2023": 10.211538461538462, "mean_providers_2026": 12.134615384615385, "pct_capacity_improved": 1.0, "pct_quality_improved": 1.0, "pct_persistent_low": 0.0, "persistence": "Not in lowest-access decile", "county": "Burke" }, "geometry": { "type": "Polygon", "coordinates": [ [ [ -81.396935281500603, 35.728526232697646 ], [ -81.422031424919226, 35.744681241489261 ], [ -81.417109109271152, 35.770161670928651 ], [ -81.387072627082304, 35.779484943914767 ], [ -81.361972428464412, 35.763322993688178 ], [ -81.366912763942366, 35.737844714844847 ], [ -81.396935281500603, 35.728526232697646 ] ] ] } }
]
}
